0,2628,GET,true,66.097
1,1368,GET,true,42.399
2,5948,GET,true,27.32
3,3896,GET,true,20.757
4,16384,GET,true,24.129
5,25640960,GET,true,9598.212
6,1836,GET,true,134.453
7,22609920,GET,true,7116.958
8,5648,GET,true,48.526
9,1388,GET,true,26.0
10,1132,GET,true,19.148
11,2056,GET,true,19.901
12,11120,GET,true,19.44
13,2056,GET,true,17.533
14,2196,GET,true,17.7
15,5420,GET,true,20.258
16,1835008,GET,true,503.036
17,2228224,PUT,false,1803.496
18,19070976,GET,true,6194.591
19,1372,GET,true,58.58
20,2876,GET,true,28.896
21,7984,GET,true,20.876
22,16384,GET,true,24.519
23,4898816,GET,true,1510.209
24,15826944,GET,true,5682.567
25,1292,GET,true,63.164
26,5232,PUT,false,61.464
27,2832,GET,true,23.69
28,2628,GET,true,22.388
29,2632,GET,true,19.517
30,458752,GET,true,169.853
31,688128,PUT,false,452.716
32,5420,GET,true,42.749
33,12156,GET,true,28.02
34,2628,GET,true,20.112
35,1372,GET,true,18.964
36,8585216,PUT,false,4714.855
37,82493440,GET,true,28888.301
38,1292,PUT,false,111.456
39,1744,PUT,false,86.855
40,15716,GET,true,29.746
41,1392640,GET,true,473.612
42,314654720,PUT,false,165805.918
43,1336,GET,true,51.138
44,147456,GET,true,382.836
45,16172,GET,true,65.542
46,23478272,GET,true,7947.229
47,1916928,GET,true,624.015
48,1753088,PUT,false,956.483
49,2628,GET,true,45.309
50,95813632,GET,true,35102.832
51,99876864,GET,true,34194.645
52,6728,GET,true,86.004
53,1776,GET,true,25.991
54,82509824,GET,true,28188.253
55,2628,GET,true,76.298
56,5136,GET,true,27.581
57,74891264,GET,true,25449.066
58,1032,GET,true,75.344
59,16384,GET,true,24.519
60,5420,GET,true,21.754
61,2628,GET,true,15.706
62,25034752,PUT,false,12602.186
63,16384,GET,true,44.394
64,1900,GET,true,51.599
65,6756,GET,true,18.701
66,1492,GET,true,18.109
67,11368,GET,true,33.848
68,16384,GET,true,20.579
69,6012928,GET,true,1921.131
70,18825216,GET,true,6828.986
71,278528,GET,true,140.103
72,6720,GET,true,53.51
73,32768,GET,true,27.619
74,2056,GET,true,18.093
75,2824,GET,true,17.823
76,51576832,GET,true,17208.873
77,74366976,PUT,false,40769.632
78,13910016,GET,true,5229.353
79,2605056,GET,true,961.999
80,4592,GET,true,68.961
81,13484032,GET,true,4655.483
82,6316,GET,true,49.81
83,16068,PUT,false,48.934
84,54394880,GET,true,18456.592
85,61063168,GET,true,21282.057
86,196608,GET,true,117.308
87,1152,GET,true,31.77
88,61030400,GET,true,21153.9
89,373112832,GET,true,121342.999
90,5236,GET,true,72.092
91,7880704,GET,true,2543.745
92,64733184,GET,true,24217.044
93,5062656,GET,true,1944.061
94,66945024,GET,true,23438.8
95,1132,GET,true,72.466
96,1788,GET,true,35.63
97,1388,GET,true,25.082
98,2628,GET,true,24.196
99,16384,GET,true,25.315
100,122093568,PUT,false,66034.249
101,12156,GET,true,61.013
102,983040,GET,true,351.797
103,49152,GET,true,59.148
104,6720,GET,true,30.999
105,1156,GET,true,27.129
106,13972,GET,true,25.089
107,884736,PUT,false,577.103
108,82509824,GET,true,30852.274
109,32768,GET,true,109.204
110,2212,GET,true,34.537
111,61014016,GET,true,20934.609
112,1428,GET,true,85.864
113,81920,GET,true,46.772
114,1372,GET,true,25.51
115,1376,GET,true,28.125
116,589824,GET,true,261.514
117,2628,GET,true,58.753
118,3220,GET,true,40.454
119,2056,GET,true,24.057
120,1372,GET,true,21.469
121,2628,GET,true,21.287
122,7900,GET,true,24.792
123,1900544,GET,true,599.443
124,8260,GET,true,49.45
125,22609920,GET,true,7505.735
126,2748,GET,true,50.759
127,100073472,GET,true,31974.349
128,18530304,GET,true,6244.149
129,2628,GET,true,47.574
130,1080,GET,true,22.052
131,16629760,GET,true,5053.485
132,1156,GET,true,47.594
133,16068,GET,true,26.214
134,8120,GET,true,19.713
135,76365824,GET,true,28308.732
136,34455552,GET,true,13075.728
137,1620,GET,true,71.494
138,5455872,GET,true,1776.922
139,1988,GET,true,45.04
140,2628,GET,true,23.188
141,12284,GET,true,21.014
142,41893888,GET,true,12923.265
143,10348,GET,true,49.716
144,82493440,GET,true,27584.135
145,5232,GET,true,78.956
146,2056,GET,true,26.317
147,82493440,GET,true,27940.891
148,83574784,GET,true,30905.356
149,13058048,GET,true,4135.875
150,10649600,GET,true,3920.923
151,479412224,GET,true,153950.884
152,6716,GET,true,82.638
153,2056,GET,true,28.439
154,17186816,GET,true,6448.253
155,6740,PUT,false,65.507
156,16384,GET,true,31.233
157,1824,GET,true,20.572
158,6728,GET,true,20.495
159,147456,GET,true,81.511
160,2628,GET,true,44.914
161,6792,PUT,false,36.739
162,1376,GET,true,20.961
163,44220416,GET,true,16292.607
164,2608,GET,true,70.181
165,2196,GET,true,22.719
166,1372,GET,true,17.052
167,16384,GET,true,22.593
168,2628,GET,true,17.218
169,180224,GET,true,97.199
170,1376,GET,true,49.412
171,1192,GET,true,21.241
172,82493440,GET,true,28352.874
173,2523136,GET,true,797.617
174,2064384,GET,true,674.616
175,22102016,GET,true,6499.183
176,2608,GET,true,46.63
177,16384,GET,true,24.39
178,84525056,GET,true,28272.349
179,2628,GET,true,65.486
180,6780,GET,true,26.112
181,14188544,GET,true,4029.28
182,2056,GET,true,37.318
183,7476,GET,true,20.854
184,8060928,GET,true,2879.032
185,1368,GET,true,61.341
186,6724,GET,true,25.961
187,2056,PUT,false,34.668
188,67092480,GET,true,24868.862
189,2572288,GET,true,839.352
190,1188,GET,true,50.651
191,2097152,GET,true,819.481
192,15974400,GET,true,5369.608
193,163840,GET,true,110.338
194,16384,GET,true,59.541
195,16384,GET,true,33.13
196,7360,GET,true,18.129
197,16384,GET,true,23.349
198,2628,GET,true,16.747
199,5420,GET,true,18.815
200,7180,GET,true,17.902
201,51200000,GET,true,17277.713
202,4524,GET,true,58.737
203,3248,GET,true,25.481
204,802816,GET,true,283.479
205,2256,GET,true,46.51
206,1308,GET,true,24.749
207,1372,GET,true,21.823
208,1244,GET,true,16.548
209,1132,GET,true,16.372
210,2056,GET,true,21.362
211,2208,GET,true,15.563
212,1244,GET,true,13.535
213,2360,GET,true,26.431
214,6740,PUT,false,46.623
215,7416,GET,true,19.356
216,2056,GET,true,16.792
217,4688,GET,true,18.472
218,2056,GET,true,19.311
219,5136,GET,true,17.026
220,27017216,GET,true,9173.323
221,67092480,GET,true,22254.015
222,6728,GET,true,66.651
223,884736,GET,true,318.133
224,294912,GET,true,156.664
225,278528,GET,true,137.09
226,1804,GET,true,56.037
227,12264,GET,true,35.239
228,18202624,GET,true,6897.703
229,6908,GET,true,60.848
230,2056,GET,true,30.799
231,3376,GET,true,25.302
232,36995072,GET,true,13555.554
233,2506752,GET,true,795.822
234,1835008,GET,true,689.341
235,84459520,GET,true,28570.748
236,2628,GET,true,65.634
237,2000,GET,true,31.882
238,2632,GET,true,29.96
239,10010624,GET,true,3747.07
240,2000,PUT,false,79.496
241,12845056,GET,true,4283.106
242,6460,GET,true,48.727
243,2736,GET,true,27.257
244,12156,GET,true,26.689
245,2364,GET,true,23.886
246,2000,PUT,false,43.004
247,2056,GET,true,25.142
248,2192,GET,true,23.534
249,6736,GET,true,25.67
250,1420,GET,true,22.733
251,2628,GET,true,25.001
252,2628,GET,true,24.186
253,2344,GET,true,23.215
254,32768,GET,true,30.628
255,16384,GET,true,25.426
256,6111232,GET,true,2179.598
257,2604,GET,true,67.11
258,2056,PUT,false,49.415
259,13090816,GET,true,4102.656
260,82509824,GET,true,30558.607
261,6708,GET,true,72.694
262,2040,GET,true,29.079
263,24608768,GET,true,8290.495
264,1820,GET,true,53.766
265,82493440,PUT,false,48063.099
266,2216,GET,true,61.171
267,1800,GET,true,34.37
268,2129920,GET,true,718.589
269,1780,PUT,false,62.265
270,16384,GET,true,29.392
271,33505280,GET,true,10531.225
272,2212,GET,true,61.465
273,19152896,GET,true,5945.403
274,1132,PUT,false,60.249
275,1436,GET,true,23.833
276,16384,GET,true,24.597
277,6708,GET,true,22.825
278,2224,PUT,false,32.51
279,1800,GET,true,22.818
280,1240,GET,true,20.841
281,43171840,GET,true,14313.423
282,1132,GET,true,66.354
283,1508,GET,true,36.112
284,22102016,GET,true,8356.353
285,6536,PUT,false,70.96
286,43171840,GET,true,14715.223
287,4684,GET,true,59.499
288,4576,GET,true,23.715
289,8585216,GET,true,2889.805
290,11010048,GET,true,3988.007
291,1128,GET,true,62.473
292,19070976,PUT,false,10869.92
293,6724,GET,true,50.947
294,2628,GET,true,27.384
295,12284,GET,true,39.102
296,1156,GET,true,19.792
297,1988,GET,true,18.141
298,2996,GET,true,20.531
299,8040,GET,true,18.866
300,4684,GET,true,17.984
301,19070976,GET,true,6599.623
302,1772,GET,true,45.037
303,479461376,GET,true,151626.528
304,5420,GET,true,66.969
305,1980,GET,true,26.119
306,6720,GET,true,18.654
307,1336,GET,true,18.113
308,1236,GET,true,16.733
309,10764288,GET,true,4021.968
310,2097152,GET,true,754.139
311,2252,GET,true,55.206
312,1040,GET,true,30.368
313,2628,GET,true,30.259
314,1980,GET,true,23.024
315,1064960,GET,true,340.828
316,163840,GET,true,91.645
317,42483712,GET,true,14605.068
318,9292,GET,true,65.328
319,2208,GET,true,27.11
320,1460,GET,true,23.37
321,1152,GET,true,20.241
322,2252,GET,true,20.106
323,163840,GET,true,87.977
324,65536,GET,true,54.742
325,9544,GET,true,24.443
326,4752,GET,true,23.206
327,6720,GET,true,20.026
328,3004,GET,true,20.35
329,3020,GET,true,19.577
330,1528,GET,true,21.175
331,819200,GET,true,322.11
332,7120,GET,true,50.644
333,139378688,GET,true,46008.015
334,16384,PUT,false,74.183
335,44056576,GET,true,14678.745
336,1460,GET,true,69.208
337,1500,GET,true,24.49
338,72679424,GET,true,23154.218
339,8248,GET,true,83.719
340,1128,GET,true,26.183
341,12156,GET,true,18.307
342,2056,GET,true,16.551
343,2832,GET,true,21.583
344,1132,PUT,false,33.586
345,82493440,GET,true,27622.353
346,65536,GET,true,82.66
347,2996,GET,true,22.257
348,4524,GET,true,21.367
349,4680,GET,true,19.479
350,1388,GET,true,17.82
351,4708,GET,true,18.048
352,1504,GET,true,16.808
353,30523392,GET,true,10336.594
354,1988,GET,true,57.045
355,79560704,GET,true,29355.97
356,1916928,GET,true,759.654
357,46891008,GET,true,15666.16
358,6748,GET,true,55.918
359,2572288,GET,true,820.669
360,29949952,GET,true,9871.956
361,4688,GET,true,48.289
362,4688,GET,true,24.228
363,2628,GET,true,24.638
364,3244,GET,true,21.099
365,2996,GET,true,21.026
366,1536,GET,true,21.407
367,690372608,GET,true,212394.382
368,32768,GET,true,71.836
369,4164,GET,true,22.425
370,16384,GET,true,21.59
371,1277952,GET,true,430.884
372,1624,GET,true,46.782
373,92979200,GET,true,36153.556
374,1152,GET,true,67.403
375,10576,GET,true,29.614
376,22822912,GET,true,7730.202
377,314081280,GET,true,102093.066
378,2628,GET,true,65.071
379,2628,GET,true,27.949
380,7676,GET,true,20.263
381,3044,GET,true,21.582
382,2628,GET,true,20.117
383,54394880,GET,true,15617.073
384,16384,GET,true,77.445
385,2628,GET,true,28.732
386,11692,GET,true,25.891
387,1932,GET,true,20.207
388,1128,GET,true,21.223
389,1900544,GET,true,741.21
390,1356,GET,true,66.431
391,7676,GET,true,26.923
392,2200,GET,true,20.265
393,82493440,GET,true,30348.599
394,30883840,GET,true,11648.34
395,2056,GET,true,74.29
396,1068,GET,true,27.916
397,82493440,GET,true,28553.449
398,2608,GET,true,85.171
399,1728,GET,true,29.544
400,1348,PUT,false,44.311
401,2628,GET,true,20.31
402,11943936,GET,true,4473.425
403,4128768,GET,true,1231.417
404,1128,GET,true,50.282
405,16384,GET,true,29.042
406,16384,GET,true,23.66
407,1228800,GET,true,353.9
408,2964,GET,true,38.55
409,1900544,GET,true,641.866
410,360448,GET,true,186.588
411,606208,GET,true,265.26
412,1372,GET,true,59.046
413,1356,GET,true,29.296
414,6608,GET,true,22.618
415,7248,GET,true,21.568
416,1228800,GET,true,505.555
417,1256,GET,true,56.312
418,163840,GET,true,89.305
419,2628,GET,true,49.395
420,2600,GET,true,26.001
421,63848448,GET,true,21265.433
422,129925120,GET,true,44438.766
423,1160,GET,true,67.743
424,16384,GET,true,31.371
425,1256,GET,true,20.706
426,12284,GET,true,22.849
427,46891008,GET,true,17898.458
428,83918848,GET,true,26894.011
429,12392,GET,true,97.404
430,950272,GET,true,380.477
431,92979200,GET,true,32246.924
432,2632,GET,true,87.689
433,150093824,GET,true,50405.288
434,4684,GET,true,77.282
435,42336256,GET,true,14332.638
436,52477952,GET,true,19341.986
437,6580,GET,true,84.392
438,12156,GET,true,28.605
439,109051904,GET,true,36275.435
440,16384,GET,true,75.997
441,16384,GET,true,27.835
442,2344,GET,true,19.936
443,10862592,GET,true,3672.027
444,2584,GET,true,46.011
445,1520,GET,true,22.964
446,671744,GET,true,282.298
447,16629760,GET,true,5176.422
448,770048,GET,true,272.806
449,1212416,GET,true,353.636
450,1988,GET,true,32.157
451,35487744,GET,true,12863.273
452,2628,GET,true,61.475
453,4580,GET,true,26.806
454,7536640,GET,true,2549.342
455,2310144,GET,true,691.463
456,3220,GET,true,44.644
457,10196,GET,true,23.09
458,1232,GET,true,19.781
459,3024,GET,true,18.461
460,1064960,GET,true,283.382
461,3940,GET,true,20.839
462,2056,GET,true,19.908
463,12284,GET,true,20.525
464,1316,GET,true,17.409
465,2628,GET,true,18.844
466,16384,GET,true,22.718
467,1148,GET,true,17.45
468,2628,GET,true,17.863
469,96550912,GET,true,31997.661
470,51281920,GET,true,17643.975
471,23887872,GET,true,8917.331
472,278528,GET,true,144.439
473,1916928,GET,true,728.876
474,5455872,GET,true,1956.715
475,1152,GET,true,56.958
476,18513920,GET,true,6409.439
477,2996,GET,true,48.467
478,2628,GET,true,37.104
479,2256,GET,true,22.862
480,2340,GET,true,23.733
481,1368,GET,true,20.46
482,1156,GET,true,20.986
483,1179648,GET,true,447.514
484,1327104,GET,true,503.124
485,2824,GET,true,57.073
486,819200,GET,true,312.556
487,327680,GET,true,139.047
488,7847936,GET,true,2453.359
489,6078464,GET,true,2174.429
490,8060928,GET,true,2648.087
491,983040,GET,true,385.585
492,2812,GET,true,54.021
493,73416704,GET,true,26455.673
494,868352,GET,true,322.492
495,11714560,GET,true,4230.256
496,38699008,PUT,false,21659.786
497,2628,GET,true,47.483
498,163840,GET,true,93.204
499,18874368,GET,true,6400.31
500,1144,PUT,false,74.728
501,5232,GET,true,32.676
502,4500,PUT,false,31.963
503,10747904,GET,true,3844.729
504,4708,GET,true,68.43
505,12156,GET,true,30.397
506,10764288,GET,true,3695.032
507,983040,GET,true,329.658
508,16384,GET,true,45.056
509,4500,GET,true,23.884
510,2604,GET,true,21.833
511,9388032,GET,true,2526.858
512,16384,GET,true,39.392
513,4080,GET,true,21.324
514,196493312,GET,true,72191.036
515,6932,GET,true,75.949
516,11517952,GET,true,3817.808
517,262144,GET,true,129.579
518,819200,GET,true,266.634
519,12284,GET,true,42.014
520,109051904,GET,true,40573.839
521,278528,GET,true,182.251
522,29065216,GET,true,9382.64
523,4260,GET,true,52.29
524,22282240,GET,true,8110.894
525,1996,GET,true,57.141
526,819200,GET,true,344.975
527,2628,GET,true,58.925
528,1156,GET,true,27.037
529,671744,GET,true,240.211
530,3424,GET,true,45.851
531,6455296,GET,true,2322.568
532,2824,GET,true,57.625
533,3063808,GET,true,992.718
534,2632,GET,true,44.35
535,6932,GET,true,25.068
536,3342336,GET,true,1158.311
537,2080768,GET,true,641.884
538,84295680,GET,true,29003.438
539,163840,GET,true,123.246
540,2628,GET,true,69.68
541,2072,GET,true,46.466
542,2056,PUT,false,44.309
543,70533120,GET,true,26332.807
544,16384,GET,true,81.5
545,131072,GET,true,57.624
546,2056,PUT,false,40.526
547,58015744,GET,true,19435.649
548,6111232,GET,true,2068.548
549,1152,GET,true,52.043
550,2552,GET,true,28.009
551,3044,GET,true,20.15
552,4340,GET,true,20.63
553,1179648,GET,true,379.887
554,7084,GET,true,45.098
555,4164,GET,true,33.843
556,163840,GET,true,100.562
557,2628,GET,true,56.696
558,4252,GET,true,27.1
559,22282240,GET,true,7209.862
560,7476,GET,true,43.631
561,4172,GET,true,24.436
562,8264,GET,true,20.876
563,32768,GET,true,24.101
564,191496192,GET,true,63940.239
565,1156,GET,true,81.869
566,6736,GET,true,30.912
567,4704,GET,true,23.639
568,2416,GET,true,19.859
569,1146880,GET,true,395.054
570,40828928,GET,true,13545.662
571,16004,GET,true,53.823
572,21970944,GET,true,8040.928
573,1032,GET,true,64.616
574,11321344,GET,true,3915.153
575,1424,GET,true,50.299
576,4276,GET,true,26.967
577,61046784,GET,true,21031.679
578,16416768,GET,true,5248.633
579,1584,GET,true,53.395
580,111788032,GET,true,41553.122
581,2188,GET,true,86.765
582,9536,GET,true,29.243
583,3044,GET,true,18.909
584,2056,GET,true,19.425
585,1752,GET,true,20.203
586,28868608,GET,true,10859.692
587,1988,GET,true,81.793
588,163840,GET,true,100.712
589,1984,GET,true,54.881
590,1372,GET,true,44.123
591,1132,GET,true,25.662
592,111509504,GET,true,41608.786
593,2012,GET,true,83.433
594,129695744,GET,true,48320.962
595,82509824,PUT,false,48873.022
596,1036,GET,true,53.196
597,58310656,GET,true,20157.574
598,1372,GET,true,76.805
599,3112,GET,true,32.95
600,3376,GET,true,29.692
601,4868,GET,true,25.68
602,33177600,GET,true,12441.564
603,3188,GET,true,75.473
604,110231552,GET,true,39743.237
605,278528,GET,true,162.841
606,15708,GET,true,59.856
607,66994176,GET,true,22782.548
608,5236,GET,true,64.571
609,82493440,GET,true,30565.334
610,7180,GET,true,76.628
611,2608,GET,true,24.363
612,33619968,GET,true,11377.733
613,2056,GET,true,52.774
614,16384,PUT,false,44.751
615,688128,PUT,false,467.055
616,28196864,GET,true,9278.74
617,29360128,GET,true,12317.203
618,3448,GET,true,75.676
619,18481152,GET,true,6838.164
620,2812,GET,true,64.948
621,72679424,GET,true,26856.955
622,45940736,GET,true,15832.577
623,12156,GET,true,62.975
624,7008,GET,true,30.971
625,2056,GET,true,23.299
626,2056,GET,true,22.811
627,1372,GET,true,24.013
628,2056,GET,true,27.175
629,82493440,GET,true,30213.895
630,2628,GET,true,107.043
631,16384,GET,true,28.651
632,2056,GET,true,23.398
633,32768,PUT,false,50.777
634,6740,GET,true,28.571
635,13910016,GET,true,4541.684
636,458752,PUT,false,376.544
637,15056896,GET,true,5427.332
638,67092480,GET,true,23117.401
639,16384,GET,true,70.722
640,33931264,GET,true,12283.542
641,1584,GET,true,67.648
642,32768,GET,true,38.553
643,6792,GET,true,23.856
644,4708,GET,true,23.802
645,6748,GET,true,27.441
646,983040,GET,true,367.65
647,3096576,GET,true,980.948
648,2628,GET,true,29.42
649,7476,GET,true,26.136
650,1572864,GET,true,590.805
651,49496064,GET,true,16818.236
652,8126464,GET,true,3043.689
653,12284,GET,true,62.655
654,65536,GET,true,42.739
655,43499520,GET,true,14752.421
656,1372,GET,true,69.941
657,2056,GET,true,31.009
658,819200,GET,true,294.917
659,7476,GET,true,56.624
660,9544,GET,true,29.558
661,44974080,GET,true,15448.329
662,82493440,GET,true,30750.581
663,6732,GET,true,81.816
664,63291392,GET,true,20196.044
665,124272640,GET,true,42539.114
666,1982464,GET,true,692.238
667,2056,GET,true,51.433
668,4524,GET,true,31.056
669,8184,GET,true,22.325
670,2056,GET,true,21.167
671,4384,PUT,false,43.876
672,2628,GET,true,24.002
673,1244,GET,true,26.207
674,16384,GET,true,25.52
675,1448,GET,true,21.52
676,47579136,GET,true,17952.166
677,819200,GET,true,365.625
678,2056,GET,true,84.874
679,32768,GET,true,39.154
680,1584,GET,true,23.117
681,6736,GET,true,23.879
682,82493440,GET,true,28848.623
683,1372,GET,true,80.442
684,16384,GET,true,35.137
685,2056,GET,true,25.445
686,146898944,GET,true,48707.365
687,12284,GET,true,77.69
688,53510144,GET,true,18013.986
689,2628,GET,true,95.55
690,2360,GET,true,32.162
691,8040,PUT,false,48.727
692,2056,GET,true,26.876
693,2056,GET,true,24.567
694,2056,GET,true,23.251
695,2608,GET,true,22.86
696,1780,GET,true,24.083
697,1452,GET,true,23.782
698,2195456,GET,true,717.569
699,1828,GET,true,44.199
700,2097152,GET,true,677.945
701,18825216,GET,true,6448.593
702,3044,GET,true,46.133
703,2420,GET,true,28.186
704,13467648,GET,true,4117.619
705,49152,GET,true,55.869
706,311296,GET,true,137.244
707,2208,GET,true,49.872
708,23248896,GET,true,7068.079
709,1308,GET,true,44.166
710,1828,GET,true,27.034
711,12156,GET,true,23.575
712,32210944,GET,true,9910.113
713,2608,GET,true,57.021
714,2056,GET,true,28.517
715,1900,GET,true,21.439
716,237371392,GET,true,78795.919
717,2196,GET,true,62.743
718,2056,GET,true,23.937
719,82509824,GET,true,31061.053
720,60063744,GET,true,22706.707
721,2188,GET,true,98.41
722,59719680,GET,true,18651.672
723,1356,GET,true,85.412
724,148471808,GET,true,54709.032
725,82493440,GET,true,28348.642
726,6720,GET,true,76.045
727,10196,GET,true,35.313
728,2056,GET,true,27.589
729,2628,GET,true,19.406
730,3940,GET,true,22.622
731,13500416,GET,true,5197.577
732,12284,GET,true,65.128
733,82509824,GET,true,28169.04
734,12284,GET,true,86.51
735,82493440,GET,true,30560.398
736,146030592,GET,true,49221.053
737,294912,GET,true,192.365
738,1500,GET,true,69.457
739,4684,GET,true,38.698
740,479412224,GET,true,170071.675
741,20725760,GET,true,6818.397
742,4524,GET,true,51.336
743,1980,GET,true,26.741
744,380583936,GET,true,120791.056
745,2628,GET,true,82.07
746,2628,GET,true,26.711
747,1772,GET,true,24.58
748,3220,GET,true,20.027
749,7984,GET,true,20.802
750,2056,GET,true,20.19
751,8272,GET,true,18.337
752,6364,GET,true,19.683
753,65454080,GET,true,24788.754
754,66191360,GET,true,24452.959
755,3220,GET,true,90.18
756,3522560,GET,true,1345.082
757,1356,GET,true,67.544
758,10576,GET,true,33.94
759,4756,GET,true,22.229
760,1336,GET,true,30.284
761,81920,GET,true,40.287
762,6864,GET,true,25.793
763,1292,GET,true,23.769
764,6720,GET,true,23.622
765,2628,GET,true,22.81
766,6724,GET,true,24.794
767,2056,GET,true,22.659
768,360448,GET,true,146.679
769,109051904,GET,true,37580.834
770,7476,GET,true,86.575
771,11714560,GET,true,4281.133
772,74366976,GET,true,27895.381
773,1696,GET,true,85.841
774,1372,GET,true,31.744
775,14388,GET,true,24.588
776,19873792,GET,true,6636.14
777,8224768,GET,true,2566.192
778,16646144,GET,true,5039.936
779,58245120,GET,true,19829.506
780,75988992,GET,true,25630.401
781,16384,GET,true,83.475
782,2560,GET,true,34.437
783,2056,GET,true,25.246
784,6732,GET,true,48.626
785,65536,PUT,false,69.034
786,4489216,GET,true,1530.538
787,6736,GET,true,54.601
788,12740,GET,true,29.448
789,16384,GET,true,27.591
790,12582912,GET,true,4647.457
791,6744,GET,true,60.762
792,1372,GET,true,28.119
793,6756,GET,true,29.091
794,7488,GET,true,23.878
795,19693568,GET,true,7149.486
796,1784,GET,true,61.46
797,1780,GET,true,28.469
798,7700480,GET,true,2589.216
799,2256,GET,true,45.117
800,13500416,GET,true,4360.938
801,1294336,GET,true,399.267
802,5764,GET,true,48.571
803,12284,GET,true,30.759
804,6716,GET,true,24.69
805,82493440,GET,true,26554.386
806,82509824,GET,true,28142.21
807,671744,GET,true,269.875
808,20561920,GET,true,6964.151
809,3864,GET,true,53.677
810,6720,GET,true,32.073
811,1128,GET,true,22.927
812,1392640,GET,true,518.183
813,11157504,GET,true,3498.155
814,19251200,GET,true,6829.925
815,12284,GET,true,55.679
816,1364,GET,true,24.978
817,28770304,PUT,false,16332.819
818,4592,GET,true,47.473
819,2060,GET,true,24.907
820,163840,GET,true,74.171
821,1388,GET,true,31.949
822,2628,GET,true,18.87
823,296321024,GET,true,97213.319
824,17793024,GET,true,5740.166
825,16384,GET,true,49.97
826,2056,GET,true,24.742
827,2056,GET,true,18.576
828,11692,GET,true,22.485
829,2608,GET,true,18.732
830,12820,GET,true,21.164
831,17416192,GET,true,6164.038
832,819200,GET,true,324.062
833,1916928,GET,true,618.618
834,3457024,GET,true,1254.405
835,4524,GET,true,53.602
836,1772,GET,true,31.7
837,16384,GET,true,26.673
838,2056,GET,true,25.155
839,1064960,GET,true,405.712
840,19775488,GET,true,7088.428
841,294912,GET,true,141.092
842,294912,GET,true,163.003
843,6712,GET,true,52.192
844,1368,GET,true,29.863
845,1900544,GET,true,666.611
846,2056,GET,true,53.459
847,2144,GET,true,29.48
848,24625152,GET,true,8543.839
849,9776,GET,true,47.249
850,1156,GET,true,28.613
851,82493440,GET,true,30750.58
852,36962304,GET,true,13970.429
853,5136,GET,true,74.517
854,16384,GET,true,31.443
855,2752,GET,true,23.099
856,5536,GET,true,20.88
857,215007232,GET,true,71856.162
858,5600,GET,true,82.078
859,2628,GET,true,28.981
860,82493440,GET,true,27916.265
861,25640960,GET,true,9607.025
862,12284,GET,true,78.726
863,99598336,GET,true,34342.918
864,4104,GET,true,71.703
865,3396,PUT,false,49.621
866,2628,GET,true,24.758
867,6740,GET,true,23.086
868,16384,GET,true,23.698
869,6732,GET,true,19.276
870,2628,GET,true,20.016
871,7520256,GET,true,2820.512
872,10977280,GET,true,3826.688
873,28770304,PUT,false,14922.913
874,2196,GET,true,48.032
875,5232,GET,true,28.122
876,2628,GET,true,23.034
877,12284,GET,true,24.532
878,786432,GET,true,280.577
879,2628,GET,true,48.359
880,12284,GET,true,25.642
881,2850816,GET,true,821.629
882,262144,GET,true,153.825
883,42319872,GET,true,13977.006
884,3044,GET,true,72.807
885,8863744,GET,true,3306.767
886,3368,GET,true,58.727
887,4080,GET,true,28.098
888,27672576,GET,true,10066.516
889,6724,GET,true,62.81
890,146112512,GET,true,47437.755
891,2632,GET,true,87.647
892,1152,GET,true,28.219
893,148471808,GET,true,55642.124
894,2056,GET,true,84.117
895,7584,GET,true,32.737
896,2628,GET,true,22.696
897,4688,PUT,false,41.706
898,12284,GET,true,23.219
899,16384,GET,true,23.758
900,1232,GET,true,19.909
901,1294336,GET,true,437.073
902,4680,GET,true,46.409
903,1232,GET,true,24.239
904,7180,GET,true,22.269
905,56475648,GET,true,19186.559
906,671744,GET,true,326.308
907,2112,GET,true,71.714
908,1804,GET,true,45.553
909,1032,GET,true,23.686
910,82509824,GET,true,28615.935
911,9191424,GET,true,3011.071
912,26460160,GET,true,8292.703
913,82493440,GET,true,30331.921
914,3440640,GET,true,1161.397
915,2375680,GET,true,763.57
916,16384,GET,true,55.101
917,3407872,GET,true,1280.879
918,14286848,GET,true,4908.65
919,1784,GET,true,49.452
920,1474560,GET,true,581.235
921,82509824,PUT,false,48481.792
922,2473984,GET,true,831.573
923,2965504,GET,true,889.925
924,5008,GET,true,52.83
925,1692,GET,true,39.018
926,2628,GET,true,26.469
927,372080640,GET,true,133857.055
928,16384,GET,true,79.742
929,2056,GET,true,23.584
930,1364,GET,true,16.534
931,26247168,GET,true,8758.142
932,4833280,GET,true,1517.888
933,33210368,GET,true,12157.02
934,6732,GET,true,99.131
935,82509824,GET,true,28571.01
936,10576,GET,true,74.188
937,21692416,GET,true,7420.061
938,12845056,GET,true,3940.065
939,1988,GET,true,44.623
940,82509824,GET,true,30422.866
941,16384,GET,true,90.94
942,2224,GET,true,26.725
943,65536,GET,true,31.656
944,12156,GET,true,22.541
945,2632,GET,true,18.21
946,1156,GET,true,18.288
947,2616,GET,true,20.914
948,1356,GET,true,18.776
949,1736704,GET,true,584.783
950,2000,PUT,false,59.614
951,35094528,GET,true,13261.088
952,524288,GET,true,251.199
953,524288,GET,true,202.697
954,524288,GET,true,233.954
955,4684,GET,true,59.245
956,5700,GET,true,26.157
957,1336,GET,true,25.221
958,42319872,GET,true,14773.781
959,360448,PUT,false,240.741
960,6604,GET,true,50.177
961,1132,PUT,false,37.985
962,8840,GET,true,24.012
963,14991360,GET,true,4974.972
964,32768,GET,true,44.835
965,92979200,GET,true,31572.154
966,16384,GET,true,77.175
967,2628,GET,true,24.403
968,16384,GET,true,22.393
969,3227648,GET,true,1181.835
970,1212416,GET,true,466.163
971,1760,GET,true,49.186
972,100073472,GET,true,34061.977
973,2552,GET,true,62.954
974,2752,GET,true,24.501
975,2252,GET,true,16.727
976,163840,PUT,false,161.233
977,1372,GET,true,46.408
978,2628,GET,true,27.336
979,6596,GET,true,19.725
980,2628,GET,true,17.236
981,2200,GET,true,16.555
982,3432,GET,true,16.181
983,89014272,GET,true,32802.206
984,2000,PUT,false,69.652
985,69222400,GET,true,25951.223
986,1132,GET,true,82.076
987,25346048,GET,true,9622.885
988,65536,GET,true,87.622
989,6536,GET,true,20.291
990,294912,GET,true,141.518
991,1028,GET,true,52.771
992,163840,GET,true,88.087
993,16384,GET,true,51.059
994,2628,GET,true,22.997
995,6736,PUT,false,30.939
996,1872,GET,true,16.763
997,12284,GET,true,18.753
998,4868,GET,true,16.639
999,6471680,GET,true,2342.514
1000,1420,PUT,false,51.002
1001,42450944,GET,true,14667.955
1002,42450944,GET,true,14548.83
1003,81920,GET,true,85.99
1004,16384,GET,true,25.728
1005,1368,GET,true,18.056
1006,1132,GET,true,18.653
1007,2200,GET,true,15.527
1008,12861440,GET,true,4344.898
1009,4756,GET,true,50.996
1010,1624,GET,true,29.358
1011,58621952,GET,true,19856.432
1012,5772,GET,true,84.213
1013,4052,GET,true,30.884
1014,21643264,GET,true,7359.201
1015,2472,GET,true,47.726
1016,1132,GET,true,25.179
1017,7476,GET,true,19.804
1018,5236,GET,true,22.207
1019,4587520,GET,true,1360.65
1020,1524,GET,true,57.174
1021,2310144,GET,true,836.98
1022,66945024,GET,true,20926.388
1023,2628,GET,true,80.288
1024,163840,GET,true,62.278
1025,163840,GET,true,92.901
1026,10576,GET,true,52.554
1027,2608,GET,true,26.902
1028,42319872,GET,true,15974.706
1029,4592,GET,true,82.898
1030,2072,GET,true,30.058
1031,13910016,GET,true,4824.426
1032,5455872,GET,true,1706.669
1033,106987520,GET,true,36376.947
1034,15564800,GET,true,5320.977
1035,3336,GET,true,49.222
1036,1372,GET,true,43.134
1037,2144,GET,true,22.23
1038,16384,GET,true,20.332
1039,180600832,GET,true,57175.328
1040,1277952,GET,true,507.079
1041,49152,GET,true,76.031
1042,2608,GET,true,28.736
1043,2608,GET,true,26.328
1044,9544,GET,true,23.368
1045,1064960,GET,true,369.334
1046,3376,GET,true,43.902
1047,2260,GET,true,23.65
1048,1356,GET,true,18.666
1049,3063808,GET,true,975.242
1050,4580,GET,true,50.987
1051,16384,GET,true,28.97
1052,7416,GET,true,21.949
1053,21954560,GET,true,8298.882
1054,16384,GET,true,66.917
1055,110477312,GET,true,37725.532
1056,2144,GET,true,62.776
1057,21692416,GET,true,8102.647
1058,17743872,GET,true,6147.027
1059,262144,GET,true,141.644
1060,19054592,GET,true,6815.662
1061,4688,PUT,false,72.663
1062,51249152,GET,true,18882.212
1063,9273344,GET,true,3140.144
1064,5232,GET,true,55.053
1065,163840,PUT,false,119.105
1066,8684,GET,true,36.72
1067,7416,PUT,false,33.001
1068,150061056,GET,true,49913.089
1069,1152,GET,true,81.915
1070,33996800,GET,true,12644.412
1071,2044,GET,true,59.232
1072,10747904,GET,true,3854.347
1073,1032192,GET,true,370.557
1074,2080768,GET,true,679.902
1075,7847936,GET,true,2881.925
1076,1996,GET,true,58.032
1077,671744,GET,true,266.371
1078,120307712,GET,true,41461.674
1079,49152,GET,true,85.22
1080,8601600,GET,true,2878.592
1081,16384,GET,true,44.022
1082,8684,GET,true,26.445
1083,6616,GET,true,21.274
1084,6736,PUT,false,37.779
1085,5936,GET,true,20.37
1086,6732,PUT,false,33.11
1087,27721728,GET,true,10154.34
1088,2628,GET,true,57.078
1089,10731520,GET,true,3683.472
1090,1097728,GET,true,392.51
1091,2624,GET,true,52.172
1092,1589248,GET,true,616.423
1093,35733504,GET,true,12963.684
1094,29507584,GET,true,10448.143
1095,1424,GET,true,62.755
1096,1156,GET,true,28.702
1097,16384,GET,true,20.859
1098,2628,GET,true,18.175
1099,753664,GET,true,288.196
1100,111788032,GET,true,41168.003
1101,1508,GET,true,86.778
1102,1508,GET,true,25.96
1103,4684,GET,true,20.756
1104,409600,GET,true,199.223
1105,753664,GET,true,807.963
1106,16384,GET,true,47.157
1107,131072,GET,true,48.088
1108,16384,GET,true,25.075
1109,6732,GET,true,21.53
1110,16384,GET,true,22.368
1111,2004,GET,true,16.84
1112,1500,GET,true,14.811
1113,1468,GET,true,19.71
1114,1132,GET,true,17.513
1115,16384,GET,true,20.264
1116,17743872,GET,true,6665.697
1117,1420,GET,true,54.874
1118,1500,GET,true,26.065
1119,2000,PUT,false,31.155
1120,61063168,GET,true,20923.576
1121,1420,GET,true,67.486
1122,12861440,GET,true,4790.402
1123,12713984,GET,true,4511.407
1124,3864,GET,true,51.808
1125,46891008,PUT,false,26161.163
1126,2628,GET,true,60.666
1127,2608,GET,true,23.578
1128,75448320,GET,true,24167.866
1129,43171840,GET,true,14770.128
1130,1916928,GET,true,598.187
1131,49545216,GET,true,17665.095
1132,4684,PUT,false,73.789
1133,1988,GET,true,25.232
1134,16384,GET,true,21.148
1135,2555904,GET,true,973.302
1136,671744,GET,true,265.819
1137,3044,GET,true,54.169
1138,1132,GET,true,25.733
1139,12808,GET,true,20.823
1140,65536,GET,true,33.65
1141,2628,GET,true,20.951
1142,107118592,GET,true,36803.713
1143,2628,GET,true,68.857
1144,38699008,GET,true,11766.058
1145,16384,GET,true,51.152
1146,2056,GET,true,24.182
1147,2260,GET,true,17.308
1148,12156928,GET,true,4013.222
1149,2820,GET,true,46.975
1150,1376,GET,true,20.851
1151,2628,GET,true,15.098
1152,82493440,GET,true,29772.585
1153,33816576,GET,true,12834.626
1154,2605056,GET,true,891.087
1155,2060,GET,true,47.603
1156,3436,GET,true,23.573
1157,16384,GET,true,21.93
1158,18513920,GET,true,6824.651
1159,1156,GET,true,65.054
1160,1868,GET,true,23.94
1161,239747072,GET,true,87458.441
1162,10289152,GET,true,3447.227
1163,1152,GET,true,46.06
1164,98304,GET,true,38.408
1165,82493440,GET,true,27152.399
1166,54394880,GET,true,20552.833
1167,7496,GET,true,92.033
1168,2056,GET,true,25.571
1169,1804,GET,true,24.845
1170,16384,GET,true,22.292
1171,1368,GET,true,15.338
1172,3012,GET,true,17.998
1173,6455296,GET,true,2173.902
1174,10576,GET,true,47.022
1175,57950208,GET,true,20256.294
1176,82493440,GET,true,24137.619
1177,2628,GET,true,38.977
1178,19070976,GET,true,7081.857
1179,2832,GET,true,60.421
1180,45875200,GET,true,16763.153
1181,671744,PUT,false,349.691
1182,1856,GET,true,23.495
1183,84246528,GET,true,28247.737
1184,6764,GET,true,76.406
1185,1132,GET,true,25.425
1186,20529152,GET,true,7124.655
1187,82493440,GET,true,30142.926
1188,82493440,GET,true,28325.782
1189,5062656,PUT,false,2773.214
1190,12156928,PUT,false,6087.655
1191,67092480,GET,true,24949.48
1192,6732,GET,true,92.554
1193,57425920,GET,true,21649.663
1194,2056,GET,true,93.244
1195,6716,GET,true,27.533
1196,1984,GET,true,18.471
1197,9633792,GET,true,3224.736
1198,3260416,GET,true,965.847
1199,131858432,GET,true,44847.034
1200,7488,GET,true,60.422
1201,13467648,GET,true,4981.267
1202,141983744,GET,true,48269.652
1203,12284,GET,true,81.591
1204,95813632,GET,true,33132.698
1205,6716,GET,true,77.755
1206,65536,PUT,false,72.604
1207,6684672,GET,true,2497.948
1208,12828672,GET,true,4668.383
1209,8568,GET,true,56.261
1210,9192,GET,true,33.111
1211,72679424,GET,true,24915.03
1212,11960320,GET,true,4122.906
1213,7520256,GET,true,2328.725
1214,7241728,PUT,false,3832.685
1215,41992192,GET,true,15693.674
1216,2628,GET,true,56.725
1217,1664,GET,true,28.624
1218,82509824,GET,true,29637.422
1219,2056,GET,true,98.466
1220,1753088,GET,true,562.963
1221,2056,PUT,false,55.57
1222,2012,GET,true,25.836
1223,83935232,GET,true,28903.627
1224,65536,GET,true,101.366
1225,169852928,GET,true,61792.008
1226,12284,GET,true,84.622
1227,2832,GET,true,30.527
1228,148471808,GET,true,50720.997
1229,1784,GET,true,83.879
1230,6740,GET,true,32.332
1231,6324224,GET,true,2346.138
1232,1372,GET,true,64.638
1233,12284,GET,true,31.978
1234,10289152,GET,true,3406.005
1235,16384,GET,true,48.677
1236,2628,GET,true,25.763
1237,16384,GET,true,23.793
1238,2176,GET,true,19.09
1239,6720,GET,true,22.484
1240,2056,GET,true,23.168
1241,294912,GET,true,125.302
1242,12156,GET,true,49.594
1243,13792,GET,true,27.444
1244,7180,GET,true,24.841
1245,2310144,GET,true,702.117
1246,1452,GET,true,48.208
1247,16384,GET,true,29.196
1248,5348,PUT,false,41.274
1249,2097152,GET,true,678.337
1250,2832,GET,true,42.006
1251,12284,GET,true,26.988
1252,2428,GET,true,21.771
1253,23035904,PUT,false,12544.79
1254,1428,GET,true,41.966
1255,12156,GET,true,27.006
1256,6716,GET,true,22.398
1257,3044,GET,true,20.478
1258,1804,GET,true,29.959
1259,10284,PUT,false,34.286
1260,1060,GET,true,20.946
1261,1988,GET,true,19.589
1262,2260,GET,true,19.534
1263,1356,GET,true,21.31
1264,2340,GET,true,19.938
1265,6744,GET,true,21.421
1266,6712,GET,true,21.53
1267,4080,GET,true,20.61
1268,278528,GET,true,124.2
1269,61095936,GET,true,20163.545
1270,84246528,GET,true,27908.041
1271,2628,GET,true,81.761
1272,1732,GET,true,28.257
1273,12284,GET,true,21.31
1274,2556,GET,true,27.106
1275,4576,GET,true,20.182
1276,1448,GET,true,20.103
1277,41893888,GET,true,13389.965
1278,1425408,GET,true,564.819
1279,2200,GET,true,71.771
1280,6740,GET,true,39.746
1281,16384,GET,true,25.886
1282,1032192,GET,true,379.127
1283,1128,GET,true,51.125
1284,2628,GET,true,30.046
1285,7416,GET,true,25.433
1286,4404,GET,true,22.364
1287,10665984,GET,true,4014.977
1288,2628,GET,true,58.318
1289,16384,GET,true,31.698
1290,32899072,GET,true,18158.727
1291,9633792,GET,true,3519.739
1292,1327104,GET,true,511.063
1293,38092800,GET,true,13870.324
1294,1508,PUT,false,69.62
1295,2628,GET,true,30.803
1296,16384,GET,true,26.074
1297,2056,GET,true,28.078
1298,1132,GET,true,21.974
1299,1132,GET,true,21.637
1300,16384,GET,true,28.348
1301,49545216,GET,true,17789.221
1302,1240,GET,true,75.57
1303,16384,GET,true,33.849
1304,1500,GET,true,23.344
1305,1132,GET,true,22.342
1306,16384,GET,true,26.482
1307,163840,GET,true,172.046
1308,1388,GET,true,71.954
1309,3407872,GET,true,1154.003
1310,6724,GET,true,55.946
1311,5608,GET,true,28.963
1312,4964,GET,true,22.709
1313,2744,GET,true,24.471
1314,2056,GET,true,28.485
1315,1420,GET,true,24.551
1316,1508,GET,true,20.931
1317,389038080,GET,true,139393.279
1318,6732,GET,true,114.85
1319,4648,GET,true,22.265
1320,7028,GET,true,20.4
1321,22282240,GET,true,7853.654
1322,7476,GET,true,92.676
1323,2224,GET,true,25.329
1324,25804800,GET,true,8916.068
1325,82493440,GET,true,27861.044
1326,2628,GET,true,76.107
1327,163840,GET,true,88.243
1328,14052,GET,true,53.103
1329,2208,GET,true,27.527
1330,2208,GET,true,19.332
1331,65536,GET,true,36.074
1332,237371392,GET,true,79670.799
1333,13068,GET,true,76.187
1334,4752,GET,true,30.565
1335,1132,GET,true,23.562
1336,2176,GET,true,19.002
1337,7488,GET,true,19.965
1338,12156,GET,true,20.501
1339,3256,GET,true,33.471
1340,82509824,GET,true,30756.02
1341,7984,PUT,false,117.153
1342,3997696,GET,true,1510.157
1343,16384,GET,true,75.214
1344,82493440,GET,true,27800.344
1345,294912,GET,true,164.955
1346,4524,GET,true,65.686
1347,819200,GET,true,342.566
1348,2112,GET,true,72.214
1349,2340,GET,true,28.179
1350,6728,GET,true,24.003
1351,2144,GET,true,19.815
1352,2608,GET,true,19.247
1353,9191424,GET,true,3133.909
1354,2608,GET,true,50.011
1355,2604,GET,true,25.753
1356,9544,GET,true,20.306
1357,6740,GET,true,20.299
1358,1916928,GET,true,744.425
1359,2056,GET,true,59.839
1360,32768,GET,true,31.417
1361,2628,GET,true,21.827
1362,147456,GET,true,85.977
1363,2628,GET,true,45.569
1364,16384,GET,true,27.352
1365,49152,GET,true,27.167
1366,2036,GET,true,154.496
1367,12582912,PUT,false,7438.271
1368,6712,GET,true,81.752
1369,6732,GET,true,34.453
1370,8428,GET,true,24.127
1371,1179648,GET,true,402.818
1372,2628,GET,true,46.742
1373,54394880,GET,true,18715.397
1374,16482304,GET,true,6273.879
1375,10576,GET,true,94.657
1376,4864,GET,true,34.906
1377,13484032,GET,true,4873.414
1378,1132,GET,true,58.414
1379,4600,GET,true,29.544
1380,2256,GET,true,19.398
1381,1372,GET,true,21.207
1382,38699008,GET,true,14066.116
1383,12156,GET,true,56.438
1384,36388864,GET,true,13278.279
1385,7416,GET,true,64.909
1386,12284,GET,true,25.815
1387,2628,GET,true,17.231
1388,1261568,GET,true,485.159
1389,917504,GET,true,368.994
1390,2056,GET,true,58.813
1391,2212,GET,true,24.934
1392,1244,PUT,false,37.903
1393,1784,GET,true,20.92
1394,2596,GET,true,18.206
1395,62373888,GET,true,21107.668
1396,2188,GET,true,82.246
1397,1584,GET,true,28.379
1398,3312,GET,true,19.455
1399,2112,GET,true,16.326
1400,3044,GET,true,16.979
1401,163840,GET,true,80.058
1402,278528,GET,true,162.781
1403,2628,GET,true,68.199
1404,2344,GET,true,25.12
1405,2310144,GET,true,725.754
1406,3396,GET,true,47.067
1407,4296,GET,true,21.21
1408,4684,GET,true,17.456
1409,16384,GET,true,18.895
1410,9544,GET,true,16.141
1411,1368,GET,true,16.1
1412,82493440,GET,true,30772.797
1413,82493440,GET,true,28449.173
1414,6732,GET,true,76.95
1415,2996,GET,true,27.528
1416,7716864,GET,true,2915.621
1417,1164,GET,true,56.589
1418,12763136,GET,true,4373.846
1419,6736,GET,true,50.451
1420,16384,GET,true,29.602
1421,13942784,GET,true,4354.384
1422,5992,GET,true,52.76
1423,61407232,GET,true,22905.801
1424,2080768,GET,true,795.645
1425,2056,PUT,false,72.889
1426,66945024,GET,true,25110.477
1427,70451200,GET,true,26393.413
1428,6708,GET,true,79.925
1429,120242176,GET,true,41200.927
1430,4688,GET,true,85.096
1431,101875712,GET,true,36254.883
1432,1460,GET,true,94.895
1433,4688,GET,true,30.708
1434,13598720,GET,true,4502.253
1435,16384,GET,true,44.411
1436,12484608,GET,true,4555.133
1437,16384,GET,true,78.574
1438,344064,GET,true,143.831
1439,2008,GET,true,46.642
1440,344064,GET,true,132.128
1441,163840,PUT,false,128.945
1442,49545216,GET,true,17004.809
1443,18825216,GET,true,6404.069
1444,6916,GET,true,55.795
1445,72679424,GET,true,28052.821
1446,2628,GET,true,66.753
1447,2608,GET,true,30.064
1448,7164,PUT,false,45.575
1449,2056,GET,true,21.244
1450,7416,GET,true,21.584
1451,54394880,GET,true,20499.804
1452,1920,GET,true,90.936
1453,458752,GET,true,186.65
1454,82493440,GET,true,28466.268
1455,12156,GET,true,62.189
1456,6720,PUT,false,48.021
1457,217694208,GET,true,80186.62
1458,1900544,GET,true,766.447
1459,12582912,PUT,false,7222.53
1460,622592,GET,true,245.73
1461,2628,GET,true,53.952
1462,3252,GET,true,26.317
1463,26443776,GET,true,8263.023
1464,163840,GET,true,108.955
1465,163840,GET,true,86.176
1466,2490368,GET,true,765.389
1467,163840,GET,true,123.286
1468,2100,PUT,false,68.544
1469,1148,GET,true,26.479
1470,2340,GET,true,25.714
1471,9601024,GET,true,3425.529
1472,1896,GET,true,60.004
1473,1212416,GET,true,408.132
1474,81920,GET,true,56.855
1475,32768,GET,true,32.297
1476,83918848,GET,true,38269.206
1477,16384,GET,true,74.879
1478,2812,GET,true,27.684
1479,1900544,GET,true,730.609
1480,11010048,GET,true,3841.776
1481,1784,GET,true,52.538
1482,4064,GET,true,28.221
1483,2628,GET,true,26.273
1484,66945024,GET,true,22833.884
1485,65536,GET,true,72.259
1486,2620,GET,true,26.522
1487,1132,GET,true,21.677
1488,1132,GET,true,23.477
1489,14396,GET,true,21.222
1490,45940736,GET,true,15347.129
1491,18513920,GET,true,7008.538
1492,114688,GET,true,76.619
1493,16384,GET,true,30.363
1494,2572288,GET,true,780.574
1495,4684,GET,true,40.557
1496,7016,GET,true,23.584
1497,16384,GET,true,23.174
1498,9502720,GET,true,3159.627
1499,114688,GET,true,63.617
1500,34291712,GET,true,11469.618
1501,16384,GET,true,50.673
1502,504938496,GET,true,160712.16
1503,1152,GET,true,63.011
1504,2252,GET,true,21.734
1505,2736128,GET,true,752.252
1506,2912,GET,true,43.565
1507,1784,GET,true,26.312
1508,4128,GET,true,25.57
1509,82493440,GET,true,30905.218
1510,1132,GET,true,88.99
1511,82493440,GET,true,30742.522
1512,22528000,PUT,false,13430.949
1513,11862016,GET,true,4293.936
1514,1412,GET,true,70.414
1515,3948,PUT,false,54.215
1516,1372,GET,true,22.761
1517,2056,PUT,false,39.099
1518,2696,GET,true,21.038
1519,20856832,GET,true,7392.901
1520,2056,GET,true,62.264
1521,57753600,GET,true,19658.356
1522,77643776,GET,true,28422.175
1523,16384,GET,true,92.361
1524,1156,GET,true,31.72
1525,82509824,GET,true,28647.555
1526,82493440,GET,true,30518.564
1527,2056,GET,true,81.137
1528,9772,PUT,false,55.185
1529,10988,GET,true,26.745
1530,49152,GET,true,33.135
1531,1364,GET,true,21.83
1532,6932,GET,true,32.77
1533,68599808,GET,true,26061.967
1534,6744,GET,true,83.395
1535,1832,GET,true,26.268
1536,11976704,GET,true,4499.667
1537,54394880,GET,true,18388.998
1538,1982464,GET,true,739.593
1539,13942784,GET,true,4994.454
1540,12928,GET,true,59.898
1541,239747072,GET,true,80644.774
1542,2628,GET,true,74.647
1543,1980,GET,true,25.709
1544,13942784,GET,true,5200.309
1545,2608,GET,true,79.014
1546,196608,GET,true,99.918
1547,5013504,GET,true,1677.98
1548,34504704,GET,true,11797.238
1549,1788,GET,true,52.185
1550,16384,GET,true,30.592
1551,3220,GET,true,21.153
1552,1364,GET,true,22.332
1553,6460,GET,true,26.395
1554,1336,GET,true,20.47
1555,7416,GET,true,21.988
1556,16384,GET,true,24.775
1557,1132,GET,true,20.001
1558,16384,GET,true,26.761
1559,61046784,GET,true,22564.846
1560,2628,GET,true,70.462
1561,1146880,GET,true,377.926
1562,16384,GET,true,53.052
1563,8240,GET,true,24.072
1564,5804,GET,true,26.92
1565,41910272,GET,true,13968.074
1566,33996800,GET,true,11568.872
1567,7372,GET,true,66.24
1568,15433728,GET,true,5746.929
1569,2256,GET,true,70.976
1570,12156,GET,true,52.998
1571,7708,GET,true,20.736
1572,4868,GET,true,19.88
1573,32768,GET,true,26.056
1574,1152,PUT,false,41.218
1575,1851392,GET,true,698.083
1576,18137088,GET,true,6499.431
1577,25640960,GET,true,8680.298
1578,98828288,GET,true,36756.497
1579,802816,GET,true,375.747
1580,1772,GET,true,63.285
1581,9544,GET,true,26.378
1582,50757632,GET,true,18773.89
1583,2340,GET,true,84.16
1584,12200,GET,true,28.249
1585,65536,GET,true,37.494
1586,1236,GET,true,20.855
1587,98304,GET,true,42.95
1588,2686976,GET,true,863.406
1589,1966080,GET,true,648.375
1590,15764,GET,true,46.694
1591,13942784,GET,true,4675.752
1592,2097152,GET,true,670.563
1593,139395072,GET,true,47070.132
1594,458752,GET,true,251.631
1595,458752,GET,true,201.116
1596,98025472,GET,true,33233.465
1597,16384,GET,true,70.794
1598,4812,GET,true,26.536
1599,6464,GET,true,26.453
1600,8421376,GET,true,2843.654
1601,655360,GET,true,218.239
1602,13112,GET,true,44.156
1603,1589248,GET,true,497.888
1604,2310144,GET,true,859.432
1605,1966080,GET,true,642.678
1606,5920,GET,true,47.758
1607,2628,GET,true,31.571
1608,2628,GET,true,27.003
1609,5560,GET,true,23.174
1610,16384,GET,true,25.626
1611,3896,GET,true,22.239
1612,16629760,GET,true,6110.39
1613,3342336,GET,true,1090.047
1614,1044,GET,true,48.079
1615,23756800,GET,true,8092.872
1616,2310144,GET,true,733.569
1617,2044,GET,true,38.878
1618,21037056,GET,true,6379.25
1619,3342336,GET,true,924.368
1620,32768,GET,true,48.231
1621,21528576,GET,true,6576.908
1622,507904,GET,true,164.891
1623,1032192,GET,true,315.518
1624,2056,GET,true,41.74
1625,6160384,GET,true,2209.388
1626,110215168,GET,true,34423.679
1627,983040,GET,true,360.973
1628,13904,GET,true,51.639
1629,6078464,GET,true,1948.412
1630,8159232,GET,true,2954.177
1631,16384,GET,true,67.906
1632,2628,GET,true,25.877
1633,16384,GET,true,25.497
1634,42319872,GET,true,15125.63
1635,2012,GET,true,56.665
1636,1772,GET,true,24.804
1637,868352,GET,true,302.616
1638,671744,GET,true,252.322
1639,63488000,GET,true,20263.865
1640,16384,GET,true,72.523
1641,819200,GET,true,341.65
1642,4352,GET,true,62.17
1643,12284,GET,true,32.599
1644,14221312,GET,true,5330.21
1645,39141376,GET,true,12959.625
1646,6586368,GET,true,2319.666
1647,6111232,GET,true,2097.97
1648,16384,GET,true,53.476
1649,93470720,GET,true,31723.081
1650,1988,GET,true,60.516
1651,29048832,GET,true,9014.829
1652,16384,GET,true,52.506
1653,1584,GET,true,24.105
1654,4688,GET,true,26.818
1655,294912,GET,true,137.359
1656,12284,GET,true,51.919
1657,4684,GET,true,27.194
1658,1368,GET,true,18.575
1659,165380096,GET,true,64939.92
1660,3044,GET,true,62.079
1661,3864,GET,true,28.681
1662,82509824,GET,true,27324.402
1663,7672,GET,true,72.583
1664,2628,GET,true,29.201
1665,2628,GET,true,23.114
1666,7048,GET,true,19.509
1667,1452,GET,true,21.61
1668,327680,GET,true,110.391
1669,16384,GET,true,26.831
1670,1277952,GET,true,496.555
1671,2628,GET,true,61.698
1672,146112512,GET,true,49322.068
1673,2628,GET,true,65.737
1674,153845760,GET,true,49405.735
1675,14968,GET,true,59.607
1676,43302912,GET,true,14801.033
1677,41828352,GET,true,14362.405
1678,3031040,GET,true,983.037
1679,6992,GET,true,58.156
1680,1896,GET,true,23.724
1681,2800,GET,true,20.318
1682,1132,GET,true,16.941
1683,1676,GET,true,17.375
1684,5136,GET,true,18.028
1685,5960,GET,true,19.326
1686,6736,GET,true,17.962
1687,142458880,GET,true,52742.674
1688,1753088,GET,true,513.736
1689,2832,GET,true,36.753
1690,1372,GET,true,18.297
1691,1152,GET,true,15.83
1692,2628,GET,true,16.092
1693,1772,GET,true,15.613
1694,6732,GET,true,17.782
1695,1336,GET,true,21.908
1696,5764,GET,true,16.301
1697,2056,GET,true,15.815
1698,1832,GET,true,15.873
1699,2532,GET,true,16.681
1700,4524,GET,true,15.897
1701,5716,GET,true,17.249
1702,99876864,GET,true,37259.765
1703,16384,GET,true,86.986
1704,32768,GET,true,32.275
1705,2736128,GET,true,881.188
1706,262144,GET,true,114.359
1707,12284,GET,true,41.533
1708,12156,GET,true,24.912
1709,8716288,GET,true,3279.061
1710,19070976,GET,true,6536.21
1711,47185920,GET,true,17563.524
1712,180224,GET,true,138.861
1713,786432,GET,true,281.199
1714,82493440,GET,true,31122.65
1715,111788032,GET,true,42038.793
1716,9772,GET,true,86.366
1717,1388,GET,true,24.306
1718,22364160,PUT,false,12455.269
1719,6724,GET,true,42.159
1720,25788416,GET,true,7836.728
1721,2056,GET,true,47.903
1722,16384,GET,true,26.724
1723,2256,GET,true,20.613
1724,622592,GET,true,218.524
1725,16384,GET,true,45.981
1726,2676,GET,true,24.66
1727,10576,GET,true,22.313
1728,5236,GET,true,20.208
1729,3944,GET,true,31.009
1730,7241728,PUT,false,4337.519
1731,82493440,GET,true,28065.728
1732,41959424,PUT,false,23378.862
1733,18513920,GET,true,6036.584
1734,1804,PUT,false,62.568
1735,3156,GET,true,27.46
1736,4915200,GET,true,1773.555
1737,163840,PUT,false,152.014
1738,36192256,GET,true,11863.806
1739,2608,GET,true,50.879
1740,2404,GET,true,27.132
1741,6732,GET,true,22.191
1742,7929856,GET,true,2912.249
1743,1753088,GET,true,572.174
1744,83935232,GET,true,27824.474
1745,1864,GET,true,63.777
1746,42336256,GET,true,13706.814
1747,12188,GET,true,56.716
1748,6732,GET,true,25.018
1749,82493440,GET,true,30600.179
1750,1196032,GET,true,479.956
1751,2056,GET,true,67.958
1752,23150592,GET,true,7872.629
1753,6720,GET,true,47.012
1754,1824,GET,true,19.664
1755,25346048,GET,true,6926.969
1756,1172,GET,true,46.5
1757,16384,GET,true,25.829
1758,2780,PUT,false,36.064
1759,4784128,GET,true,1446.739
1760,4882432,GET,true,1210.047
1761,2056,GET,true,21.685
1762,3120,GET,true,16.952
1763,154386432,GET,true,51492.267
1764,147456,GET,true,111.957
1765,1132,GET,true,68.335
1766,2628,GET,true,25.204
1767,3555328,GET,true,1167.303
1768,1152,GET,true,46.9
1769,638976,GET,true,226.868
1770,1156,GET,true,42.752
1771,4872,GET,true,22.048
1772,2056,GET,true,19.909
1773,1368,GET,true,17.498
1774,1128,GET,true,18.936
1775,1988,GET,true,19.433
1776,7416,GET,true,18.614
1777,4684,GET,true,17.99
1778,3376,GET,true,18.823
1779,12976128,GET,true,4041.598
1780,147456,GET,true,69.702
1781,16384,GET,true,26.111
1782,819200,GET,true,255.125
1783,82493440,GET,true,27341.271
1784,2608,GET,true,63.907
1785,7180,GET,true,32.827
1786,8040,GET,true,24.636
1787,16384,GET,true,24.114
1788,2424,PUT,false,41.81
1789,100859904,GET,true,34420.901
1790,95813632,GET,true,32685.068
1791,6732,GET,true,71.029
1792,16384,GET,true,24.927
1793,7676,GET,true,21.427
1794,6724,GET,true,16.739
1795,2144,GET,true,18.448
1796,2360,PUT,false,34.621
1797,16384,GET,true,21.73
1798,1064960,GET,true,341.677
1799,100073472,GET,true,37273.778
1800,1132,GET,true,84.536
1801,59572224,GET,true,20346.418
1802,4684,PUT,false,71.82
1803,12877824,GET,true,4333.133
1804,81166336,GET,true,24655.887
1805,12156,GET,true,70.727
1806,2192,GET,true,27.766
1807,2604,GET,true,17.725
1808,6728,GET,true,19.227
1809,2056,GET,true,17.794
1810,1277952,GET,true,417.163
1811,2628,GET,true,41.665
1812,83935232,GET,true,31241.363
1813,82493440,GET,true,28487.682
1814,6712,GET,true,103.021
1815,1756,GET,true,25.151
1816,6716,GET,true,24.445
1817,54394880,GET,true,18037.91
1818,16384,GET,true,65.043
1819,6732,GET,true,27.106
1820,148471808,GET,true,50003.416
1821,2060,GET,true,57.655
1822,129925120,GET,true,43911.516
1823,49152,GET,true,65.668
1824,6708,GET,true,25.907
1825,82509824,GET,true,30777.624
1826,327680,GET,true,172.849
1827,2608,GET,true,58.773
1828,311296,GET,true,132.459
1829,43171840,PUT,false,35016.462
1830,2628,GET,true,63.389
1831,32768,GET,true,30.97
1832,32768,GET,true,26.766
1833,6740,GET,true,31.843
1834,2056,GET,true,19.851
1835,128565248,GET,true,47492.092
1836,1368,PUT,false,69.37
1837,294912,GET,true,113.709
1838,1376,GET,true,39.015
1839,2832,GET,true,19.561
1840,2056,GET,true,18.03
1841,1460,GET,true,18.111
1842,2340,GET,true,15.658
1843,2056,GET,true,16.735
1844,8784,PUT,false,30.942
1845,6728,GET,true,20.972
1846,2056,GET,true,16.401
1847,2056,GET,true,16.41
1848,2604,GET,true,17.206
1849,2584,GET,true,16.32
1850,16384,GET,true,37.876
1851,12156928,GET,true,4708.96
1852,10576,GET,true,76.371
1853,1496,GET,true,32.608
1854,1500,GET,true,17.183
1855,1628,GET,true,17.944
1856,12984,GET,true,18.604
1857,5688,GET,true,18.328
1858,2608,GET,true,15.596
1859,3044,GET,true,15.275
1860,2608,GET,true,15.867
1861,16384,GET,true,19.105
1862,112279552,GET,true,41897.635
1863,131072,GET,true,98.889
1864,10460,GET,true,21.316
1865,82493440,GET,true,27916.549
1866,1156,GET,true,80.546
1867,6792,GET,true,26.199
1868,3129344,GET,true,967.131
1869,1744,GET,true,42.087
1870,2056,GET,true,19.721
1871,82509824,GET,true,27272.643
1872,16384,GET,true,76.785
1873,221036544,GET,true,80765.2
1874,65536,GET,true,75.615
1875,4500,GET,true,23.945
1876,82493440,GET,true,27995.936
1877,11688,GET,true,63.622
1878,285114368,GET,true,93820.982
1879,19152896,GET,true,7054.933
1880,70811648,GET,true,24519.883
1881,3252,GET,true,78.799
1882,82509824,PUT,false,48166.968
1883,109051904,GET,true,35699.83
1884,819200,GET,true,252.967
1885,2228224,GET,true,625.889
1886,1028,GET,true,44.587
1887,294912,GET,true,149.782
1888,16384,GET,true,56.891
1889,3044,GET,true,27.783
1890,237371392,GET,true,87019.882
1891,245760,GET,true,192.031
1892,3324,GET,true,59.064
1893,2732,GET,true,24.265
1894,131072,GET,true,44.489
1895,12284,GET,true,21.618
1896,7872,GET,true,16.914
1897,1372,GET,true,17.49
1898,737280,GET,true,260.513
1899,49152,GET,true,49.699
1900,6932,GET,true,25.382
1901,2384,GET,true,18.133
1902,2608,GET,true,16.96
1903,16384,GET,true,19.124
1904,6732,GET,true,15.935
1905,49152,GET,true,23.389
1906,20676608,GET,true,7857.502
1907,6604,GET,true,58.627
1908,16384,GET,true,27.744
1909,32768,GET,true,24.698
1910,9388032,GET,true,3396.903
1911,16384,GET,true,57.664
1912,120733696,GET,true,44506.18
1913,2340,GET,true,68.087
1914,2832,GET,true,18.494
1915,22102016,GET,true,8145.028
1916,6732,GET,true,83.04
1917,10764288,GET,true,3657.556
1918,2056,GET,true,41.463
1919,17743872,GET,true,6344.563
1920,2628,GET,true,61.59
1921,22364160,PUT,false,12652.404
1922,7143424,GET,true,2624.109
1923,2604,GET,true,58.615
1924,16384,GET,true,30.273
1925,9912320,GET,true,3181.649
1926,1372,GET,true,40.879
1927,11112,GET,true,22.97
1928,1372,GET,true,19.156
1929,409600,GET,true,182.912
1930,4660,GET,true,70.673
1931,12156,GET,true,28.929
1932,2628,GET,true,20.459
1933,2608,GET,true,19.803
1934,2056,GET,true,19.483
1935,82493440,GET,true,26921.653
1936,71237632,GET,true,26734.177
1937,172605440,GET,true,58623.922
1938,802816,GET,true,302.474
1939,1753088,GET,true,539.214
1940,2628,GET,true,31.58
1941,21790720,GET,true,7369.217
1942,2200,GET,true,51.119
1943,120733696,GET,true,44667.141
1944,12204,GET,true,75.488
1945,1064960,GET,true,439.575
1946,65536,GET,true,90.716
1947,23461888,GET,true,7994.334
1948,1388,GET,true,45.052
1949,18530304,GET,true,5447.748
1950,1452,GET,true,44.133
1951,1956,GET,true,23.108
1952,16384,GET,true,24.905
1953,1132,GET,true,19.377
1954,7241728,GET,true,2609.875
1955,12284,GET,true,62.675
1956,1984,GET,true,22.547
1957,32768,GET,true,26.297
1958,1372,GET,true,17.08
1959,16384,GET,true,41.112
1960,2008,GET,true,17.387
1961,49152,GET,true,28.137
1962,1982464,GET,true,732.639
1963,110247936,GET,true,37506.103
1964,1288,GET,true,76.382
1965,84213760,GET,true,31462.969
1966,16384,GET,true,89.146
1967,7760,GET,true,26.834
1968,2024,GET,true,23.698
1969,3044,GET,true,23.508
1970,2628,GET,true,21.07
1971,16384,GET,true,24.198
1972,360448,PUT,false,279.442
1973,2056,GET,true,56.946
1974,83689472,GET,true,30733.563
1975,82493440,GET,true,28962.578
1976,72679424,GET,true,33989.692
1977,2140,PUT,false,93.538
1978,48857088,PUT,false,29041.78
1979,14344,GET,true,76.092
1980,2200,GET,true,35.476
1981,2310144,GET,true,884.398
1982,1760,GET,true,56.395
1983,2080768,GET,true,728.879
1984,392806400,GET,true,130229.717
1985,3342336,GET,true,1262.023
1986,3156,GET,true,49.418
1987,96403456,GET,true,32838.174
1988,3044,GET,true,65.029
1989,2628,GET,true,28.007
1990,6716,GET,true,25.018
1991,46563328,GET,true,17484.301
1992,46563328,GET,true,16896.138
1993,1480,GET,true,83.563
1994,1732,GET,true,30.792
1995,1480,GET,true,23.893
1996,28311552,GET,true,9370.664
1997,8519680,GET,true,2843.08
1998,237371392,GET,true,86652.435
1999,237371392,GET,true,87005.92
2000,1388,GET,true,85.185
2001,1500,GET,true,27.321
2002,41893888,GET,true,14098.773
2003,1240,GET,true,73.744
2004,1240,GET,true,28.804
2005,8040,GET,true,30.367
2006,29851648,GET,true,10332.915
2007,16384,GET,true,56.519
2008,1310720,GET,true,518.345
2009,688128,GET,true,260.484
2010,12820,GET,true,49.999
2011,1136,GET,true,25.256
2012,334020608,GET,true,109760.8
2013,82493440,GET,true,28117.14
2014,2628,GET,true,80.399
2015,586235904,GET,true,205131.695
2016,1152,GET,true,71.051
2017,1428,GET,true,23.421
2018,16384,GET,true,18.435
2019,1132,GET,true,12.22
2020,163840,GET,true,77.456
2021,1068,GET,true,39.535
2022,79560704,GET,true,27140.497
2023,4572,GET,true,64.023
2024,98828288,GET,true,34154.411
2025,6078464,GET,true,2133.52
2026,4576,GET,true,71.096
2027,17809408,GET,true,6625.328
2028,16384,GET,true,59.046
2029,4708,GET,true,29.37
2030,32768,GET,true,29.533
2031,16384,GET,true,22.737
2032,4592,GET,true,25.56
2033,21528576,GET,true,7265.615
2034,622592,GET,true,236.829
2035,1144,GET,true,54.679
2036,12156,GET,true,26.626
2037,1032192,GET,true,368.452
2038,38699008,GET,true,12554.857
2039,21528576,GET,true,7033.988
2040,16384,PUT,false,68.364
2041,2056,GET,true,23.448
2042,23658496,GET,true,6520.152
2043,10092,GET,true,41.55
2044,3248,GET,true,20.48
2045,22102016,GET,true,6752.735
2046,6604,GET,true,49.338
2047,16384,GET,true,26.881
2048,1728,GET,true,20.13
2049,82509824,GET,true,27653.018
2050,131072,PUT,false,119.302
2051,83492864,GET,true,28021.513
2052,16384,GET,true,65.825
2053,692256768,GET,true,239839.925
2054,4358144,PUT,false,2425.984
2055,6432,GET,true,40.3
2056,54542336,GET,true,18426.882
2057,2832,GET,true,86.856
2058,1360,GET,true,43.879
2059,9576,GET,true,21.579
2060,6748,GET,true,22.543
2061,3044,GET,true,21.824
2062,1654784,GET,true,536.497
2063,6111232,GET,true,1996.935
2064,212992,GET,true,103.721
2065,2000,GET,true,46.316
2066,2608,GET,true,27.536
2067,5619712,GET,true,2040.748
2068,8792,GET,true,74.795
2069,655360,GET,true,261.829
2070,17743872,GET,true,6580.453
2071,82509824,GET,true,27582.308
2072,1504,GET,true,68.224
2073,8248,PUT,false,57.531
2074,163840,GET,true,83.24
2075,2208,GET,true,43.892
2076,3144,GET,true,29.846
2077,294912,GET,true,134.221
2078,1784,GET,true,55.208
2079,82509824,GET,true,30424.623
2080,6568,GET,true,85.879
2081,2195456,GET,true,863.584
2082,13942784,GET,true,5330.266
2083,5700,GET,true,60.213
2084,2000,GET,true,33.352
2085,9192,GET,true,26.193
2086,16384,GET,true,24.374
2087,7856,GET,true,23.492
2088,294912,GET,true,117.24
2089,6140,GET,true,41.423
2090,3888,GET,true,22.54
2091,524288,GET,true,189.416
2092,1784,GET,true,43.03
2093,360448,GET,true,200.908
2094,2648,GET,true,53.605
2095,82657280,GET,true,30193.367
2096,5232,GET,true,72.663
2097,2208,GET,true,24.69
2098,2628,GET,true,19.443
2099,9240,GET,true,22.703
2100,1336,GET,true,26.724
2101,65536,GET,true,41.539
2102,2195456,GET,true,721.739
2103,5232,GET,true,46.442
2104,1076,GET,true,21.886
2105,16384,GET,true,22.837
2106,16384,GET,true,22.244
2107,9617408,GET,true,3613.404
2108,4587520,GET,true,1678.436
2109,23887872,GET,true,8203.34
2110,7212,GET,true,46.607
2111,2192,GET,true,23.863
2112,65536,GET,true,32.683
2113,1712,GET,true,16.637
2114,2608,GET,true,22.202
2115,8820,GET,true,17.485
2116,6460,GET,true,18.079
2117,2608,GET,true,22.112
2118,2628,GET,true,17.94
2119,2044,GET,true,17.548
2120,9338880,GET,true,3318.191
2121,2628,GET,true,59.581
2122,409600,GET,true,157.545
2123,409600,GET,true,167.648
2124,507904,GET,true,187.169
2125,458752,GET,true,190.552
2126,2195456,GET,true,710.948
2127,2776,GET,true,38.254
2128,13942784,GET,true,4561.857
2129,129646592,GET,true,43811.783
2130,13920,GET,true,68.179
2131,2628,GET,true,26.592
2132,26443776,GET,true,9010.703
2133,1396,GET,true,53.759
2134,1572,GET,true,26.588
2135,5604,GET,true,22.182
2136,1980,GET,true,21.166
2137,1156,GET,true,21.346
2138,45023232,GET,true,16564.895
2139,131072,GET,true,81.342
2140,3194880,GET,true,1212.632
2141,1372,GET,true,51.216
2142,6984,GET,true,28.712
2143,9532,GET,true,22.985
2144,16384,GET,true,25.485
2145,23330816,GET,true,8714.238
2146,10320,PUT,false,67.107
2147,70434816,GET,true,25841.22
2148,2616,GET,true,67.159
2149,1252,GET,true,26.694
2150,3220,GET,true,20.183
2151,12284,GET,true,23.648
2152,16384,GET,true,29.999
2153,2506752,GET,true,931.589
2154,1364,GET,true,57.61
2155,1304,GET,true,23.924
2156,2628,GET,true,23.318
2157,2040,GET,true,20.963
2158,1152,GET,true,18.571
2159,65536,GET,true,45.909
2160,294912,GET,true,153.602
2161,45940736,GET,true,13898.984
2162,12156,GET,true,62.547
2163,16384,GET,true,32.48
2164,294912,GET,true,137.634
2165,1408,GET,true,58.672
2166,3896,GET,true,23.423
2167,2056,GET,true,17.909
2168,16384,GET,true,22.623
2169,2441216,GET,true,902.635
2170,16384,GET,true,52.555
2171,16384,GET,true,27.919
2172,6536,GET,true,21.114
2173,1500,PUT,false,38.673
2174,1132,GET,true,19.796
2175,82509824,PUT,false,47791.036
2176,4063232,GET,true,1361.626
2177,262144,GET,true,107.78
2178,2252,GET,true,52.109
2179,51298304,GET,true,19131.649
2180,6736,GET,true,77.23
2181,16384,GET,true,29.202
2182,4668,GET,true,26.218
2183,12156,GET,true,29.151
2184,16384,GET,true,24.925
2185,114688,GET,true,49.85
2186,21626880,GET,true,7367.459
2187,314081280,GET,true,103360.096
2188,314621952,GET,true,102696.258
2189,32768,GET,true,81.008
2190,10576,GET,true,41.849
2191,4476,GET,true,24.938
2192,2200,GET,true,20.539
2193,1256,GET,true,21.396
2194,7620,GET,true,43.546
2195,2628,GET,true,22.131
2196,2097152,GET,true,684.699
2197,1988,GET,true,45.312
2198,37224448,GET,true,14009.248
2199,479461376,GET,true,161664.565
2200,3044,GET,true,102.951
2201,1196032,GET,true,386.996
2202,8804,GET,true,48.084
2203,3716,GET,true,30.632
2204,7196,GET,true,25.149
2205,84213760,GET,true,28632.617
2206,2196,GET,true,81.296
2207,6744,GET,true,33.333
2208,2064,GET,true,37.88
2209,22020096,GET,true,8294.686
2210,3407872,GET,true,1162.176
2211,13631488,GET,true,4500.695
2212,1520,GET,true,50.422
2213,2628,GET,true,27.065
2214,2004,GET,true,20.774
2215,447938560,GET,true,128117.95
2216,622592,GET,true,280.755
2217,6500,GET,true,65.302
2218,16384,GET,true,26.777
2219,2300,GET,true,20.918
2220,4668,GET,true,17.179
2221,21037056,GET,true,7079.03
2222,5772,GET,true,54.223
2223,97484800,GET,true,28682.903
2224,1132,GET,true,64.854
2225,7036,GET,true,25.496
2226,1212416,GET,true,484.412
2227,83918848,GET,true,28826.716
2228,2608,GET,true,83.451
2229,2608,GET,true,26.897
2230,9175040,GET,true,3164.941
2231,1523712,GET,true,581.523
2232,278528,GET,true,144.828
2233,2060,GET,true,58.932
2234,1372,GET,true,26.879
2235,16384,GET,true,19.784
2236,147456,GET,true,84.098
2237,2628,GET,true,51.169
2238,82509824,GET,true,27985.232
2239,16728064,GET,true,5823.195
2240,77578240,GET,true,28741.037
2241,19513344,GET,true,5497.413
2242,8984,GET,true,31.639
2243,16384,GET,true,26.392
2244,4272,GET,true,18.179
2245,56475648,GET,true,18708.196
2246,2628,GET,true,68.153
2247,4080,GET,true,23.471
2248,3768320,GET,true,1420.244
2249,205438976,GET,true,75461.795
2250,2212,GET,true,83.507
2251,2056,GET,true,25.288
2252,2628,GET,true,20.021
2253,107118592,GET,true,39832.694
2254,126271488,PUT,false,73552.194
2255,1372,GET,true,72.107
2256,33931264,GET,true,11569.254
2257,53395456,GET,true,19785.5
2258,16629760,GET,true,5618.081
2259,8847360,GET,true,2692.764
2260,4588,GET,true,42.921
2261,8863744,GET,true,2720.789
2262,82493440,GET,true,28139.981
2263,1372,GET,true,78.976
2264,8585216,GET,true,2946.42
2265,74760192,GET,true,27600.351
2266,573440,GET,true,284.113
2267,6720,GET,true,65.473
2268,802816,GET,true,327.426
2269,1896,GET,true,53.017
2270,6724,GET,true,27.812
2271,688128,GET,true,267.265
2272,32768,GET,true,51.026
2273,82493440,GET,true,28609.629
2274,65536,GET,true,93.956
2275,27344896,GET,true,9279.772
2276,1724,PUT,false,58.514
2277,704512,GET,true,247.016
2278,12284,GET,true,46.127
2279,1980,GET,true,22.352
2280,278528,GET,true,101.36
2281,126271488,GET,true,42098.664
2282,1152,GET,true,75.785
2283,10464,PUT,false,45.765
2284,65699840,PUT,false,34222.898
2285,2056,GET,true,48.683
2286,4997120,GET,true,1884.41
2287,2628,GET,true,54.616
2288,2628,GET,true,23.453
2289,269516800,GET,true,97774.979
2290,6728,GET,true,82.636
2291,688128,GET,true,251.44
2292,2176,GET,true,45.546
2293,82509824,GET,true,28115.11
2294,6740,GET,true,75.169
2295,2056,GET,true,20.701
2296,7476,GET,true,20.927
2297,8404992,GET,true,2846.969
2298,294912,GET,true,125.82
2299,16973824,GET,true,5457.934
2300,2208,GET,true,44.371
2301,6736,PUT,false,38.05
2302,2832,GET,true,20.614
2303,2628,GET,true,16.533
2304,32768,GET,true,21.526
2305,2628,GET,true,14.557
2306,3044,GET,true,14.579
2307,7496,PUT,false,27.081
2308,1296,GET,true,17.786
2309,12284,GET,true,17.072
2310,901120,GET,true,297.903
2311,2732,GET,true,38.79
2312,13500416,GET,true,3842.393
2313,1088,GET,true,40.975
2314,2628,GET,true,19.635
2315,6455296,GET,true,2010.925
2316,2640,GET,true,43.049
2317,262144,GET,true,104.407
2318,1228800,GET,true,471.406
2319,110067712,GET,true,36003.129
2320,2628,GET,true,65.579
2321,3044,GET,true,21.154
2322,12284,GET,true,19.367
2323,9776,GET,true,20.958
2324,6708,GET,true,17.1
2325,6728,GET,true,16.724
2326,1132,GET,true,21.727
2327,458752,GET,true,202.855
2328,2056,GET,true,61.097
2329,245760,GET,true,118.594
2330,4080,GET,true,47.451
2331,5956,GET,true,21.436
2332,19070976,PUT,false,11371.67
2333,262144,GET,true,138.423
2334,2628,GET,true,48.998
2335,15351808,GET,true,4976.997
2336,4380,GET,true,35.985
2337,1564,GET,true,20.567
2338,7364,GET,true,21.812
2339,360448,PUT,false,668.09
2340,7180,GET,true,41.677
2341,2404,GET,true,20.159
2342,1356,GET,true,18.1
2343,6584,GET,true,18.443
2344,1372,GET,true,16.236
2345,1028,GET,true,17.339
2346,4724,GET,true,18.03
2347,1132,GET,true,15.438
2348,32768,GET,true,23.307
2349,16629760,GET,true,4959.944
2350,2200,GET,true,41.186
2351,102432768,GET,true,35271.674
2352,6728,GET,true,290.932
2353,1128,GET,true,49.891
2354,5236,GET,true,24.644
2355,2344,GET,true,27.253
2356,2260,GET,true,23.827
2357,15351808,GET,true,5722.571
2358,23183360,GET,true,8076.641
2359,1624,GET,true,77.321
2360,94830592,GET,true,29395.212
2361,3396,GET,true,86.373
2362,5420,GET,true,32.007
2363,1984,GET,true,25.483
2364,53641216,GET,true,18462.676
2365,9544,GET,true,84.201
2366,101859328,PUT,false,57833.518
2367,3571712,GET,true,1260.566
2368,245760,GET,true,134.963
2369,1584,GET,true,65.122
2370,82493440,GET,true,27808.071
2371,1980,GET,true,93.574
2372,16384,GET,true,32.574
2373,6740,GET,true,29.139
2374,4592,GET,true,25.1
2375,12988,GET,true,21.775
2376,819200,GET,true,293.296
2377,2628,GET,true,50.67
2378,1156,GET,true,25.259
2379,1916928,GET,true,592.29
2380,2628,GET,true,41.426
2381,137396224,GET,true,50554.564
2382,1152,GET,true,130.715
2383,2428,GET,true,32.139
2384,1114112,GET,true,455.715
2385,2252,GET,true,89.289
2386,2628,GET,true,25.363
2387,5236,GET,true,25.986
2388,2628,GET,true,19.806
2389,8273920,GET,true,3086.883
2390,3268,GET,true,57.551
2391,6736,GET,true,45.625
2392,3252,GET,true,21.852
2393,123404288,GET,true,45825.343
2394,65699840,PUT,false,39061.803
2395,80691200,GET,true,27483.007
2396,28196864,GET,true,9575.375
2397,2628,GET,true,68.711
2398,6720,GET,true,25.179
2399,1900544,GET,true,613.189
2400,2604,GET,true,52.819
2401,2608,GET,true,27.866
2402,8323072,GET,true,2659.909
2403,1916928,GET,true,609.356
2404,294912,GET,true,164.719
2405,82493440,GET,true,30523.73
2406,36552704,GET,true,12160.447
2407,311296,GET,true,131.436
2408,10576,GET,true,46.91
2409,1476,GET,true,28.685
2410,82493440,GET,true,30690.127
2411,1372,GET,true,74.797
2412,2996,GET,true,24.422
2413,819200,GET,true,269.352
2414,2628,GET,true,42.983
2415,16384,GET,true,22.818
2416,2608,GET,true,16.788
2417,9027584,GET,true,3379.536
2418,2304,GET,true,57.408
2419,2056,GET,true,21.062
2420,76365824,PUT,false,36432.117
2421,2740,GET,true,46.616
2422,7488,GET,true,22.928
2423,2056,GET,true,17.136
2424,5708,GET,true,20.775
2425,7241728,PUT,false,4032.474
2426,458752,PUT,false,297.747
2427,2056,GET,true,47.868
2428,1372,GET,true,26.872
2429,1080,GET,true,16.018
2430,1828,GET,true,19.65
2431,2832,GET,true,17.04
2432,2056,GET,true,15.862
2433,16384,GET,true,19.401
2434,28475392,GET,true,9387.758
2435,8260,GET,true,51.213
2436,3884,GET,true,22.9
2437,2060,GET,true,18.126
2438,1804,GET,true,15.893
2439,8784,GET,true,16.504
2440,229359616,GET,true,83665.667
2441,1368,GET,true,92.045
2442,2097152,GET,true,694.261
2443,1916928,GET,true,592.397
2444,26443776,GET,true,8883.963
2445,19152896,GET,true,5860.575
2446,2344,GET,true,44.684
2447,4592,GET,true,19.873
2448,70549504,GET,true,23332.002
2449,3044,GET,true,76.443
2450,2628,GET,true,29.865
2451,819200,GET,true,273.878
2452,278528,GET,true,175.714
2453,6912,GET,true,57.2
2454,6864896,GET,true,2379.062
2455,655360,GET,true,221.232
2456,6736,GET,true,40.545
2457,5212,GET,true,19.168
2458,12284,GET,true,17.825
2459,1896,GET,true,18.844
2460,1772,GET,true,16.885
2461,109690880,GET,true,39982.904
2462,2056,GET,true,73.86
2463,7900,PUT,false,46.237
2464,2628,GET,true,19.382
2465,2628,GET,true,16.938
2466,237371392,GET,true,78611.6
2467,15777792,GET,true,5138.775
2468,3555328,GET,true,883.998
2469,2056,GET,true,24.649
2470,1900544,GET,true,624.339
2471,3220,GET,true,50.581
2472,6724,GET,true,28.69
2473,294912,GET,true,194.851
2474,62308352,GET,true,21937.132
2475,2310144,GET,true,785.401
2476,327680,GET,true,177.654
2477,2628,GET,true,71.069
2478,1132,GET,true,32.717
2479,2056,GET,true,32.833
2480,12284,GET,true,27.347
2481,6912,GET,true,22.687
2482,6728,GET,true,25.152
2483,8784,GET,true,24.179
2484,2060,GET,true,22.977
2485,1916928,GET,true,749.507
2486,2628,GET,true,54.034
2487,81920,GET,true,38.095
2488,10764288,GET,true,3742.124
2489,6736,GET,true,45.986
2490,128172032,GET,true,43462.911
2491,1316,GET,true,75.176
2492,19070976,PUT,false,11603.223
2493,32768,GET,true,51.482
2494,64471040,GET,true,21789.545
2495,1364,GET,true,66.836
2496,1324,GET,true,22.649
2497,163840,GET,true,89.639
2498,1860,GET,true,44.414
2499,4496,GET,true,19.223
2500,3480,GET,true,17.698
2501,1372,GET,true,15.795
2502,2056,GET,true,22.542
2503,15632,GET,true,19.797
2504,2056,GET,true,17.799
2505,12284,GET,true,18.576
2506,3868,GET,true,16.714
2507,16384,GET,true,19.562
2508,1277952,GET,true,374.007
2509,6724,GET,true,33.517
2510,1988,GET,true,18.68
2511,27869184,GET,true,10502.276
2512,61161472,GET,true,22233.778
2513,16384,GET,true,82.516
2514,1276,GET,true,23.626
2515,2404,GET,true,17.322
2516,245760,GET,true,145.843
2517,3436,GET,true,55.039
2518,49152,GET,true,34.814
2519,1520,GET,true,19.398
2520,6720,GET,true,18.247
2521,67010560,GET,true,25229.453
2522,1420,PUT,false,83.965
2523,2056,GET,true,24.639
2524,148471808,GET,true,55263.911
2525,163233792,GET,true,60745.888
2526,6720,GET,true,79.531
2527,14636,GET,true,27.452
2528,4684,GET,true,20.787
2529,1800,GET,true,16.078
2530,16384,GET,true,22.317
2531,8248,GET,true,17.026
2532,1152,GET,true,15.679
2533,16187392,GET,true,5458.013
2534,2628,GET,true,44.457
2535,2744,PUT,false,40.755
2536,186712064,GET,true,61916.255
2537,6720,GET,true,82.823
2538,2192,GET,true,22.994
2539,1460,GET,true,17.947
2540,2342912,GET,true,803.811
2541,2628,GET,true,49.966
2542,2632,GET,true,23.786
2543,2628,GET,true,23.301
2544,4358144,PUT,false,2142.99
2545,1376,GET,true,38.434
2546,13910016,GET,true,4990.564
2547,82493440,GET,true,30551.79
2548,5232,GET,true,92.342
2549,182272000,GET,true,66479.788
2550,2208,GET,true,68.823
2551,16384,GET,true,28.086
2552,6748,PUT,false,33.993
2553,4680,PUT,false,33.283
2554,18513920,GET,true,7011.886
2555,8437760,GET,true,3028.503
2556,2620,GET,true,53.224
2557,2628,GET,true,25.239
2558,32768,GET,true,29.138
2559,7856,GET,true,20.14
2560,12845056,GET,true,4632.028
2561,835584,GET,true,301.533
2562,7416,GET,true,50.178
2563,12156,GET,true,27.776
2564,2000,GET,true,18.885
2565,1356,GET,true,22.605
2566,25690112,GET,true,8881.775
2567,1132,GET,true,51.642
2568,1916928,GET,true,602.957
2569,2056,GET,true,40.1
2570,409600,GET,true,158.793
2571,84803584,GET,true,31484.678
2572,3833856,GET,true,1283.747
2573,147456,GET,true,88.27
2574,5184,GET,true,48.87
2575,2628,GET,true,22.902
2576,8320,GET,true,21.799
2577,6664,GET,true,20.481
2578,1372,GET,true,19.321
2579,8836,GET,true,18.062
2580,884736,GET,true,312.369
2581,50413568,PUT,false,30062.804
2582,27279360,GET,true,9061.951
2583,2612,GET,true,49.411
2584,29949952,GET,true,10451.65
2585,12284,GET,true,76.303
2586,6824,GET,true,24.523
2587,2113536,GET,true,648.627
2588,2628,GET,true,38.931
2589,7416,GET,true,23.776
2590,2056,GET,true,23.016
2591,6716,GET,true,19.448
2592,2208,GET,true,20.086
2593,5992,PUT,false,41.845
2594,82493440,GET,true,28004.182
2595,2056,GET,true,64.917
2596,1480,GET,true,26.628
2597,2144,GET,true,21.602
2598,868352,GET,true,287.619
2599,2342912,PUT,false,1426.939
2600,16384,GET,true,55.048
2601,4680,GET,true,24.54
2602,2208,GET,true,19.995
2603,1500,GET,true,19.374
2604,1420,GET,true,18.281
2605,5236,GET,true,24.254
2606,1420,GET,true,22.773
2607,1896,GET,true,18.865
2608,163840,GET,true,81.188
2609,1132,GET,true,47.714
2610,2828,GET,true,24.368
2611,1740,GET,true,24.625
2612,2196,GET,true,21.085
2613,9292,GET,true,21.761
2614,4680,GET,true,19.418
2615,589824,GET,true,245.915
2616,1420,GET,true,55.018
2617,2044,PUT,false,41.817
2618,66715648,GET,true,22641.287
2619,1532,GET,true,78.17
2620,1064960,GET,true,431.221
2621,4524,GET,true,58.442
2622,38322176,GET,true,12061.086
2623,2310144,GET,true,805.471
2624,2056,PUT,false,69.502
2625,1982464,GET,true,741.134
2626,128548864,GET,true,41012.403
2627,1368,GET,true,77.112
2628,1368,GET,true,21.982
2629,1364,GET,true,18.535
2630,82509824,PUT,false,45255.513
2631,7168,GET,true,50.701
2632,63488000,GET,true,21930.481
2633,163840,GET,true,124.557
2634,5619712,GET,true,2123.898
2635,1132,PUT,false,56.937
2636,1032192,GET,true,312.02
2637,8060928,GET,true,2891.902
2638,8060928,GET,true,2690.899
2639,14991360,GET,true,4829.65
2640,65536,GET,true,55.92
2641,7847936,GET,true,2759.407
2642,4072,GET,true,63.207
2643,16384,GET,true,33.326
2644,19152896,GET,true,6964.418
2645,262144,GET,true,127.451
2646,4592,GET,true,53.893
2647,2012,GET,true,29.723
2648,1076,GET,true,22.484
2649,16384,GET,true,34.638
2650,5932,GET,true,21.639
2651,1560,GET,true,22.983
2652,1408,GET,true,21.723
2653,1152,GET,true,22.298
2654,671744,GET,true,215.202
2655,41910272,GET,true,14705.916
2656,3044,GET,true,67.506
2657,49807360,GET,true,17014.738
2658,16384,GET,true,63.29
2659,7212,GET,true,30.315
2660,12284,GET,true,23.0
2661,1500,GET,true,21.2
2662,21037056,GET,true,7882.292
2663,294912,GET,true,139.725
2664,163840,GET,true,118.646
2665,76300288,GET,true,25807.94
2666,16384,GET,true,73.766
2667,1327104,GET,true,454.103
2668,6897664,GET,true,2525.318
2669,4940,GET,true,56.254
2670,5488,GET,true,26.241
2671,1916928,GET,true,623.448
2672,6732,GET,true,45.705
2673,9588,GET,true,26.722
2674,475136,GET,true,204.787
2675,4812,GET,true,56.121
2676,3900,GET,true,28.848
2677,2628,GET,true,24.337
2678,12820,GET,true,25.793
2679,589824,GET,true,218.202
2680,6480,GET,true,50.1
2681,9338880,GET,true,3443.684
2682,9142272,GET,true,3080.139
2683,15368192,GET,true,4729.345
2684,244334592,GET,true,73207.29
2685,196608,GET,true,135.989
2686,13840,GET,true,65.282
2687,316375040,GET,true,114564.034
2688,1228800,GET,true,446.586
2689,3412,GET,true,48.864
2690,9128,GET,true,25.414
2691,39337984,GET,true,14509.675
2692,2640,GET,true,80.546
2693,1015808,GET,true,415.76
2694,33783808,GET,true,11745.27
2695,294912,GET,true,133.291
2696,82493440,PUT,false,45491.647
2697,2628,GET,true,53.735
2698,58015744,GET,true,20021.684
2699,1720,GET,true,76.054
2700,57769984,GET,true,19113.964
2701,2628,GET,true,42.903
2702,278528,GET,true,142.783
2703,9584,GET,true,59.959
2704,100810752,GET,true,37616.181
2705,196608,GET,true,147.053
2706,114688,GET,true,68.992
2707,45940736,GET,true,17270.57
2708,21659648,GET,true,8254.222
2709,1584,GET,true,64.015
2710,2620,GET,true,29.243
2711,2048,GET,true,25.854
2712,13296,GET,true,24.279
2713,491520,GET,true,207.186
2714,14988,GET,true,48.558
2715,1192,GET,true,24.755
2716,1064960,GET,true,420.607
2717,2097152,GET,true,727.188
2718,1132,GET,true,48.888
2719,1132,GET,true,26.954
2720,1772,GET,true,21.272
2721,6604,GET,true,19.791
2722,14237696,GET,true,4922.63
2723,25640960,GET,true,8758.741
2724,4259840,GET,true,1860.468
2725,819200,GET,true,348.013
2726,2628,GET,true,57.628
2727,2080768,GET,true,578.321
2728,2628,GET,true,26.99
2729,2628,GET,true,21.027
2730,6932,GET,true,19.11
2731,1712,GET,true,17.977
2732,16973824,GET,true,5058.641
2733,5648,GET,true,21.195
2734,32768,GET,true,25.071
2735,21692416,GET,true,6823.76
2736,6111232,GET,true,2091.793
2737,12156,GET,true,56.481
2738,1788,GET,true,25.752
2739,4756,GET,true,19.035
2740,1156,GET,true,16.563
2741,83935232,GET,true,30939.04
2742,2628,GET,true,70.072
2743,13448,GET,true,24.305
2744,12284,GET,true,18.078
2745,3211264,GET,true,933.21
2746,262144,GET,true,117.026
2747,1425408,GET,true,580.491
2748,8320,GET,true,58.89
2749,46891008,GET,true,17584.395
2750,12820,GET,true,77.336
2751,19152896,GET,true,6456.976
2752,622592,GET,true,276.604
2753,1048576,GET,true,374.475
2754,90095616,GET,true,29565.431
2755,314621952,GET,true,113481.124
2756,84246528,GET,true,32417.456
2757,16384,GET,true,114.68
2758,99467264,GET,true,34223.448
2759,12284,GET,true,89.876
2760,1372,GET,true,30.279
2761,9633792,GET,true,3637.901
2762,4652,GET,true,60.821
2763,16384,GET,true,28.67
2764,2608,GET,true,20.663
