0,2628,GET,false,14.299
1,1368,GET,true,28.548
2,5948,GET,false,27.051
3,3896,GET,true,18.36
4,16384,GET,true,18.932
5,25640960,GET,false,3940.546
6,1836,GET,true,23.814
7,22609920,GET,false,3474.066
8,5648,GET,false,14.895
9,1388,GET,false,11.519
10,1132,GET,true,20.636
11,2056,GET,false,14.593
12,11120,GET,false,15.849
13,2056,GET,false,13.076
14,2196,GET,false,12.766
15,5420,GET,true,16.167
16,1835008,GET,false,288.183
17,2228224,PUT,false,4646.981
18,19070976,GET,true,5311.487
19,1372,GET,true,26.592
20,2876,GET,false,18.879
21,7984,GET,false,14.09
22,16384,GET,false,15.466
23,4898816,GET,false,758.317
24,15826944,GET,true,3727.841
25,1292,GET,true,25.787
26,5232,PUT,false,41.241
27,2832,GET,false,14.153
28,2628,GET,true,19.077
29,2632,GET,false,14.113
30,458752,GET,false,76.978
31,688128,PUT,false,342.868
32,5420,GET,false,31.717
33,12156,GET,false,23.311
34,2628,GET,false,26.321
35,1372,GET,false,21.991
36,8585216,PUT,false,13565.232
37,82493440,GET,true,26967.626
38,1292,PUT,false,81.596
39,1744,PUT,false,56.446
40,15716,GET,true,46.503
41,1392640,GET,false,221.534
42,314654720,PUT,false,217010.021
43,1336,GET,true,66.909
44,147456,GET,false,33.649
45,16172,GET,true,27.79
46,23478272,GET,false,3609.129
47,1916928,GET,false,307.142
48,1753088,PUT,false,662.871
49,2628,GET,true,53.208
50,95813632,GET,true,31293.181
51,99876864,GET,false,15329.836
52,6728,GET,false,17.257
53,1776,GET,true,32.564
54,82509824,GET,true,25468.373
55,2628,GET,false,36.097
56,5136,GET,true,32.428
57,74891264,GET,true,22335.359
58,1032,GET,false,33.551
59,16384,GET,false,17.373
60,5420,GET,true,34.492
61,2628,GET,false,14.634
62,25034752,PUT,false,9734.368
63,16384,GET,false,29.517
64,1900,GET,true,50.381
65,6756,GET,false,20.252
66,1492,GET,true,23.712
67,11368,GET,false,31.025
68,16384,GET,true,21.855
69,6012928,GET,true,1650.415
70,18825216,GET,true,5103.967
71,278528,GET,true,84.17
72,6720,GET,true,19.96
73,32768,GET,true,28.339
74,2056,GET,true,19.141
75,2824,GET,false,15.46
76,51576832,GET,true,13899.627
77,74366976,PUT,false,23793.956
78,13910016,GET,false,2177.752
79,2605056,GET,true,694.85
80,4592,GET,false,23.133
81,13484032,GET,false,2104.484
82,6316,GET,false,16.372
83,16068,PUT,false,41.314
84,54394880,GET,false,8345.374
85,61063168,GET,false,9370.103
86,196608,GET,true,60.109
87,1152,GET,true,19.036
88,61030400,GET,false,9368.568
89,373112832,GET,false,57215.889
90,5236,GET,true,21.769
91,7880704,GET,false,1214.571
92,64733184,GET,true,17915.277
93,5062656,GET,false,790.836
94,66945024,GET,false,10273.849
95,1132,GET,true,28.671
96,1788,GET,false,17.85
97,1388,GET,false,15.525
98,2628,GET,false,15.197
99,16384,GET,false,15.222
100,122093568,PUT,false,33308.414
101,12156,GET,false,23.837
102,983040,GET,true,267.072
103,49152,GET,true,27.17
104,6720,GET,true,28.016
105,1156,GET,false,13.855
106,13972,GET,false,16.843
107,884736,PUT,false,362.706
108,82509824,GET,false,12659.509
109,32768,GET,true,52.823
110,2212,GET,true,23.188
111,61014016,GET,false,9360.222
112,1428,GET,true,26.548
113,81920,GET,false,22.069
114,1372,GET,true,20.659
115,1376,GET,true,17.014
116,589824,GET,false,97.04
117,2628,GET,false,12.314
118,3220,GET,false,14.433
119,2056,GET,false,13.554
120,1372,GET,true,19.787
121,2628,GET,false,13.749
122,7900,GET,true,17.103
123,1900544,GET,false,298.323
124,8260,GET,false,17.298
125,22609920,GET,false,3473.549
126,2748,GET,true,17.778
127,100073472,GET,false,15336.54
128,18530304,GET,false,2845.264
129,2628,GET,true,19.191
130,1080,GET,false,9.944
131,16629760,GET,true,4492.417
132,1156,GET,true,23.338
133,16068,GET,true,20.565
134,8120,GET,false,13.406
135,76365824,GET,false,11709.46
136,34455552,GET,true,8886.159
137,1620,GET,true,37.591
138,5455872,GET,false,845.127
139,1988,GET,false,14.255
140,2628,GET,true,19.513
141,12284,GET,false,12.95
142,41893888,GET,false,6430.656
143,10348,GET,false,15.739
144,82493440,GET,false,12649.227
145,5232,GET,false,14.736
146,2056,GET,false,15.566
147,82493440,GET,true,23022.642
148,83574784,GET,false,12817.578
149,13058048,GET,false,2031.586
150,10649600,GET,false,1649.365
151,479412224,GET,true,151030.191
152,6716,GET,false,38.835
153,2056,GET,true,36.819
154,17186816,GET,true,4753.555
155,6740,PUT,false,47.443
156,16384,GET,false,17.575
157,1824,GET,false,15.582
158,6728,GET,true,20.445
159,147456,GET,true,45.832
160,2628,GET,true,17.113
161,6792,PUT,false,28.495
162,1376,GET,false,25.237
163,44220416,GET,true,11775.472
164,2608,GET,true,38.331
165,2196,GET,true,22.949
166,1372,GET,true,31.667
167,16384,GET,true,33.795
168,2628,GET,true,20.739
169,180224,GET,true,54.554
170,1376,GET,true,17.028
171,1192,GET,true,17.479
172,82493440,GET,false,12655.937
173,2523136,GET,true,639.116
174,2064384,GET,true,483.1
175,22102016,GET,true,5931.552
176,2608,GET,false,22.788
177,16384,GET,true,24.262
178,84525056,GET,false,12964.343
179,2628,GET,true,19.784
180,6780,GET,true,18.89
181,14188544,GET,false,2180.486
182,2056,GET,false,17.632
183,7476,GET,true,19.64
184,8060928,GET,true,1958.116
185,1368,GET,true,22.921
186,6724,GET,true,18.976
187,2056,PUT,false,35.523
188,67092480,GET,false,10304.5
189,2572288,GET,true,602.024
190,1188,GET,true,20.084
191,2097152,GET,true,483.298
192,15974400,GET,true,3862.074
193,163840,GET,false,40.035
194,16384,GET,false,19.498
195,16384,GET,false,15.255
196,7360,GET,false,12.592
197,16384,GET,false,15.305
198,2628,GET,false,15.056
199,5420,GET,false,15.4
200,7180,GET,false,16.858
201,51200000,GET,false,7869.255
202,4524,GET,true,23.16
203,3248,GET,false,16.667
204,802816,GET,false,131.756
205,2256,GET,false,14.256
206,1308,GET,true,21.396
207,1372,GET,false,13.068
208,1244,GET,true,16.703
209,1132,GET,true,15.639
210,2056,GET,false,12.678
211,2208,GET,false,13.889
212,1244,GET,true,12.43
213,2360,GET,true,19.424
214,6740,PUT,false,33.582
215,7416,GET,false,15.509
216,2056,GET,true,15.311
217,4688,GET,false,14.162
218,2056,GET,false,13.112
219,5136,GET,true,18.884
220,27017216,GET,false,4150.19
221,67092480,GET,false,10285.618
222,6728,GET,false,15.881
223,884736,GET,false,142.528
224,294912,GET,false,52.162
225,278528,GET,false,49.645
226,1804,GET,true,17.8
227,12264,GET,false,15.501
228,18202624,GET,true,4458.428
229,6908,GET,true,25.657
230,2056,GET,false,13.527
231,3376,GET,false,14.813
232,36995072,GET,true,9582.306
233,2506752,GET,true,637.818
234,1835008,GET,true,428.176
235,84459520,GET,false,12947.646
236,2628,GET,false,15.135
237,2000,GET,false,12.098
238,2632,GET,false,15.163
239,10010624,GET,true,2577.123
240,2000,PUT,false,37.97
241,12845056,GET,true,3099.371
242,6460,GET,true,22.572
243,2736,GET,true,24.717
244,12156,GET,false,15.828
245,2364,GET,true,19.24
246,2000,PUT,false,31.155
247,2056,GET,true,17.648
248,2192,GET,true,18.826
249,6736,GET,false,18.882
250,1420,GET,false,14.692
251,2628,GET,true,17.211
252,2628,GET,false,14.67
253,2344,GET,true,17.774
254,32768,GET,false,16.652
255,16384,GET,false,14.853
256,6111232,GET,false,945.333
257,2604,GET,true,20.377
258,2056,PUT,false,26.21
259,13090816,GET,true,2996.378
260,82509824,GET,true,22756.435
261,6708,GET,false,33.764
262,2040,GET,false,15.522
263,24608768,GET,true,6849.703
264,1820,GET,false,25.609
265,82493440,PUT,false,24138.944
266,2216,GET,false,26.996
267,1800,GET,false,17.568
268,2129920,GET,false,336.648
269,1780,PUT,false,75.884
270,16384,GET,true,31.181
271,33505280,GET,false,5142.609
272,2212,GET,true,57.245
273,19152896,GET,true,4910.986
274,1132,PUT,false,53.164
275,1436,GET,false,17.164
276,16384,GET,false,18.499
277,6708,GET,false,13.597
278,2224,PUT,false,28.695
279,1800,GET,true,21.311
280,1240,GET,false,13.477
281,43171840,GET,true,11429.407
282,1132,GET,false,32.798
283,1508,GET,false,19.683
284,22102016,GET,true,5877.606
285,6536,PUT,false,51.509
286,43171840,GET,false,6620.737
287,4684,GET,true,25.625
288,4576,GET,false,13.328
289,8585216,GET,false,1323.824
290,11010048,GET,true,2690.87
291,1128,GET,true,27.407
292,19070976,PUT,false,6631.971
293,6724,GET,true,47.014
294,2628,GET,true,22.147
295,12284,GET,true,30.132
296,1156,GET,true,18.1
297,1988,GET,true,20.476
298,2996,GET,true,16.361
299,8040,GET,true,20.188
300,4684,GET,true,19.25
301,19070976,GET,false,2927.787
302,1772,GET,true,22.838
303,479461376,GET,true,138403.758
304,5420,GET,true,45.223
305,1980,GET,false,17.899
306,6720,GET,true,19.137
307,1336,GET,false,17.24
308,1236,GET,false,12.332
309,10764288,GET,false,1658.676
310,2097152,GET,false,331.708
311,2252,GET,true,21.179
312,1040,GET,false,14.991
313,2628,GET,false,13.397
314,1980,GET,false,14.751
315,1064960,GET,true,269.922
316,163840,GET,false,34.348
317,42483712,GET,true,11952.637
318,9292,GET,false,36.66
319,2208,GET,false,21.664
320,1460,GET,true,31.769
321,1152,GET,false,17.054
322,2252,GET,false,14.6
323,163840,GET,true,51.899
324,65536,GET,true,31.236
325,9544,GET,true,20.105
326,4752,GET,true,21.057
327,6720,GET,false,14.181
328,3004,GET,true,20.247
329,3020,GET,false,13.937
330,1528,GET,true,16.513
331,819200,GET,false,132.605
332,7120,GET,true,21.285
333,139378688,GET,false,21363.698
334,16384,PUT,false,37.804
335,44056576,GET,false,6779.479
336,1460,GET,true,17.974
337,1500,GET,true,17.611
338,72679424,GET,true,20493.181
339,8248,GET,false,31.158
340,1128,GET,false,16.077
341,12156,GET,false,16.827
342,2056,GET,true,25.981
343,2832,GET,false,17.182
344,1132,PUT,false,36.569
345,82493440,GET,true,24333.697
346,65536,GET,false,150.326
347,2996,GET,false,31.214
348,4524,GET,false,17.851
349,4680,GET,false,27.204
350,1388,GET,true,69.03
351,4708,GET,true,24.495
352,1504,GET,false,22.815
353,30523392,GET,true,8528.644
354,1988,GET,false,28.137
355,79560704,GET,false,12250.723
356,1916928,GET,true,498.969
357,46891008,GET,true,13187.678
358,6748,GET,false,36.104
359,2572288,GET,false,407.63
360,29949952,GET,false,4606.486
361,4688,GET,true,37.118
362,4688,GET,true,17.382
363,2628,GET,true,23.405
364,3244,GET,false,15.966
365,2996,GET,false,29.737
366,1536,GET,true,19.011
367,690372608,GET,true,647070.879
368,32768,GET,true,71.632
369,4164,GET,true,22.124
370,16384,GET,false,33.931
371,1277952,GET,false,203.839
372,1624,GET,true,21.13
373,92979200,GET,true,28526.019
374,1152,GET,false,77.465
375,10576,GET,true,34.085
376,22822912,GET,true,6359.832
377,314081280,GET,true,90447.781
378,2628,GET,false,31.691
379,2628,GET,true,39.398
380,7676,GET,true,24.089
381,3044,GET,false,16.06
382,2628,GET,true,18.215
383,54394880,GET,false,8346.289
384,16384,GET,false,20.922
385,2628,GET,true,28.418
386,11692,GET,false,15.593
387,1932,GET,false,13.748
388,1128,GET,true,16.619
389,1900544,GET,false,299.766
390,1356,GET,false,13.244
391,7676,GET,true,20.849
392,2200,GET,false,14.586
393,82493440,GET,true,23456.852
394,30883840,GET,true,8663.965
395,2056,GET,true,41.478
396,1068,GET,true,23.322
397,82493440,GET,false,12654.398
398,2608,GET,true,24.17
399,1728,GET,true,23.055
400,1348,PUT,false,104.602
401,2628,GET,true,58.142
402,11943936,GET,false,1843.132
403,4128768,GET,false,639.244
404,1128,GET,false,15.805
405,16384,GET,false,14.257
406,16384,GET,true,20.631
407,1228800,GET,true,307.116
408,2964,GET,true,19.694
409,1900544,GET,false,299.746
410,360448,GET,false,62.803
411,606208,GET,false,99.5
412,1372,GET,false,14.701
413,1356,GET,true,22.907
414,6608,GET,false,16.832
415,7248,GET,false,18.228
416,1228800,GET,false,196.604
417,1256,GET,true,19.541
418,163840,GET,true,47.454
419,2628,GET,false,19.625
420,2600,GET,true,21.51
421,63848448,GET,false,9792.144
422,129925120,GET,true,36928.761
423,1160,GET,true,43.438
424,16384,GET,false,24.729
425,1256,GET,false,15.688
426,12284,GET,false,17.851
427,46891008,GET,true,13846.805
428,83918848,GET,true,23878.04
429,12392,GET,false,40.752
430,950272,GET,false,155.612
431,92979200,GET,true,26572.049
432,2632,GET,false,32.389
433,150093824,GET,false,23004.349
434,4684,GET,true,36.663
435,42336256,GET,true,12178.242
436,52477952,GET,true,15050.797
437,6580,GET,false,29.327
438,12156,GET,true,35.273
439,109051904,GET,true,31582.583
440,16384,GET,false,31.227
441,16384,GET,true,36.361
442,2344,GET,false,18.282
443,10862592,GET,false,1682.921
444,2584,GET,false,19.705
445,1520,GET,false,14.757
446,671744,GET,false,111.26
447,16629760,GET,true,4608.612
448,770048,GET,false,128.001
449,1212416,GET,true,292.54
450,1988,GET,false,17.966
451,35487744,GET,false,5453.33
452,2628,GET,true,35.203
453,4580,GET,true,21.823
454,7536640,GET,true,1776.234
455,2310144,GET,false,363.758
456,3220,GET,false,23.388
457,10196,GET,true,25.057
458,1232,GET,true,18.333
459,3024,GET,false,23.854
460,1064960,GET,false,169.772
461,3940,GET,false,14.65
462,2056,GET,true,20.203
463,12284,GET,false,15.042
464,1316,GET,false,16.324
465,2628,GET,true,27.662
466,16384,GET,false,17.584
467,1148,GET,false,16.699
468,2628,GET,true,27.687
469,96550912,GET,true,26349.079
470,51281920,GET,true,14407.18
471,23887872,GET,true,6522.222
472,278528,GET,false,54.885
473,1916928,GET,false,300.856
474,5455872,GET,true,1328.184
475,1152,GET,true,29.612
476,18513920,GET,false,2846.116
477,2996,GET,false,13.824
478,2628,GET,true,18.567
479,2256,GET,true,19.44
480,2340,GET,false,13.387
481,1368,GET,true,16.765
482,1156,GET,true,18.712
483,1179648,GET,false,189.806
484,1327104,GET,true,312.09
485,2824,GET,true,19.073
486,819200,GET,false,134.649
487,327680,GET,false,58.561
488,7847936,GET,false,1209.481
489,6078464,GET,true,1406.711
490,8060928,GET,false,1243.997
491,983040,GET,true,234.383
492,2812,GET,true,24.379
493,73416704,GET,false,11258.705
494,868352,GET,false,139.898
495,11714560,GET,true,2857.599
496,38699008,PUT,false,31153.341
497,2628,GET,false,26.304
498,163840,GET,true,90.682
499,18874368,GET,false,2919.96
500,1144,PUT,false,63.488
501,5232,GET,false,25.536
502,4500,PUT,false,70.03
503,10747904,GET,true,3505.73
504,4708,GET,false,26.117
505,12156,GET,true,33.371
506,10764288,GET,false,1658.739
507,983040,GET,false,160.567
508,16384,GET,true,35.633
509,4500,GET,false,22.322
510,2604,GET,true,41.116
511,9388032,GET,true,2814.203
512,16384,GET,false,40.556
513,4080,GET,false,20.154
514,196493312,GET,true,60394.247
515,6932,GET,true,46.732
516,11517952,GET,true,3255.16
517,262144,GET,false,52.232
518,819200,GET,true,219.823
519,12284,GET,true,27.338
520,109051904,GET,false,16758.374
521,278528,GET,false,50.221
522,29065216,GET,true,7786.936
523,4260,GET,false,29.376
524,22282240,GET,false,3429.006
525,1996,GET,false,16.688
526,819200,GET,false,134.433
527,2628,GET,false,13.505
528,1156,GET,true,29.129
529,671744,GET,true,182.685
530,3424,GET,true,22.1
531,6455296,GET,true,7300.467
532,2824,GET,true,55.628
533,3063808,GET,false,478.146
534,2632,GET,true,21.876
535,6932,GET,false,16.005
536,3342336,GET,false,518.706
537,2080768,GET,true,603.006
538,84295680,GET,false,12937.485
539,163840,GET,false,33.109
540,2628,GET,false,14.322
541,2072,GET,true,23.947
542,2056,PUT,false,58.868
543,70533120,GET,false,10848.354
544,16384,GET,true,24.955
545,131072,GET,true,40.337
546,2056,PUT,false,47.473
547,58015744,GET,true,15603.893
548,6111232,GET,false,956.217
549,1152,GET,true,33.979
550,2552,GET,true,20.404
551,3044,GET,true,24.938
552,4340,GET,true,24.373
553,1179648,GET,false,189.926
554,7084,GET,true,31.026
555,4164,GET,false,18.854
556,163840,GET,true,51.903
557,2628,GET,true,20.122
558,4252,GET,true,23.435
559,22282240,GET,false,3421.404
560,7476,GET,false,16.307
561,4172,GET,true,21.096
562,8264,GET,false,14.467
563,32768,GET,true,21.956
564,191496192,GET,true,55466.281
565,1156,GET,true,43.672
566,6736,GET,true,22.904
567,4704,GET,true,27.107
568,2416,GET,false,26.252
569,1146880,GET,false,183.958
570,40828928,GET,true,11503.294
571,16004,GET,true,44.264
572,21970944,GET,false,3384.109
573,1032,GET,false,19.486
574,11321344,GET,false,1746.338
575,1424,GET,true,22.749
576,4276,GET,false,16.979
577,61046784,GET,false,9362.213
578,16416768,GET,false,2528.146
579,1584,GET,false,16.006
580,111788032,GET,false,17139.469
581,2188,GET,false,31.123
582,9536,GET,true,28.809
583,3044,GET,true,19.767
584,2056,GET,false,18.885
585,1752,GET,true,18.088
586,28868608,GET,false,4432.168
587,1988,GET,false,13.823
588,163840,GET,true,51.592
589,1984,GET,false,16.351
590,1372,GET,false,11.59
591,1132,GET,false,12.859
592,111509504,GET,true,31882.366
593,2012,GET,true,45.231
594,129695744,GET,false,19890.34
595,82509824,PUT,false,25242.4
596,1036,GET,true,52.717
597,58310656,GET,false,8945.505
598,1372,GET,false,13.779
599,3112,GET,false,16.003
600,3376,GET,false,16.147
601,4868,GET,true,22.353
602,33177600,GET,false,5102.16
603,3188,GET,true,19.929
604,110231552,GET,false,16904.961
605,278528,GET,true,82.212
606,15708,GET,true,23.767
607,66994176,GET,false,10274.112
608,5236,GET,false,12.367
609,82493440,GET,true,23490.5
610,7180,GET,true,47.137
611,2608,GET,false,26.938
612,33619968,GET,true,9430.859
613,2056,GET,true,40.173
614,16384,PUT,false,49.323
615,688128,PUT,false,310.004
616,28196864,GET,false,4333.491
617,29360128,GET,true,7793.463
618,3448,GET,false,26.579
619,18481152,GET,true,4666.29
620,2812,GET,false,19.331
621,72679424,GET,true,19844.274
622,45940736,GET,true,52291.272
623,12156,GET,false,31.806
624,7008,GET,true,35.629
625,2056,GET,false,20.023
626,2056,GET,true,19.043
627,1372,GET,false,15.637
628,2056,GET,false,13.122
629,82493440,GET,true,38187.914
630,2628,GET,false,37.248
631,16384,GET,false,17.82
632,2056,GET,false,17.19
633,32768,PUT,false,74.649
634,6740,GET,false,17.575
635,13910016,GET,false,2138.353
636,458752,PUT,false,219.974
637,15056896,GET,true,4145.853
638,67092480,GET,false,10297.23
639,16384,GET,false,26.407
640,33931264,GET,false,5223.7
641,1584,GET,false,15.805
642,32768,GET,false,19.488
643,6792,GET,true,23.058
644,4708,GET,false,22.457
645,6748,GET,true,22.794
646,983040,GET,false,156.662
647,3096576,GET,false,484.37
648,2628,GET,true,27.044
649,7476,GET,true,31.11
650,1572864,GET,false,249.162
651,49496064,GET,false,7593.167
652,8126464,GET,false,1261.423
653,12284,GET,false,20.068
654,65536,GET,true,29.846
655,43499520,GET,false,6677.691
656,1372,GET,false,11.076
657,2056,GET,false,15.997
658,819200,GET,false,132.228
659,7476,GET,true,14.286
660,9544,GET,false,17.133
661,44974080,GET,true,12112.116
662,82493440,GET,true,23317.535
663,6732,GET,false,26.114
664,63291392,GET,true,17969.885
665,124272640,GET,true,37905.749
666,1982464,GET,false,321.711
667,2056,GET,false,21.611
668,4524,GET,false,23.785
669,8184,GET,true,32.496
670,2056,GET,true,19.52
671,4384,PUT,false,57.29
672,2628,GET,false,13.939
673,1244,GET,false,20.159
674,16384,GET,true,23.212
675,1448,GET,true,19.692
676,47579136,GET,false,7299.089
677,819200,GET,false,135.262
678,2056,GET,false,18.944
679,32768,GET,false,18.787
680,1584,GET,true,26.186
681,6736,GET,true,27.157
682,82493440,GET,true,23510.027
683,1372,GET,false,26.845
684,16384,GET,true,31.493
685,2056,GET,true,18.656
686,146898944,GET,true,46628.887
687,12284,GET,false,28.574
688,53510144,GET,false,8213.638
689,2628,GET,false,17.811
690,2360,GET,true,29.871
691,8040,PUT,false,51.69
692,2056,GET,true,22.18
693,2056,GET,true,17.549
694,2056,GET,true,19.668
695,2608,GET,false,19.608
696,1780,GET,true,16.6
697,1452,GET,false,16.636
698,2195456,GET,false,344.022
699,1828,GET,false,22.957
700,2097152,GET,false,330.087
701,18825216,GET,true,5228.058
702,3044,GET,true,29.046
703,2420,GET,false,18.451
704,13467648,GET,false,2072.112
705,49152,GET,true,27.874
706,311296,GET,true,82.96
707,2208,GET,true,20.885
708,23248896,GET,true,5721.741
709,1308,GET,true,27.344
710,1828,GET,false,21.117
711,12156,GET,false,21.884
712,32210944,GET,false,4943.332
713,2608,GET,false,14.847
714,2056,GET,false,17.832
715,1900,GET,true,19.719
716,237371392,GET,false,36375.924
717,2196,GET,false,20.117
718,2056,GET,true,23.724
719,82509824,GET,true,23172.015
720,60063744,GET,false,9247.875
721,2188,GET,true,40.867
722,59719680,GET,true,16971.721
723,1356,GET,false,30.506
724,148471808,GET,false,22802.001
725,82493440,GET,true,22949.032
726,6720,GET,false,36.217
727,10196,GET,false,18.54
728,2056,GET,true,29.793
729,2628,GET,true,14.649
730,3940,GET,true,17.352
731,13500416,GET,true,3624.45
732,12284,GET,true,25.107
733,82509824,GET,false,12652.364
734,12284,GET,false,13.878
735,82493440,GET,true,22751.733
736,146030592,GET,false,22395.956
737,294912,GET,true,95.671
738,1500,GET,false,13.698
739,4684,GET,false,18.0
740,479412224,GET,true,491281.186
741,20725760,GET,false,3190.322
742,4524,GET,true,37.41
743,1980,GET,false,22.835
744,380583936,GET,false,58313.625
745,2628,GET,false,17.838
746,2628,GET,true,15.835
747,1772,GET,true,20.477
748,3220,GET,false,12.401
749,7984,GET,true,16.874
750,2056,GET,true,20.207
751,8272,GET,true,15.054
752,6364,GET,false,15.255
753,65454080,GET,false,10039.852
754,66191360,GET,false,10150.615
755,3220,GET,true,20.0
756,3522560,GET,true,1093.653
757,1356,GET,false,15.605
758,10576,GET,false,11.786
759,4756,GET,true,19.193
760,1336,GET,true,14.731
761,81920,GET,false,21.044
762,6864,GET,true,16.004
763,1292,GET,false,9.491
764,6720,GET,true,21.298
765,2628,GET,true,12.766
766,6724,GET,false,15.34
767,2056,GET,false,13.538
768,360448,GET,true,91.532
769,109051904,GET,true,66995.284
770,7476,GET,false,32.519
771,11714560,GET,true,3207.402
772,74366976,GET,true,20660.745
773,1696,GET,false,32.169
774,1372,GET,true,44.538
775,14388,GET,true,22.865
776,19873792,GET,true,5525.6
777,8224768,GET,true,1961.83
778,16646144,GET,false,2559.704
779,58245120,GET,false,8934.749
780,75988992,GET,false,11648.8
781,16384,GET,false,16.982
782,2560,GET,false,16.957
783,2056,GET,false,19.901
784,6732,GET,true,39.389
785,65536,PUT,false,76.592
786,4489216,GET,true,1031.065
787,6736,GET,false,21.552
788,12740,GET,true,22.514
789,16384,GET,true,18.653
790,12582912,GET,false,1933.832
791,6744,GET,false,17.094
792,1372,GET,true,19.123
793,6756,GET,true,16.904
794,7488,GET,false,16.834
795,19693568,GET,false,3035.17
796,1784,GET,false,19.308
797,1780,GET,false,15.355
798,7700480,GET,false,1189.628
799,2256,GET,true,19.878
800,13500416,GET,true,3147.949
801,1294336,GET,true,312.211
802,5764,GET,false,21.239
803,12284,GET,true,17.47
804,6716,GET,false,16.377
805,82493440,GET,false,12670.373
806,82509824,GET,false,12649.515
807,671744,GET,false,111.834
808,20561920,GET,false,3156.034
809,3864,GET,false,14.221
810,6720,GET,false,17.561
811,1128,GET,false,14.108
812,1392640,GET,true,409.209
813,11157504,GET,true,3134.799
814,19251200,GET,false,2959.926
815,12284,GET,true,27.352
816,1364,GET,true,19.623
817,28770304,PUT,false,11192.315
818,4592,GET,false,66.982
819,2060,GET,true,56.968
820,163840,GET,false,36.557
821,1388,GET,false,25.924
822,2628,GET,false,17.527
823,296321024,GET,false,45427.226
824,17793024,GET,true,4684.248
825,16384,GET,true,30.462
826,2056,GET,false,14.206
827,2056,GET,false,13.978
828,11692,GET,true,17.568
829,2608,GET,false,10.401
830,12820,GET,true,21.178
831,17416192,GET,true,4097.874
832,819200,GET,false,135.218
833,1916928,GET,false,302.527
834,3457024,GET,false,537.196
835,4524,GET,false,14.182
836,1772,GET,false,18.893
837,16384,GET,false,18.66
838,2056,GET,false,16.563
839,1064960,GET,true,257.506
840,19775488,GET,false,3038.307
841,294912,GET,false,55.599
842,294912,GET,true,77.573
843,6712,GET,true,19.274
844,1368,GET,false,14.837
845,1900544,GET,false,297.025
846,2056,GET,false,17.723
847,2144,GET,false,14.73
848,24625152,GET,false,3784.098
849,9776,GET,true,22.343
850,1156,GET,true,19.922
851,82493440,GET,true,36730.932
852,36962304,GET,true,10632.225
853,5136,GET,true,49.559
854,16384,GET,true,22.856
855,2752,GET,true,22.975
856,5536,GET,false,19.255
857,215007232,GET,true,160138.231
858,5600,GET,false,34.993
859,2628,GET,false,21.429
860,82493440,GET,true,23484.444
861,25640960,GET,true,7170.865
862,12284,GET,true,39.055
863,99598336,GET,true,27892.241
864,4104,GET,false,29.169
865,3396,PUT,false,55.658
866,2628,GET,true,22.873
867,6740,GET,true,19.306
868,16384,GET,false,17.663
869,6732,GET,false,22.699
870,2628,GET,false,12.588
871,7520256,GET,false,1161.382
872,10977280,GET,false,1693.305
873,28770304,PUT,false,8532.526
874,2196,GET,false,30.755
875,5232,GET,true,47.142
876,2628,GET,true,24.311
877,12284,GET,true,19.493
878,786432,GET,false,129.214
879,2628,GET,false,13.6
880,12284,GET,true,21.393
881,2850816,GET,false,446.617
882,262144,GET,false,46.359
883,42319872,GET,true,11561.949
884,3044,GET,true,39.097
885,8863744,GET,false,1371.118
886,3368,GET,false,17.019
887,4080,GET,true,21.521
888,27672576,GET,false,4248.955
889,6724,GET,true,21.952
890,146112512,GET,false,22388.363
891,2632,GET,true,23.01
892,1152,GET,false,12.516
893,148471808,GET,true,42493.277
894,2056,GET,false,27.599
895,7584,GET,true,32.993
896,2628,GET,true,17.995
897,4688,PUT,false,39.338
898,12284,GET,true,23.5
899,16384,GET,false,16.34
900,1232,GET,false,16.78
901,1294336,GET,false,206.101
902,4680,GET,true,18.426
903,1232,GET,true,20.717
904,7180,GET,true,29.578
905,56475648,GET,true,16032.265
906,671744,GET,true,191.419
907,2112,GET,false,18.501
908,1804,GET,false,15.23
909,1032,GET,true,20.967
910,82509824,GET,false,12649.463
911,9191424,GET,true,2538.872
912,26460160,GET,true,7062.33
913,82493440,GET,false,12662.385
914,3440640,GET,false,535.588
915,2375680,GET,false,374.641
916,16384,GET,true,24.081
917,3407872,GET,false,530.962
918,14286848,GET,false,2200.042
919,1784,GET,false,15.655
920,1474560,GET,true,359.032
921,82509824,PUT,false,22053.439
922,2473984,GET,false,387.838
923,2965504,GET,true,780.607
924,5008,GET,false,18.424
925,1692,GET,true,24.725
926,2628,GET,true,18.089
927,372080640,GET,true,337786.858
928,16384,GET,true,60.549
929,2056,GET,true,26.548
930,1364,GET,false,14.627
931,26247168,GET,false,4029.612
932,4833280,GET,true,1277.564
933,33210368,GET,false,5099.717
934,6732,GET,false,16.863
935,82509824,GET,true,23308.425
936,10576,GET,true,43.843
937,21692416,GET,true,6021.395
938,12845056,GET,false,1981.376
939,1988,GET,false,14.516
940,82509824,GET,true,22805.06
941,16384,GET,false,30.938
942,2224,GET,true,34.478
943,65536,GET,true,31.866
944,12156,GET,false,13.488
945,2632,GET,true,17.839
946,1156,GET,true,16.282
947,2616,GET,true,23.206
948,1356,GET,true,20.229
949,1736704,GET,true,438.998
950,2000,PUT,false,35.178
951,35094528,GET,true,9840.545
952,524288,GET,false,96.845
953,524288,GET,true,145.635
954,524288,GET,false,90.119
955,4684,GET,true,20.815
956,5700,GET,false,18.424
957,1336,GET,true,18.652
958,42319872,GET,true,11602.915
959,360448,PUT,false,218.167
960,6604,GET,true,51.506
961,1132,PUT,false,35.307
962,8840,GET,false,22.16
963,14991360,GET,false,2305.282
964,32768,GET,true,28.099
965,92979200,GET,false,14250.456
966,16384,GET,false,16.679
967,2628,GET,false,13.217
968,16384,GET,false,17.733
969,3227648,GET,true,821.177
970,1212416,GET,false,194.969
971,1760,GET,false,15.049
972,100073472,GET,false,15337.849
973,2552,GET,true,23.144
974,2752,GET,true,23.02
975,2252,GET,false,15.355
976,163840,PUT,false,111.135
977,1372,GET,true,59.45
978,2628,GET,false,14.016
979,6596,GET,true,22.16
980,2628,GET,true,26.188
981,2200,GET,true,23.718
982,3432,GET,false,19.088
983,89014272,GET,false,13643.377
984,2000,PUT,false,28.791
985,69222400,GET,true,19370.361
986,1132,GET,true,46.024
987,25346048,GET,true,7045.124
988,65536,GET,true,39.055
989,6536,GET,false,21.125
990,294912,GET,false,58.515
991,1028,GET,false,15.984
992,163840,GET,true,49.966
993,16384,GET,false,14.393
994,2628,GET,false,18.893
995,6736,PUT,false,39.69
996,1872,GET,true,18.743
997,12284,GET,true,23.524
998,4868,GET,false,16.099
999,6471680,GET,false,1006.344
1000,1420,PUT,false,30.427
1001,42450944,GET,true,11288.46
1002,42450944,GET,true,11724.658
1003,81920,GET,false,30.652
1004,16384,GET,true,40.427
1005,1368,GET,false,15.942
1006,1132,GET,true,25.132
1007,2200,GET,true,21.832
1008,12861440,GET,true,3424.822
1009,4756,GET,true,26.978
1010,1624,GET,false,14.581
1011,58621952,GET,false,8994.406
1012,5772,GET,false,17.637
1013,4052,GET,true,26.771
1014,21643264,GET,false,3328.938
1015,2472,GET,true,20.168
1016,1132,GET,true,27.206
1017,7476,GET,true,20.272
1018,5236,GET,false,15.98
1019,4587520,GET,true,1063.177
1020,1524,GET,false,18.552
1021,2310144,GET,false,360.751
1022,66945024,GET,false,10266.111
1023,2628,GET,true,18.375
1024,163840,GET,false,32.177
1025,163840,GET,true,47.202
1026,10576,GET,true,21.533
1027,2608,GET,false,17.951
1028,42319872,GET,true,11297.079
1029,4592,GET,false,33.342
1030,2072,GET,true,33.062
1031,13910016,GET,false,2140.7
1032,5455872,GET,false,850.358
1033,106987520,GET,false,16402.307
1034,15564800,GET,true,4955.661
1035,3336,GET,true,28.581
1036,1372,GET,false,14.302
1037,2144,GET,true,17.437
1038,16384,GET,false,18.677
1039,180600832,GET,true,131529.311
1040,1277952,GET,false,218.963
1041,49152,GET,false,23.429
1042,2608,GET,false,20.656
1043,2608,GET,false,13.938
1044,9544,GET,true,31.273
1045,1064960,GET,true,271.204
1046,3376,GET,false,17.773
1047,2260,GET,false,13.481
1048,1356,GET,false,15.512
1049,3063808,GET,false,479.201
1050,4580,GET,false,16.09
1051,16384,GET,true,21.284
1052,7416,GET,true,21.3
1053,21954560,GET,true,6086.837
1054,16384,GET,true,32.593
1055,110477312,GET,true,30936.779
1056,2144,GET,false,29.15
1057,21692416,GET,true,6046.454
1058,17743872,GET,true,4278.271
1059,262144,GET,false,49.755
1060,19054592,GET,true,4456.726
1061,4688,PUT,false,44.169
1062,51249152,GET,false,7873.4
1063,9273344,GET,true,2160.421
1064,5232,GET,false,20.084
1065,163840,PUT,false,99.674
1066,8684,GET,true,37.993
1067,7416,PUT,false,31.491
1068,150061056,GET,false,31774.31
1069,1152,GET,false,20.812
1070,33996800,GET,false,5219.026
1071,2044,GET,false,16.703
1072,10747904,GET,true,2906.627
1073,1032192,GET,true,250.691
1074,2080768,GET,true,486.339
1075,7847936,GET,true,1784.239
1076,1996,GET,true,20.853
1077,671744,GET,true,167.288
1078,120307712,GET,false,18436.298
1079,49152,GET,true,28.432
1080,8601600,GET,true,1962.327
1081,16384,GET,false,21.288
1082,8684,GET,true,18.166
1083,6616,GET,true,20.686
1084,6736,PUT,false,33.943
1085,5936,GET,false,17.454
1086,6732,PUT,false,26.288
1087,27721728,GET,false,4267.706
1088,2628,GET,false,19.828
1089,10731520,GET,true,2452.801
1090,1097728,GET,false,175.81
1091,2624,GET,false,15.367
1092,1589248,GET,true,372.68
1093,35733504,GET,true,9563.088
1094,29507584,GET,false,4533.182
1095,1424,GET,false,18.968
1096,1156,GET,false,17.33
1097,16384,GET,false,23.546
1098,2628,GET,true,24.699
1099,753664,GET,true,195.231
1100,111788032,GET,true,31620.414
1101,1508,GET,false,31.673
1102,1508,GET,true,30.869
1103,4684,GET,true,23.098
1104,409600,GET,false,71.015
1105,753664,GET,true,196.606
1106,16384,GET,true,25.931
1107,131072,GET,true,41.184
1108,16384,GET,true,24.403
1109,6732,GET,true,23.353
1110,16384,GET,false,13.886
1111,2004,GET,true,20.171
1112,1500,GET,false,17.813
1113,1468,GET,true,19.011
1114,1132,GET,true,17.501
1115,16384,GET,true,15.176
1116,17743872,GET,true,4903.089
1117,1420,GET,false,19.951
1118,1500,GET,false,19.128
1119,2000,PUT,false,38.902
1120,61063168,GET,false,9363.965
1121,1420,GET,true,21.649
1122,12861440,GET,true,3017.05
1123,12713984,GET,false,1959.077
1124,3864,GET,true,20.805
1125,46891008,PUT,false,17498.746
1126,2628,GET,false,30.452
1127,2608,GET,false,20.574
1128,75448320,GET,false,11571.483
1129,43171840,GET,false,6634.643
1130,1916928,GET,true,521.477
1131,49545216,GET,false,7613.469
1132,4684,PUT,false,50.905
1133,1988,GET,false,30.491
1134,16384,GET,false,27.875
1135,2555904,GET,false,404.208
1136,671744,GET,true,233.21
1137,3044,GET,false,19.078
1138,1132,GET,true,30.327
1139,12808,GET,false,25.699
1140,65536,GET,true,43.127
1141,2628,GET,false,19.309
1142,107118592,GET,true,34508.145
1143,2628,GET,false,45.601
1144,38699008,GET,false,5943.337
1145,16384,GET,false,19.371
1146,2056,GET,false,18.23
1147,2260,GET,true,31.032
1148,12156928,GET,true,3647.444
1149,2820,GET,false,21.642
1150,1376,GET,false,19.822
1151,2628,GET,true,23.214
1152,82493440,GET,true,24581.921
1153,33816576,GET,false,5198.158
1154,2605056,GET,true,713.408
1155,2060,GET,true,24.473
1156,3436,GET,true,22.227
1157,16384,GET,false,17.856
1158,18513920,GET,false,2844.425
1159,1156,GET,false,21.775
1160,1868,GET,true,24.685
1161,239747072,GET,true,72464.731
1162,10289152,GET,false,1599.182
1163,1152,GET,true,31.099
1164,98304,GET,true,35.874
1165,82493440,GET,false,12668.29
1166,54394880,GET,true,15434.842
1167,7496,GET,false,27.793
1168,2056,GET,true,33.203
1169,1804,GET,true,21.407
1170,16384,GET,false,16.359
1171,1368,GET,true,19.81
1172,3012,GET,false,15.371
1173,6455296,GET,false,1001.372
1174,10576,GET,false,15.414
1175,57950208,GET,false,8900.595
1176,82493440,GET,true,23544.066
1177,2628,GET,false,31.232
1178,19070976,GET,true,5305.101
1179,2832,GET,false,24.284
1180,45875200,GET,false,7058.614
1181,671744,PUT,false,357.485
1182,1856,GET,false,46.395
1183,84246528,GET,true,23578.912
1184,6764,GET,true,51.914
1185,1132,GET,false,22.228
1186,20529152,GET,true,5703.109
1187,82493440,GET,false,12652.505
1188,82493440,GET,true,22823.356
1189,5062656,PUT,false,2090.943
1190,12156928,PUT,false,4567.977
1191,67092480,GET,true,18532.981
1192,6732,GET,true,46.498
1193,57425920,GET,false,8811.495
1194,2056,GET,true,23.373
1195,6716,GET,true,22.436
1196,1984,GET,false,12.784
1197,9633792,GET,true,2630.072
1198,3260416,GET,false,508.856
1199,131858432,GET,true,37646.556
1200,7488,GET,false,36.166
1201,13467648,GET,true,3709.687
1202,141983744,GET,true,43381.061
1203,12284,GET,false,34.257
1204,95813632,GET,true,27349.606
1205,6716,GET,true,43.184
1206,65536,PUT,false,56.258
1207,6684672,GET,false,1042.987
1208,12828672,GET,true,3511.23
1209,8568,GET,true,25.795
1210,9192,GET,false,18.454
1211,72679424,GET,true,20124.434
1212,11960320,GET,true,3284.611
1213,7520256,GET,false,1168.106
1214,7241728,PUT,false,1779.068
1215,41992192,GET,true,11350.537
1216,2628,GET,true,37.527
1217,1664,GET,false,23.755
1218,82509824,GET,true,23275.708
1219,2056,GET,false,34.076
1220,1753088,GET,false,278.913
1221,2056,PUT,false,50.262
1222,2012,GET,false,24.784
1223,83935232,GET,true,23966.378
1224,65536,GET,false,31.403
1225,169852928,GET,false,26036.288
1226,12284,GET,false,15.957
1227,2832,GET,false,17.899
1228,148471808,GET,true,42844.402
1229,1784,GET,false,28.047
1230,6740,GET,true,34.872
1231,6324224,GET,false,979.741
1232,1372,GET,true,20.096
1233,12284,GET,true,19.551
1234,10289152,GET,false,1594.223
1235,16384,GET,true,21.106
1236,2628,GET,false,13.488
1237,16384,GET,true,18.865
1238,2176,GET,false,14.211
1239,6720,GET,false,16.416
1240,2056,GET,true,17.633
1241,294912,GET,true,85.333
1242,12156,GET,true,23.434
1243,13792,GET,true,20.355
1244,7180,GET,true,18.426
1245,2310144,GET,false,361.049
1246,1452,GET,false,14.124
1247,16384,GET,true,22.267
1248,5348,PUT,false,32.892
1249,2097152,GET,true,527.754
1250,2832,GET,false,18.116
1251,12284,GET,true,19.722
1252,2428,GET,false,17.149
1253,23035904,PUT,false,6046.609
1254,1428,GET,true,24.621
1255,12156,GET,false,15.945
1256,6716,GET,false,15.799
1257,3044,GET,false,11.947
1258,1804,GET,true,22.457
1259,10284,PUT,false,29.866
1260,1060,GET,true,18.191
1261,1988,GET,false,13.848
1262,2260,GET,false,14.633
1263,1356,GET,false,11.764
1264,2340,GET,false,13.223
1265,6744,GET,false,17.103
1266,6712,GET,true,17.03
1267,4080,GET,true,25.187
1268,278528,GET,true,79.175
1269,61095936,GET,false,9372.833
1270,84246528,GET,false,12934.409
1271,2628,GET,false,13.528
1272,1732,GET,true,26.896
1273,12284,GET,false,13.479
1274,2556,GET,false,13.441
1275,4576,GET,true,16.184
1276,1448,GET,true,20.284
1277,41893888,GET,false,6442.526
1278,1425408,GET,false,227.007
1279,2200,GET,true,26.089
1280,6740,GET,true,21.992
1281,16384,GET,true,18.572
1282,1032192,GET,false,165.253
1283,1128,GET,false,14.615
1284,2628,GET,true,15.471
1285,7416,GET,true,22.076
1286,4404,GET,false,14.304
1287,10665984,GET,true,2856.707
1288,2628,GET,false,20.153
1289,16384,GET,false,17.251
1290,32899072,GET,false,5066.771
1291,9633792,GET,true,2277.35
1292,1327104,GET,true,321.95
1293,38092800,GET,false,5859.401
1294,1508,PUT,false,35.136
1295,2628,GET,true,18.551
1296,16384,GET,true,21.92
1297,2056,GET,false,14.883
1298,1132,GET,true,20.278
1299,1132,GET,true,17.029
1300,16384,GET,true,19.206
1301,49545216,GET,false,7629.561
1302,1240,GET,false,14.282
1303,16384,GET,false,16.542
1304,1500,GET,true,18.747
1305,1132,GET,true,23.069
1306,16384,GET,false,17.844
1307,163840,GET,false,32.162
1308,1388,GET,true,17.546
1309,3407872,GET,true,795.365
1310,6724,GET,true,21.58
1311,5608,GET,false,14.872
1312,4964,GET,true,17.618
1313,2744,GET,true,18.284
1314,2056,GET,true,18.401
1315,1420,GET,true,14.485
1316,1508,GET,false,15.806
1317,389038080,GET,true,210936.365
1318,6732,GET,true,46.799
1319,4648,GET,true,29.283
1320,7028,GET,false,18.334
1321,22282240,GET,true,6210.615
1322,7476,GET,false,22.567
1323,2224,GET,true,25.359
1324,25804800,GET,false,3961.1
1325,82493440,GET,true,32227.706
1326,2628,GET,false,28.671
1327,163840,GET,true,65.692
1328,14052,GET,false,17.536
1329,2208,GET,true,23.528
1330,2208,GET,true,14.308
1331,65536,GET,true,30.238
1332,237371392,GET,true,68768.475
1333,13068,GET,true,54.807
1334,4752,GET,false,18.248
1335,1132,GET,false,13.579
1336,2176,GET,false,15.664
1337,7488,GET,false,18.191
1338,12156,GET,true,18.843
1339,3256,GET,true,22.521
1340,82509824,GET,true,23481.948
1341,7984,PUT,false,57.442
1342,3997696,GET,false,622.995
1343,16384,GET,true,25.32
1344,82493440,GET,true,23541.13
1345,294912,GET,false,60.817
1346,4524,GET,false,16.706
1347,819200,GET,true,222.051
1348,2112,GET,false,14.18
1349,2340,GET,true,26.738
1350,6728,GET,false,16.725
1351,2144,GET,true,18.784
1352,2608,GET,false,13.453
1353,9191424,GET,false,1440.64
1354,2608,GET,true,21.167
1355,2604,GET,false,12.944
1356,9544,GET,true,36.161
1357,6740,GET,true,20.233
1358,1916928,GET,false,302.392
1359,2056,GET,false,24.584
1360,32768,GET,false,18.895
1361,2628,GET,true,16.293
1362,147456,GET,false,30.785
1363,2628,GET,true,16.653
1364,16384,GET,false,15.374
1365,49152,GET,true,26.995
1366,2036,GET,true,16.805
1367,12582912,PUT,false,4044.074
1368,6712,GET,true,164.691
1369,6732,GET,true,30.144
1370,8428,GET,true,19.598
1371,1179648,GET,true,296.67
1372,2628,GET,false,36.322
1373,54394880,GET,true,15380.31
1374,16482304,GET,true,4554.621
1375,10576,GET,true,89.513
1376,4864,GET,true,24.591
1377,13484032,GET,false,2102.257
1378,1132,GET,true,26.726
1379,4600,GET,false,22.722
1380,2256,GET,true,20.756
1381,1372,GET,true,15.976
1382,38699008,GET,true,10184.606
1383,12156,GET,true,40.248
1384,36388864,GET,false,5600.268
1385,7416,GET,true,23.759
1386,12284,GET,false,14.726
1387,2628,GET,false,13.939
1388,1261568,GET,false,201.184
1389,917504,GET,true,233.966
1390,2056,GET,true,19.308
1391,2212,GET,false,14.9
1392,1244,PUT,false,37.51
1393,1784,GET,true,19.325
1394,2596,GET,false,15.93
1395,62373888,GET,true,17366.626
1396,2188,GET,false,27.604
1397,1584,GET,false,16.019
1398,3312,GET,true,28.34
1399,2112,GET,true,22.557
1400,3044,GET,true,16.766
1401,163840,GET,false,33.382
1402,278528,GET,false,50.846
1403,2628,GET,true,17.695
1404,2344,GET,true,28.327
1405,2310144,GET,false,363.129
1406,3396,GET,false,18.031
1407,4296,GET,false,14.886
1408,4684,GET,false,14.013
1409,16384,GET,true,25.719
1410,9544,GET,true,16.874
1411,1368,GET,true,15.767
1412,82493440,GET,true,23495.624
1413,82493440,GET,false,12664.683
1414,6732,GET,false,17.134
1415,2996,GET,false,12.605
1416,7716864,GET,true,2145.801
1417,1164,GET,false,21.163
1418,12763136,GET,false,1963.27
1419,6736,GET,true,28.719
1420,16384,GET,true,20.368
1421,13942784,GET,true,3576.287
1422,5992,GET,false,16.451
1423,61407232,GET,false,9415.323
1424,2080768,GET,true,484.657
1425,2056,PUT,false,38.375
1426,66945024,GET,true,18420.225
1427,70451200,GET,false,10829.087
1428,6708,GET,true,29.755
1429,120242176,GET,false,18445.799
1430,4688,GET,true,28.012
1431,101875712,GET,false,15658.776
1432,1460,GET,true,24.359
1433,4688,GET,false,15.242
1434,13598720,GET,true,3813.386
1435,16384,GET,true,31.834
1436,12484608,GET,true,2933.751
1437,16384,GET,false,19.177
1438,344064,GET,false,59.07
1439,2008,GET,true,19.765
1440,344064,GET,true,89.059
1441,163840,PUT,false,599.308
1442,49545216,GET,true,13289.748
1443,18825216,GET,true,5078.737
1444,6916,GET,true,32.273
1445,72679424,GET,true,19570.571
1446,2628,GET,false,49.161
1447,2608,GET,false,17.361
1448,7164,PUT,false,42.609
1449,2056,GET,true,24.712
1450,7416,GET,true,17.751
1451,54394880,GET,false,8372.075
1452,1920,GET,false,18.047
1453,458752,GET,false,78.347
1454,82493440,GET,true,22903.466
1455,12156,GET,true,42.776
1456,6720,PUT,false,40.95
1457,217694208,GET,true,61655.257
1458,1900544,GET,true,498.98
1459,12582912,PUT,false,4484.079
1460,622592,GET,false,109.546
1461,2628,GET,false,20.031
1462,3252,GET,true,40.192
1463,26443776,GET,true,6724.575
1464,163840,GET,true,55.894
1465,163840,GET,true,48.229
1466,2490368,GET,false,388.57
1467,163840,GET,false,32.434
1468,2100,PUT,false,32.292
1469,1148,GET,false,16.25
1470,2340,GET,true,18.343
1471,9601024,GET,true,2271.487
1472,1896,GET,false,19.368
1473,1212416,GET,true,285.46
1474,81920,GET,false,20.143
1475,32768,GET,true,23.782
1476,83918848,GET,false,12872.884
1477,16384,GET,true,21.052
1478,2812,GET,true,19.435
1479,1900544,GET,false,297.44
1480,11010048,GET,false,1699.093
1481,1784,GET,false,13.496
1482,4064,GET,true,19.408
1483,2628,GET,false,13.633
1484,66945024,GET,false,10260.856
1485,65536,GET,true,29.008
1486,2620,GET,true,21.321
1487,1132,GET,true,19.214
1488,1132,GET,true,21.268
1489,14396,GET,false,17.348
1490,45940736,GET,true,12081.785
1491,18513920,GET,true,14816.294
1492,114688,GET,false,31.943
1493,16384,GET,true,31.578
1494,2572288,GET,true,604.159
1495,4684,GET,true,32.18
1496,7016,GET,true,20.989
1497,16384,GET,false,17.771
1498,9502720,GET,true,2211.909
1499,114688,GET,true,38.071
1500,34291712,GET,false,5264.902
1501,16384,GET,true,21.056
1502,504938496,GET,false,77364.52
1503,1152,GET,false,17.946
1504,2252,GET,false,10.62
1505,2736128,GET,false,426.866
1506,2912,GET,false,12.873
1507,1784,GET,false,8.689
1508,4128,GET,false,13.131
1509,82493440,GET,true,22760.869
1510,1132,GET,false,29.259
1511,82493440,GET,true,23521.198
1512,22528000,PUT,false,15681.708
1513,11862016,GET,false,1829.217
1514,1412,GET,true,57.247
1515,3948,PUT,false,41.627
1516,1372,GET,false,20.022
1517,2056,PUT,false,27.724
1518,2696,GET,true,21.881
1519,20856832,GET,true,5726.136
1520,2056,GET,false,19.974
1521,57753600,GET,true,15678.112
1522,77643776,GET,false,11910.484
1523,16384,GET,true,31.26
1524,1156,GET,false,29.768
1525,82509824,GET,false,12674.749
1526,82493440,GET,false,12682.328
1527,2056,GET,false,29.938
1528,9772,PUT,false,44.048
1529,10988,GET,false,20.186
1530,49152,GET,true,40.72
1531,1364,GET,false,11.431
1532,6932,GET,false,16.276
1533,68599808,GET,true,19655.933
1534,6744,GET,true,41.058
1535,1832,GET,true,20.827
1536,11976704,GET,true,3275.669
1537,54394880,GET,true,15243.603
1538,1982464,GET,true,516.401
1539,13942784,GET,true,3799.856
1540,12928,GET,false,18.123
1541,239747072,GET,true,69151.782
1542,2628,GET,false,25.686
1543,1980,GET,false,17.594
1544,13942784,GET,false,2145.606
1545,2608,GET,true,27.905
1546,196608,GET,true,60.408
1547,5013504,GET,false,776.013
1548,34504704,GET,true,9676.327
1549,1788,GET,false,27.601
1550,16384,GET,true,30.636
1551,3220,GET,false,14.456
1552,1364,GET,true,18.982
1553,6460,GET,true,24.977
1554,1336,GET,false,25.928
1555,7416,GET,true,19.816
1556,16384,GET,false,18.534
1557,1132,GET,true,18.493
1558,16384,GET,true,18.43
1559,61046784,GET,true,17022.914
1560,2628,GET,false,26.155
1561,1146880,GET,false,185.667
1562,16384,GET,true,31.822
1563,8240,GET,true,19.252
1564,5804,GET,false,16.43
1565,41910272,GET,true,11704.99
1566,33996800,GET,true,9366.933
1567,7372,GET,false,33.838
1568,15433728,GET,true,4039.935
1569,2256,GET,true,31.05
1570,12156,GET,true,17.008
1571,7708,GET,true,21.994
1572,4868,GET,false,16.475
1573,32768,GET,false,15.335
1574,1152,PUT,false,47.861
1575,1851392,GET,false,291.545
1576,18137088,GET,false,2790.716
1577,25640960,GET,false,3940.185
1578,98828288,GET,true,27484.868
1579,802816,GET,true,222.971
1580,1772,GET,true,25.163
1581,9544,GET,true,23.244
1582,50757632,GET,true,14388.132
1583,2340,GET,true,43.009
1584,12200,GET,false,20.045
1585,65536,GET,false,19.011
1586,1236,GET,true,20.66
1587,98304,GET,false,24.535
1588,2686976,GET,false,425.84
1589,1966080,GET,true,499.827
1590,15764,GET,false,16.795
1591,13942784,GET,false,2143.779
1592,2097152,GET,false,329.166
1593,139395072,GET,false,21360.618
1594,458752,GET,false,78.187
1595,458752,GET,true,119.275
1596,98025472,GET,true,27968.34
1597,16384,GET,false,28.547
1598,4812,GET,true,39.204
1599,6464,GET,true,22.904
1600,8421376,GET,false,1301.922
1601,655360,GET,true,173.194
1602,13112,GET,false,20.396
1603,1589248,GET,true,394.129
1604,2310144,GET,true,556.934
1605,1966080,GET,true,457.818
1606,5920,GET,true,21.57
1607,2628,GET,true,16.876
1608,2628,GET,true,19.967
1609,5560,GET,false,16.534
1610,16384,GET,true,22.936
1611,3896,GET,true,20.106
1612,16629760,GET,false,2563.424
1613,3342336,GET,false,520.215
1614,1044,GET,false,16.61
1615,23756800,GET,false,3647.957
1616,2310144,GET,false,360.266
1617,2044,GET,false,15.188
1618,21037056,GET,true,5793.795
1619,3342336,GET,true,781.156
1620,32768,GET,false,21.201
1621,21528576,GET,false,3310.302
1622,507904,GET,false,87.258
1623,1032192,GET,true,244.719
1624,2056,GET,true,21.257
1625,6160384,GET,false,952.788
1626,110215168,GET,true,34143.791
1627,983040,GET,false,171.094
1628,13904,GET,false,39.841
1629,6078464,GET,true,1627.798
1630,8159232,GET,false,1258.477
1631,16384,GET,false,22.206
1632,2628,GET,true,21.131
1633,16384,GET,true,19.855
1634,42319872,GET,true,11709.996
1635,2012,GET,false,29.676
1636,1772,GET,false,18.925
1637,868352,GET,true,228.742
1638,671744,GET,true,166.599
1639,63488000,GET,false,9736.742
1640,16384,GET,false,17.216
1641,819200,GET,true,198.281
1642,4352,GET,false,15.824
1643,12284,GET,true,20.355
1644,14221312,GET,true,3897.401
1645,39141376,GET,true,10415.021
1646,6586368,GET,false,1024.191
1647,6111232,GET,false,946.575
1648,16384,GET,true,33.65
1649,93470720,GET,false,14331.597
1650,1988,GET,false,17.105
1651,29048832,GET,true,7921.225
1652,16384,GET,true,40.268
1653,1584,GET,false,16.363
1654,4688,GET,false,20.699
1655,294912,GET,true,81.854
1656,12284,GET,true,19.767
1657,4684,GET,false,17.626
1658,1368,GET,false,15.842
1659,165380096,GET,true,47321.034
1660,3044,GET,false,28.679
1661,3864,GET,false,15.706
1662,82509824,GET,false,12653.012
1663,7672,GET,false,25.736
1664,2628,GET,true,28.572
1665,2628,GET,false,13.055
1666,7048,GET,true,20.995
1667,1452,GET,true,19.307
1668,327680,GET,true,91.557
1669,16384,GET,false,16.23
1670,1277952,GET,false,203.221
1671,2628,GET,false,11.894
1672,146112512,GET,false,22398.274
1673,2628,GET,true,18.025
1674,153845760,GET,true,44445.996
1675,14968,GET,true,44.045
1676,43302912,GET,false,6647.728
1677,41828352,GET,true,11803.865
1678,3031040,GET,false,479.011
1679,6992,GET,true,31.563
1680,1896,GET,false,17.297
1681,2800,GET,false,23.148
1682,1132,GET,true,21.894
1683,1676,GET,false,15.612
1684,5136,GET,false,17.93
1685,5960,GET,true,21.125
1686,6736,GET,false,14.86
1687,142458880,GET,false,21844.361
1688,1753088,GET,false,277.388
1689,2832,GET,false,14.172
1690,1372,GET,true,22.959
1691,1152,GET,true,16.939
1692,2628,GET,false,11.659
1693,1772,GET,false,13.066
1694,6732,GET,false,14.309
1695,1336,GET,false,11.108
1696,5764,GET,true,17.439
1697,2056,GET,false,12.643
1698,1832,GET,false,13.756
1699,2532,GET,true,18.698
1700,4524,GET,true,18.628
1701,5716,GET,true,18.469
1702,99876864,GET,true,28392.68
1703,16384,GET,false,31.614
1704,32768,GET,true,33.841
1705,2736128,GET,true,702.104
1706,262144,GET,true,75.648
1707,12284,GET,false,15.964
1708,12156,GET,false,15.798
1709,8716288,GET,true,2282.167
1710,19070976,GET,false,2931.15
1711,47185920,GET,false,7249.061
1712,180224,GET,true,54.231
1713,786432,GET,true,189.25
1714,82493440,GET,true,23136.699
1715,111788032,GET,true,32072.641
1716,9772,GET,false,30.718
1717,1388,GET,false,17.182
1718,22364160,PUT,false,6088.937
1719,6724,GET,true,34.07
1720,25788416,GET,true,6493.592
1721,2056,GET,true,32.2
1722,16384,GET,true,22.374
1723,2256,GET,true,18.786
1724,622592,GET,true,159.317
1725,16384,GET,true,21.259
1726,2676,GET,false,14.615
1727,10576,GET,false,15.546
1728,5236,GET,true,19.109
1729,3944,GET,true,18.588
1730,7241728,PUT,false,2323.537
1731,82493440,GET,false,12650.792
1732,41959424,PUT,false,15550.375
1733,18513920,GET,true,5792.262
1734,1804,PUT,false,54.32
1735,3156,GET,true,33.093
1736,4915200,GET,true,1516.879
1737,163840,PUT,false,146.009
1738,36192256,GET,true,11389.323
1739,2608,GET,false,33.409
1740,2404,GET,false,22.161
1741,6732,GET,false,21.654
1742,7929856,GET,true,2425.531
1743,1753088,GET,false,281.1
1744,83935232,GET,true,26156.413
1745,1864,GET,false,38.68
1746,42336256,GET,false,6501.821
1747,12188,GET,true,42.431
1748,6732,GET,false,20.006
1749,82493440,GET,false,12660.283
1750,1196032,GET,false,192.775
1751,2056,GET,false,16.515
1752,23150592,GET,false,3555.265
1753,6720,GET,true,23.942
1754,1824,GET,false,17.457
1755,25346048,GET,true,7646.951
1756,1172,GET,true,51.553
1757,16384,GET,true,28.911
1758,2780,PUT,false,40.546
1759,4784128,GET,true,1262.551
1760,4882432,GET,true,1220.827
1761,2056,GET,true,21.991
1762,3120,GET,false,21.058
1763,154386432,GET,true,44675.676
1764,147456,GET,false,50.235
1765,1132,GET,false,17.149
1766,2628,GET,true,26.481
1767,3555328,GET,true,918.381
1768,1152,GET,true,21.566
1769,638976,GET,true,154.343
1770,1156,GET,true,20.524
1771,4872,GET,true,21.925
1772,2056,GET,true,22.798
1773,1368,GET,false,13.134
1774,1128,GET,false,14.383
1775,1988,GET,true,19.151
1776,7416,GET,false,26.143
1777,4684,GET,true,16.541
1778,3376,GET,false,15.422
1779,12976128,GET,false,2003.082
1780,147456,GET,false,32.879
1781,16384,GET,true,20.911
1782,819200,GET,false,132.417
1783,82493440,GET,true,23362.964
1784,2608,GET,false,30.621
1785,7180,GET,false,14.408
1786,8040,GET,true,32.905
1787,16384,GET,true,21.846
1788,2424,PUT,false,37.401
1789,100859904,GET,true,40556.873
1790,95813632,GET,true,27409.795
1791,6732,GET,false,32.227
1792,16384,GET,false,22.92
1793,7676,GET,true,27.912
1794,6724,GET,false,15.927
1795,2144,GET,false,15.944
1796,2360,PUT,false,36.678
1797,16384,GET,true,26.48
1798,1064960,GET,true,270.075
1799,100073472,GET,true,28620.864
1800,1132,GET,false,37.657
1801,59572224,GET,true,16906.246
1802,4684,PUT,false,60.21
1803,12877824,GET,true,3521.567
1804,81166336,GET,true,22620.142
1805,12156,GET,false,27.021
1806,2192,GET,true,29.912
1807,2604,GET,false,18.986
1808,6728,GET,true,18.752
1809,2056,GET,true,16.89
1810,1277952,GET,true,322.52
1811,2628,GET,true,19.896
1812,83935232,GET,true,24228.489
1813,82493440,GET,false,12733.425
1814,6712,GET,true,36.539
1815,1756,GET,false,20.331
1816,6716,GET,false,14.873
1817,54394880,GET,true,15614.138
1818,16384,GET,true,42.359
1819,6732,GET,false,18.629
1820,148471808,GET,true,42880.354
1821,2060,GET,false,27.972
1822,129925120,GET,true,37380.59
1823,49152,GET,false,28.963
1824,6708,GET,false,16.422
1825,82509824,GET,true,23493.538
1826,327680,GET,false,66.306
1827,2608,GET,false,11.9
1828,311296,GET,false,61.243
1829,43171840,PUT,false,11831.196
1830,2628,GET,false,20.184
1831,32768,GET,false,18.566
1832,32768,GET,true,52.351
1833,6740,GET,false,19.73
1834,2056,GET,true,23.709
1835,128565248,GET,false,19711.558
1836,1368,PUT,false,32.511
1837,294912,GET,false,54.102
1838,1376,GET,true,23.322
1839,2832,GET,true,16.859
1840,2056,GET,false,13.378
1841,1460,GET,true,15.914
1842,2340,GET,true,15.6
1843,2056,GET,true,17.893
1844,8784,PUT,false,28.957
1845,6728,GET,false,18.906
1846,2056,GET,false,13.818
1847,2056,GET,false,16.156
1848,2604,GET,false,12.061
1849,2584,GET,true,21.793
1850,16384,GET,true,21.089
1851,12156928,GET,false,1872.348
1852,10576,GET,true,18.399
1853,1496,GET,true,16.422
1854,1500,GET,true,19.896
1855,1628,GET,true,23.957
1856,12984,GET,false,14.167
1857,5688,GET,false,14.191
1858,2608,GET,false,12.128
1859,3044,GET,true,17.9
1860,2608,GET,false,17.102
1861,16384,GET,true,18.701
1862,112279552,GET,true,32123.869
1863,131072,GET,true,63.879
1864,10460,GET,false,17.226
1865,82493440,GET,true,23462.834
1866,1156,GET,true,56.662
1867,6792,GET,true,21.094
1868,3129344,GET,true,803.216
1869,1744,GET,true,20.498
1870,2056,GET,true,17.887
1871,82509824,GET,true,23426.069
1872,16384,GET,true,43.648
1873,221036544,GET,false,33893.552
1874,65536,GET,false,20.322
1875,4500,GET,false,12.57
1876,82493440,GET,false,12644.161
1877,11688,GET,true,23.179
1878,285114368,GET,true,82478.07
1879,19152896,GET,true,5329.541
1880,70811648,GET,true,19403.445
1881,3252,GET,false,44.147
1882,82509824,PUT,false,35134.516
1883,109051904,GET,true,36929.334
1884,819200,GET,true,280.934
1885,2228224,GET,true,678.497
1886,1028,GET,true,33.974
1887,294912,GET,true,95.531
1888,16384,GET,false,16.765
1889,3044,GET,true,23.243
1890,237371392,GET,true,73012.802
1891,245760,GET,false,53.574
1892,3324,GET,false,23.994
1893,2732,GET,true,31.495
1894,131072,GET,true,47.341
1895,12284,GET,true,19.619
1896,7872,GET,true,24.739
1897,1372,GET,false,22.855
1898,737280,GET,true,198.148
1899,49152,GET,false,20.911
1900,6932,GET,true,23.967
1901,2384,GET,false,12.947
1902,2608,GET,true,17.758
1903,16384,GET,false,14.567
1904,6732,GET,true,18.35
1905,49152,GET,false,19.514
1906,20676608,GET,true,5940.639
1907,6604,GET,false,20.169
1908,16384,GET,true,26.425
1909,32768,GET,true,25.645
1910,9388032,GET,true,2329.434
1911,16384,GET,true,24.094
1912,120733696,GET,false,18513.91
1913,2340,GET,false,12.763
1914,2832,GET,false,26.271
1915,22102016,GET,false,3394.53
1916,6732,GET,true,19.257
1917,10764288,GET,false,1655.964
1918,2056,GET,false,15.972
1919,17743872,GET,true,4189.92
1920,2628,GET,false,14.398
1921,22364160,PUT,false,8657.162
1922,7143424,GET,false,1106.901
1923,2604,GET,false,23.969
1924,16384,GET,false,20.918
1925,9912320,GET,true,2643.989
1926,1372,GET,true,37.512
1927,11112,GET,true,24.465
1928,1372,GET,false,10.261
1929,409600,GET,true,104.786
1930,4660,GET,true,20.084
1931,12156,GET,true,15.679
1932,2628,GET,false,12.132
1933,2608,GET,false,9.751
1934,2056,GET,false,12.165
1935,82493440,GET,true,22952.732
1936,71237632,GET,false,10965.462
1937,172605440,GET,true,50042.504
1938,802816,GET,false,138.783
1939,1753088,GET,true,460.638
1940,2628,GET,false,14.065
1941,21790720,GET,true,6016.988
1942,2200,GET,true,21.414
1943,120733696,GET,true,33911.843
1944,12204,GET,true,43.289
1945,1064960,GET,true,271.444
1946,65536,GET,true,29.64
1947,23461888,GET,true,6515.362
1948,1388,GET,false,22.421
1949,18530304,GET,false,2846.104
1950,1452,GET,true,20.363
1951,1956,GET,false,13.273
1952,16384,GET,true,19.628
1953,1132,GET,false,13.266
1954,7241728,GET,false,1117.577
1955,12284,GET,true,18.19
1956,1984,GET,false,13.525
1957,32768,GET,false,16.182
1958,1372,GET,true,17.394
1959,16384,GET,true,19.938
1960,2008,GET,true,19.029
1961,49152,GET,false,18.672
1962,1982464,GET,true,468.585
1963,110247936,GET,false,16910.488
1964,1288,GET,true,20.457
1965,84213760,GET,false,12930.221
1966,16384,GET,true,19.812
1967,7760,GET,true,18.761
1968,2024,GET,true,17.279
1969,3044,GET,true,17.291
1970,2628,GET,false,13.111
1971,16384,GET,false,11.93
1972,360448,PUT,false,181.003
1973,2056,GET,false,19.549
1974,83689472,GET,false,12834.535
1975,82493440,GET,false,12663.648
1976,72679424,GET,false,11182.264
1977,2140,PUT,false,66.319
1978,48857088,PUT,false,20096.903
1979,14344,GET,true,62.327
1980,2200,GET,false,35.543
1981,2310144,GET,true,636.008
1982,1760,GET,true,22.057
1983,2080768,GET,true,479.064
1984,392806400,GET,true,116216.576
1985,3342336,GET,true,884.183
1986,3156,GET,true,27.504
1987,96403456,GET,false,14793.499
1988,3044,GET,false,46.375
1989,2628,GET,true,70.404
1990,6716,GET,false,21.899
1991,46563328,GET,false,7147.6
1992,46563328,GET,true,12711.678
1993,1480,GET,false,32.18
1994,1732,GET,false,37.558
1995,1480,GET,true,33.968
1996,28311552,GET,true,7997.382
1997,8519680,GET,false,1323.992
1998,237371392,GET,false,36468.813
1999,237371392,GET,false,36403.235
2000,1388,GET,false,18.353
2001,1500,GET,true,32.791
2002,41893888,GET,true,11512.222
2003,1240,GET,false,33.687
2004,1240,GET,false,14.255
2005,8040,GET,true,30.698
2006,29851648,GET,true,8052.111
2007,16384,GET,false,53.774
2008,1310720,GET,false,207.978
2009,688128,GET,true,190.315
2010,12820,GET,false,19.531
2011,1136,GET,false,13.784
2012,334020608,GET,false,51200.129
2013,82493440,GET,true,22588.005
2014,2628,GET,false,34.434
2015,586235904,GET,true,507190.623
2016,1152,GET,false,34.698
2017,1428,GET,false,23.432
2018,16384,GET,true,39.549
2019,1132,GET,true,27.91
2020,163840,GET,true,51.657
2021,1068,GET,false,18.788
2022,79560704,GET,true,21974.281
2023,4572,GET,false,25.633
2024,98828288,GET,true,27596.895
2025,6078464,GET,false,945.571
2026,4576,GET,false,14.276
2027,17809408,GET,false,2747.707
2028,16384,GET,true,41.741
2029,4708,GET,false,22.062
2030,32768,GET,true,22.263
2031,16384,GET,false,23.887
2032,4592,GET,false,12.67
2033,21528576,GET,true,5868.031
2034,622592,GET,true,160.209
2035,1144,GET,true,28.627
2036,12156,GET,false,19.122
2037,1032192,GET,true,245.92
2038,38699008,GET,true,10065.375
2039,21528576,GET,true,5566.099
2040,16384,PUT,false,106.849
2041,2056,GET,true,27.935
2042,23658496,GET,true,5716.981
2043,10092,GET,true,40.147
2044,3248,GET,false,18.525
2045,22102016,GET,true,5287.185
2046,6604,GET,false,20.659
2047,16384,GET,true,35.059
2048,1728,GET,true,20.877
2049,82509824,GET,false,12652.041
2050,131072,PUT,false,107.919
2051,83492864,GET,false,12819.144
2052,16384,GET,false,26.706
2053,692256768,GET,true,447743.976
2054,4358144,PUT,false,2361.498
2055,6432,GET,false,28.29
2056,54542336,GET,false,8382.001
2057,2832,GET,true,58.472
2058,1360,GET,true,35.009
2059,9576,GET,true,20.889
2060,6748,GET,false,21.355
2061,3044,GET,true,40.6
2062,1654784,GET,true,413.671
2063,6111232,GET,true,1559.714
2064,212992,GET,false,41.183
2065,2000,GET,false,14.421
2066,2608,GET,true,30.231
2067,5619712,GET,false,867.836
2068,8792,GET,false,24.681
2069,655360,GET,false,107.089
2070,17743872,GET,false,2725.202
2071,82509824,GET,false,12656.956
2072,1504,GET,false,18.93
2073,8248,PUT,false,60.13
2074,163840,GET,false,34.733
2075,2208,GET,false,18.313
2076,3144,GET,false,20.281
2077,294912,GET,true,80.333
2078,1784,GET,false,26.162
2079,82509824,GET,true,22676.697
2080,6568,GET,false,24.527
2081,2195456,GET,true,581.077
2082,13942784,GET,false,2147.211
2083,5700,GET,false,19.927
2084,2000,GET,false,28.674
2085,9192,GET,false,22.048
2086,16384,GET,true,25.766
2087,7856,GET,true,23.55
2088,294912,GET,true,79.402
2089,6140,GET,true,24.653
2090,3888,GET,false,21.612
2091,524288,GET,true,131.244
2092,1784,GET,false,19.954
2093,360448,GET,true,94.303
2094,2648,GET,false,18.242
2095,82657280,GET,false,12670.676
2096,5232,GET,false,20.568
2097,2208,GET,true,26.942
2098,2628,GET,false,19.454
2099,9240,GET,false,19.074
2100,1336,GET,true,20.17
2101,65536,GET,true,34.587
2102,2195456,GET,true,504.486
2103,5232,GET,false,14.824
2104,1076,GET,true,22.003
2105,16384,GET,true,25.826
2106,16384,GET,true,18.426
2107,9617408,GET,false,1494.381
2108,4587520,GET,false,717.281
2109,23887872,GET,true,6597.282
2110,7212,GET,true,30.467
2111,2192,GET,true,33.462
2112,65536,GET,true,30.086
2113,1712,GET,false,15.116
2114,2608,GET,false,23.03
2115,8820,GET,false,15.028
2116,6460,GET,false,20.726
2117,2608,GET,false,24.586
2118,2628,GET,false,17.237
2119,2044,GET,false,25.221
2120,9338880,GET,false,1438.243
2121,2628,GET,false,19.178
2122,409600,GET,true,108.329
2123,409600,GET,true,114.233
2124,507904,GET,true,127.264
2125,458752,GET,true,115.82
2126,2195456,GET,true,528.535
2127,2776,GET,true,27.966
2128,13942784,GET,true,3368.751
2129,129646592,GET,true,35880.295
2130,13920,GET,false,33.014
2131,2628,GET,false,19.451
2132,26443776,GET,true,9267.759
2133,1396,GET,true,34.435
2134,1572,GET,false,23.678
2135,5604,GET,false,19.361
2136,1980,GET,false,26.97
2137,1156,GET,false,19.227
2138,45023232,GET,false,6908.075
2139,131072,GET,true,48.681
2140,3194880,GET,true,779.663
2141,1372,GET,true,30.975
2142,6984,GET,true,19.487
2143,9532,GET,false,20.023
2144,16384,GET,false,28.975
2145,23330816,GET,false,3581.223
2146,10320,PUT,false,57.678
2147,70434816,GET,false,10798.257
2148,2616,GET,true,25.821
2149,1252,GET,true,15.255
2150,3220,GET,false,24.752
2151,12284,GET,false,19.881
2152,16384,GET,false,17.726
2153,2506752,GET,true,586.189
2154,1364,GET,false,19.025
2155,1304,GET,true,20.652
2156,2628,GET,true,28.208
2157,2040,GET,true,41.252
2158,1152,GET,true,23.969
2159,65536,GET,false,17.301
2160,294912,GET,true,80.716
2161,45940736,GET,true,12255.586
2162,12156,GET,false,46.069
2163,16384,GET,true,40.426
2164,294912,GET,false,53.645
2165,1408,GET,true,25.739
2166,3896,GET,false,13.705
2167,2056,GET,false,21.282
2168,16384,GET,true,20.231
2169,2441216,GET,false,395.429
2170,16384,GET,true,39.219
2171,16384,GET,false,16.524
2172,6536,GET,false,17.956
2173,1500,PUT,false,64.026
2174,1132,GET,false,16.702
2175,82509824,PUT,false,116180.487
2176,4063232,GET,false,632.309
2177,262144,GET,true,105.281
2178,2252,GET,true,21.533
2179,51298304,GET,true,17223.403
2180,6736,GET,true,47.353
2181,16384,GET,false,48.062
2182,4668,GET,false,24.757
2183,12156,GET,true,35.096
2184,16384,GET,true,36.632
2185,114688,GET,false,37.92
2186,21626880,GET,true,6948.413
2187,314081280,GET,false,48164.054
2188,314621952,GET,true,90877.918
2189,32768,GET,false,44.238
2190,10576,GET,true,38.958
2191,4476,GET,false,19.989
2192,2200,GET,true,34.197
2193,1256,GET,false,14.884
2194,7620,GET,false,19.52
2195,2628,GET,true,35.153
2196,2097152,GET,false,328.497
2197,1988,GET,true,21.505
2198,37224448,GET,false,5747.822
2199,479461376,GET,false,73484.173
2200,3044,GET,true,31.259
2201,1196032,GET,false,189.825
2202,8804,GET,false,17.804
2203,3716,GET,true,18.366
2204,7196,GET,true,15.061
2205,84213760,GET,true,76548.123
2206,2196,GET,false,28.966
2207,6744,GET,false,25.237
2208,2064,GET,false,21.192
2209,22020096,GET,true,6141.143
2210,3407872,GET,true,811.204
2211,13631488,GET,true,3238.363
2212,1520,GET,false,20.86
2213,2628,GET,false,15.341
2214,2004,GET,false,16.648
2215,447938560,GET,true,326591.025
2216,622592,GET,false,110.175
2217,6500,GET,true,37.303
2218,16384,GET,true,23.752
2219,2300,GET,false,20.439
2220,4668,GET,true,18.719
2221,21037056,GET,true,5841.27
2222,5772,GET,true,29.573
2223,97484800,GET,true,27139.281
2224,1132,GET,false,36.024
2225,7036,GET,false,23.921
2226,1212416,GET,false,193.46
2227,83918848,GET,false,12880.763
2228,2608,GET,false,18.57
2229,2608,GET,true,37.052
2230,9175040,GET,false,1417.864
2231,1523712,GET,false,242.414
2232,278528,GET,true,84.773
2233,2060,GET,false,14.303
2234,1372,GET,false,24.419
2235,16384,GET,true,18.555
2236,147456,GET,true,48.983
2237,2628,GET,true,24.647
2238,82509824,GET,true,23483.18
2239,16728064,GET,false,2593.613
2240,77578240,GET,true,22092.025
2241,19513344,GET,false,3004.739
2242,8984,GET,true,39.705
2243,16384,GET,false,23.009
2244,4272,GET,false,20.343
2245,56475648,GET,true,16020.887
2246,2628,GET,true,61.907
2247,4080,GET,false,30.131
2248,3768320,GET,false,585.077
2249,205438976,GET,true,59519.073
2250,2212,GET,true,50.766
2251,2056,GET,false,23.193
2252,2628,GET,false,19.881
2253,107118592,GET,true,39479.988
2254,126271488,PUT,false,60264.865
2255,1372,GET,true,62.437
2256,33931264,GET,false,5229.47
2257,53395456,GET,true,17741.448
2258,16629760,GET,false,2563.753
2259,8847360,GET,true,2786.018
2260,4588,GET,false,31.287
2261,8863744,GET,true,2549.676
2262,82493440,GET,false,12656.884
2263,1372,GET,false,28.359
2264,8585216,GET,true,2302.981
2265,74760192,GET,true,22595.586
2266,573440,GET,false,103.02
2267,6720,GET,false,23.484
2268,802816,GET,false,139.56
2269,1896,GET,false,20.991
2270,6724,GET,false,18.946
2271,688128,GET,true,211.043
2272,32768,GET,false,26.772
2273,82493440,GET,false,12652.292
2274,65536,GET,true,37.272
2275,27344896,GET,true,8102.732
2276,1724,PUT,false,65.703
2277,704512,GET,false,117.873
2278,12284,GET,false,21.242
2279,1980,GET,true,24.366
2280,278528,GET,true,81.843
2281,126271488,GET,false,19365.315
2282,1152,GET,true,31.178
2283,10464,PUT,false,39.379
2284,65699840,PUT,false,24855.31
2285,2056,GET,false,28.397
2286,4997120,GET,true,1464.958
2287,2628,GET,true,53.588
2288,2628,GET,false,36.321
2289,269516800,GET,true,145834.465
2290,6728,GET,false,35.003
2291,688128,GET,false,114.143
2292,2176,GET,true,36.8
2293,82509824,GET,true,23480.252
2294,6740,GET,true,60.502
2295,2056,GET,false,15.887
2296,7476,GET,false,22.565
2297,8404992,GET,false,1297.106
2298,294912,GET,true,87.094
2299,16973824,GET,true,4701.611
2300,2208,GET,true,19.799
2301,6736,PUT,false,39.465
2302,2832,GET,false,26.549
2303,2628,GET,false,25.528
2304,32768,GET,false,21.111
2305,2628,GET,true,21.164
2306,3044,GET,false,18.252
2307,7496,PUT,false,27.96
2308,1296,GET,false,17.803
2309,12284,GET,true,30.734
2310,901120,GET,true,215.738
2311,2732,GET,true,22.197
2312,13500416,GET,false,2076.628
2313,1088,GET,false,18.911
2314,2628,GET,true,25.814
2315,6455296,GET,false,998.15
2316,2640,GET,false,15.46
2317,262144,GET,false,55.88
2318,1228800,GET,true,289.25
2319,110067712,GET,true,30913.136
2320,2628,GET,true,59.296
2321,3044,GET,true,20.073
2322,12284,GET,true,28.306
2323,9776,GET,false,19.238
2324,6708,GET,false,24.304
2325,6728,GET,false,19.224
2326,1132,GET,false,23.946
2327,458752,GET,false,82.035
2328,2056,GET,false,17.663
2329,245760,GET,true,74.525
2330,4080,GET,true,28.27
2331,5956,GET,false,16.276
2332,19070976,PUT,false,7533.175
2333,262144,GET,true,97.29
2334,2628,GET,true,37.71
2335,15351808,GET,true,4170.646
2336,4380,GET,true,24.772
2337,1564,GET,true,22.33
2338,7364,GET,false,20.945
2339,360448,PUT,false,143.99
2340,7180,GET,true,58.487
2341,2404,GET,true,29.791
2342,1356,GET,false,22.392
2343,6584,GET,true,21.433
2344,1372,GET,true,25.171
2345,1028,GET,false,15.182
2346,4724,GET,true,21.013
2347,1132,GET,false,26.388
2348,32768,GET,false,21.018
2349,16629760,GET,false,2555.999
2350,2200,GET,true,22.789
2351,102432768,GET,true,28687.116
2352,6728,GET,true,57.089
2353,1128,GET,true,15.983
2354,5236,GET,false,21.811
2355,2344,GET,true,30.077
2356,2260,GET,true,17.384
2357,15351808,GET,false,2360.071
2358,23183360,GET,false,3558.802
2359,1624,GET,true,25.389
2360,94830592,GET,true,27104.065
2361,3396,GET,false,32.445
2362,5420,GET,false,24.701
2363,1984,GET,false,20.644
2364,53641216,GET,true,15221.625
2365,9544,GET,false,41.202
2366,101859328,PUT,false,27284.67
2367,3571712,GET,true,957.555
2368,245760,GET,true,70.339
2369,1584,GET,true,16.75
2370,82493440,GET,false,12659.734
2371,1980,GET,false,23.068
2372,16384,GET,false,25.622
2373,6740,GET,true,25.54
2374,4592,GET,true,32.241
2375,12988,GET,true,26.413
2376,819200,GET,true,262.602
2377,2628,GET,true,29.695
2378,1156,GET,false,18.89
2379,1916928,GET,true,550.261
2380,2628,GET,true,35.538
2381,137396224,GET,true,42918.531
2382,1152,GET,false,50.335
2383,2428,GET,true,52.032
2384,1114112,GET,true,308.588
2385,2252,GET,true,23.399
2386,2628,GET,false,25.727
2387,5236,GET,true,27.244
2388,2628,GET,true,26.988
2389,8273920,GET,true,2384.095
2390,3268,GET,false,27.901
2391,6736,GET,false,17.717
2392,3252,GET,true,26.786
2393,123404288,GET,true,36787.744
2394,65699840,PUT,false,29706.548
2395,80691200,GET,false,12387.401
2396,28196864,GET,false,4350.652
2397,2628,GET,true,51.337
2398,6720,GET,false,34.411
2399,1900544,GET,true,704.123
2400,2604,GET,false,22.664
2401,2608,GET,false,29.827
2402,8323072,GET,true,3546.855
2403,1916928,GET,true,603.789
2404,294912,GET,false,55.779
2405,82493440,GET,false,12681.441
2406,36552704,GET,true,14249.528
2407,311296,GET,false,76.91
2408,10576,GET,false,25.473
2409,1476,GET,false,18.746
2410,82493440,GET,false,12717.002
2411,1372,GET,false,40.649
2412,2996,GET,false,32.654
2413,819200,GET,false,135.17
2414,2628,GET,false,18.646
2415,16384,GET,false,24.196
2416,2608,GET,false,19.022
2417,9027584,GET,false,1392.758
2418,2304,GET,true,42.486
2419,2056,GET,false,26.48
2420,76365824,PUT,false,28108.847
2421,2740,GET,true,58.958
2422,7488,GET,false,35.552
2423,2056,GET,false,25.297
2424,5708,GET,true,35.926
2425,7241728,PUT,false,2980.19
2426,458752,PUT,false,244.637
2427,2056,GET,false,40.732
2428,1372,GET,true,43.885
2429,1080,GET,false,42.78
2430,1828,GET,false,19.779
2431,2832,GET,false,24.37
2432,2056,GET,false,29.037
2433,16384,GET,false,22.773
2434,28475392,GET,true,9508.611
2435,8260,GET,true,51.654
2436,3884,GET,false,18.956
2437,2060,GET,false,30.291
2438,1804,GET,true,24.307
2439,8784,GET,false,27.811
2440,229359616,GET,false,35151.768
2441,1368,GET,false,35.519
2442,2097152,GET,false,329.401
2443,1916928,GET,false,301.755
2444,26443776,GET,true,7639.18
2445,19152896,GET,true,5284.38
2446,2344,GET,false,33.564
2447,4592,GET,true,35.958
2448,70549504,GET,false,10818.5
2449,3044,GET,true,27.806
2450,2628,GET,false,17.786
2451,819200,GET,true,218.449
2452,278528,GET,true,90.923
2453,6912,GET,true,26.903
2454,6864896,GET,true,1763.012
2455,655360,GET,true,176.852
2456,6736,GET,true,39.421
2457,5212,GET,true,26.637
2458,12284,GET,false,13.588
2459,1896,GET,false,24.818
2460,1772,GET,false,14.051
2461,109690880,GET,true,33523.961
2462,2056,GET,true,48.218
2463,7900,PUT,false,46.658
2464,2628,GET,true,24.652
2465,2628,GET,false,23.915
2466,237371392,GET,false,36366.87
2467,15777792,GET,false,2427.941
2468,3555328,GET,true,964.602
2469,2056,GET,true,24.284
2470,1900544,GET,true,459.714
2471,3220,GET,false,13.36
2472,6724,GET,true,24.874
2473,294912,GET,false,54.144
2474,62308352,GET,false,9558.815
2475,2310144,GET,true,558.444
2476,327680,GET,false,63.87
2477,2628,GET,true,23.252
2478,1132,GET,false,18.179
2479,2056,GET,true,22.066
2480,12284,GET,true,19.316
2481,6912,GET,true,15.504
2482,6728,GET,true,21.17
2483,8784,GET,true,19.78
2484,2060,GET,false,19.539
2485,1916928,GET,false,300.877
2486,2628,GET,true,20.53
2487,81920,GET,false,23.268
2488,10764288,GET,true,2950.821
2489,6736,GET,true,33.582
2490,128172032,GET,false,19651.493
2491,1316,GET,true,26.394
2492,19070976,PUT,false,7380.71
2493,32768,GET,true,60.413
2494,64471040,GET,true,18672.009
2495,1364,GET,true,52.251
2496,1324,GET,true,27.885
2497,163840,GET,true,53.227
2498,1860,GET,true,21.172
2499,4496,GET,true,24.638
2500,3480,GET,true,20.087
2501,1372,GET,true,20.464
2502,2056,GET,true,25.33
2503,15632,GET,false,18.868
2504,2056,GET,false,18.569
2505,12284,GET,true,21.259
2506,3868,GET,false,17.165
2507,16384,GET,true,27.369
2508,1277952,GET,false,205.05
2509,6724,GET,false,22.348
2510,1988,GET,false,22.958
2511,27869184,GET,true,7977.841
2512,61161472,GET,false,9386.846
2513,16384,GET,false,23.967
2514,1276,GET,true,35.474
2515,2404,GET,false,20.563
2516,245760,GET,false,45.005
2517,3436,GET,false,18.609
2518,49152,GET,false,18.093
2519,1520,GET,false,24.477
2520,6720,GET,false,20.947
2521,67010560,GET,false,10280.726
2522,1420,PUT,false,38.142
2523,2056,GET,true,21.956
2524,148471808,GET,false,22751.571
2525,163233792,GET,true,51774.041
2526,6720,GET,true,42.648
2527,14636,GET,true,24.614
2528,4684,GET,true,21.689
2529,1800,GET,true,23.903
2530,16384,GET,true,23.813
2531,8248,GET,true,17.038
2532,1152,GET,false,15.046
2533,16187392,GET,false,2488.799
2534,2628,GET,true,19.017
2535,2744,PUT,false,40.25
2536,186712064,GET,true,58531.063
2537,6720,GET,true,43.769
2538,2192,GET,false,22.954
2539,1460,GET,true,23.254
2540,2342912,GET,true,629.781
2541,2628,GET,false,17.698
2542,2632,GET,true,20.767
2543,2628,GET,true,18.899
2544,4358144,PUT,false,1248.925
2545,1376,GET,true,25.166
2546,13910016,GET,true,3752.682
2547,82493440,GET,false,12653.202
2548,5232,GET,false,14.357
2549,182272000,GET,false,27929.156
2550,2208,GET,false,13.369
2551,16384,GET,false,18.388
2552,6748,PUT,false,34.987
2553,4680,PUT,false,27.238
2554,18513920,GET,true,4677.94
2555,8437760,GET,false,1323.852
2556,2620,GET,true,23.686
2557,2628,GET,false,13.118
2558,32768,GET,false,18.089
2559,7856,GET,false,13.957
2560,12845056,GET,true,3077.293
2561,835584,GET,true,215.201
2562,7416,GET,true,22.828
2563,12156,GET,true,26.252
2564,2000,GET,true,20.091
2565,1356,GET,false,16.065
2566,25690112,GET,false,3965.084
2567,1132,GET,true,19.396
2568,1916928,GET,true,460.551
2569,2056,GET,true,20.008
2570,409600,GET,false,70.903
2571,84803584,GET,false,13008.57
2572,3833856,GET,true,911.192
2573,147456,GET,true,51.817
2574,5184,GET,true,21.975
2575,2628,GET,false,10.548
2576,8320,GET,true,18.029
2577,6664,GET,false,13.837
2578,1372,GET,true,17.266
2579,8836,GET,true,23.415
2580,884736,GET,true,219.571
2581,50413568,PUT,false,18925.343
2582,27279360,GET,true,7789.417
2583,2612,GET,false,24.876
2584,29949952,GET,false,4600.378
2585,12284,GET,false,19.44
2586,6824,GET,false,14.189
2587,2113536,GET,true,527.927
2588,2628,GET,true,20.528
2589,7416,GET,true,23.848
2590,2056,GET,true,19.141
2591,6716,GET,true,19.23
2592,2208,GET,true,17.969
2593,5992,PUT,false,39.109
2594,82493440,GET,false,12658.823
2595,2056,GET,true,22.841
2596,1480,GET,false,20.738
2597,2144,GET,false,16.881
2598,868352,GET,false,141.075
2599,2342912,PUT,false,763.325
2600,16384,GET,false,25.245
2601,4680,GET,false,24.594
2602,2208,GET,true,42.884
2603,1500,GET,false,17.171
2604,1420,GET,true,22.135
2605,5236,GET,true,23.682
2606,1420,GET,false,13.939
2607,1896,GET,false,13.033
2608,163840,GET,true,53.463
2609,1132,GET,true,18.747
2610,2828,GET,true,25.219
2611,1740,GET,true,16.217
2612,2196,GET,true,18.283
2613,9292,GET,false,16.728
2614,4680,GET,true,15.321
2615,589824,GET,true,150.548
2616,1420,GET,true,18.871
2617,2044,PUT,false,26.183
2618,66715648,GET,true,18758.758
2619,1532,GET,false,33.957
2620,1064960,GET,true,291.183
2621,4524,GET,false,23.705
2622,38322176,GET,false,5885.607
2623,2310144,GET,false,362.149
2624,2056,PUT,false,39.124
2625,1982464,GET,false,312.431
2626,128548864,GET,false,19703.821
2627,1368,GET,false,16.861
2628,1368,GET,true,17.887
2629,1364,GET,false,11.462
2630,82509824,PUT,false,41008.336
2631,7168,GET,true,58.853
2632,63488000,GET,true,22934.175
2633,163840,GET,true,82.131
2634,5619712,GET,true,1728.626
2635,1132,PUT,false,49.214
2636,1032192,GET,false,169.306
2637,8060928,GET,true,2363.073
2638,8060928,GET,false,1253.732
2639,14991360,GET,true,4497.182
2640,65536,GET,true,43.214
2641,7847936,GET,true,2164.364
2642,4072,GET,false,23.559
2643,16384,GET,true,32.826
2644,19152896,GET,false,2946.678
2645,262144,GET,false,49.733
2646,4592,GET,true,25.831
2647,2012,GET,true,29.548
2648,1076,GET,true,27.335
2649,16384,GET,false,16.267
2650,5932,GET,false,24.303
2651,1560,GET,true,24.883
2652,1408,GET,false,21.751
2653,1152,GET,false,18.917
2654,671744,GET,false,112.324
2655,41910272,GET,true,12474.582
2656,3044,GET,true,56.905
2657,49807360,GET,true,15034.622
2658,16384,GET,false,33.963
2659,7212,GET,false,22.19
2660,12284,GET,false,18.647
2661,1500,GET,false,23.485
2662,21037056,GET,true,6181.751
2663,294912,GET,false,57.273
2664,163840,GET,true,66.145
2665,76300288,GET,true,22053.983
2666,16384,GET,false,27.316
2667,1327104,GET,true,366.687
2668,6897664,GET,true,1885.771
2669,4940,GET,true,24.366
2670,5488,GET,false,22.483
2671,1916928,GET,false,300.8
2672,6732,GET,true,18.638
2673,9588,GET,true,23.444
2674,475136,GET,false,80.741
2675,4812,GET,true,23.156
2676,3900,GET,true,20.981
2677,2628,GET,true,16.041
2678,12820,GET,true,25.506
2679,589824,GET,true,151.959
2680,6480,GET,false,14.632
2681,9338880,GET,false,1441.779
2682,9142272,GET,true,2314.249
2683,15368192,GET,false,2362.002
2684,244334592,GET,true,90781.174
2685,196608,GET,true,79.576
2686,13840,GET,false,23.996
2687,316375040,GET,true,207880.146
2688,1228800,GET,true,340.48
2689,3412,GET,true,33.859
2690,9128,GET,false,22.892
2691,39337984,GET,false,6040.709
2692,2640,GET,false,22.341
2693,1015808,GET,false,163.238
2694,33783808,GET,true,9748.608
2695,294912,GET,true,96.955
2696,82493440,PUT,false,31098.746
2697,2628,GET,true,67.366
2698,58015744,GET,true,19129.981
2699,1720,GET,true,73.581
2700,57769984,GET,false,8872.423
2701,2628,GET,true,26.255
2702,278528,GET,false,51.967
2703,9584,GET,false,16.353
2704,100810752,GET,true,31605.26
2705,196608,GET,false,48.796
2706,114688,GET,false,28.77
2707,45940736,GET,false,7046.531
2708,21659648,GET,false,3328.037
2709,1584,GET,false,17.488
2710,2620,GET,true,33.379
2711,2048,GET,false,13.646
2712,13296,GET,true,25.246
2713,491520,GET,true,145.517
2714,14988,GET,false,22.538
2715,1192,GET,false,20.344
2716,1064960,GET,true,289.272
2717,2097152,GET,false,331.991
2718,1132,GET,true,22.893
2719,1132,GET,false,12.27
2720,1772,GET,false,16.427
2721,6604,GET,false,18.786
2722,14237696,GET,true,4158.903
2723,25640960,GET,false,3940.263
2724,4259840,GET,true,1077.351
2725,819200,GET,false,133.502
2726,2628,GET,true,21.856
2727,2080768,GET,false,326.11
2728,2628,GET,true,17.809
2729,2628,GET,false,19.315
2730,6932,GET,false,22.352
2731,1712,GET,true,20.337
2732,16973824,GET,true,4365.255
2733,5648,GET,true,29.182
2734,32768,GET,false,23.958
2735,21692416,GET,false,3333.307
2736,6111232,GET,false,946.453
2737,12156,GET,true,18.806
2738,1788,GET,false,15.079
2739,4756,GET,true,22.915
2740,1156,GET,true,20.6
2741,83935232,GET,true,23942.246
2742,2628,GET,true,42.679
2743,13448,GET,false,28.213
2744,12284,GET,true,25.08
2745,3211264,GET,true,859.354
2746,262144,GET,true,76.402
2747,1425408,GET,false,227.387
2748,8320,GET,false,19.342
2749,46891008,GET,true,13526.157
2750,12820,GET,true,44.279
2751,19152896,GET,false,2942.926
2752,622592,GET,true,170.642
2753,1048576,GET,false,169.548
2754,90095616,GET,false,13828.634
2755,314621952,GET,true,115905.712
2756,84246528,GET,false,12944.738
2757,16384,GET,false,21.693
2758,99467264,GET,true,29202.658
2759,12284,GET,true,54.122
2760,1372,GET,false,19.002
2761,9633792,GET,true,2687.154
2762,4652,GET,false,18.855
2763,16384,GET,true,30.54
2764,2608,GET,true,15.434
