0,2628,GET,true,20.08
1,1368,GET,true,19.109
2,5948,GET,true,18.459
3,3896,GET,true,17.592
4,16384,GET,true,27.071
5,25640960,GET,true,5506.592
6,1836,GET,true,17.217
7,22609920,GET,true,4779.675
8,5648,GET,true,17.337
9,1388,GET,true,15.687
10,1132,GET,true,16.094
11,2056,GET,true,14.171
12,11120,GET,true,14.798
13,2056,GET,true,14.785
14,2196,GET,true,12.354
15,5420,GET,true,16.843
16,1835008,GET,true,354.088
17,2228224,PUT,false,815.191
18,19070976,GET,true,3260.39
19,1372,GET,true,18.463
20,2876,GET,true,12.401
21,7984,GET,true,13.557
22,16384,GET,true,17.894
23,4898816,GET,true,884.68
24,15826944,GET,true,2674.248
25,1292,GET,true,13.048
26,5232,PUT,false,40.337
27,2832,GET,true,12.136
28,2628,GET,true,13.539
29,2632,GET,true,18.913
30,458752,GET,true,127.608
31,688128,PUT,false,281.966
32,5420,GET,true,14.474
33,12156,GET,true,28.677
34,2628,GET,true,12.086
35,1372,GET,true,15.746
36,8585216,PUT,false,2937.089
37,82493440,GET,true,26882.815
38,1292,PUT,false,33.72
39,1744,PUT,false,28.069
40,15716,GET,true,17.455
41,1392640,GET,true,314.918
42,314654720,PUT,false,105813.875
43,1336,GET,true,36.379
44,147456,GET,true,123.619
45,16172,GET,true,67.097
46,23478272,GET,true,5254.53
47,1916928,GET,true,408.288
48,1753088,PUT,false,544.232
49,2628,GET,true,20.985
50,95813632,GET,true,17858.758
51,99876864,GET,true,21577.868
52,6728,GET,true,24.41
53,1776,GET,true,15.922
54,82509824,GET,true,19131.649
55,2628,GET,true,15.324
56,5136,GET,true,15.066
57,74891264,GET,true,16541.995
58,1032,GET,true,14.838
59,16384,GET,true,14.894
60,5420,GET,true,13.103
61,2628,GET,true,12.058
62,25034752,PUT,false,7488.614
63,16384,GET,true,22.703
64,1900,GET,true,18.053
65,6756,GET,true,14.548
66,1492,GET,true,13.864
67,11368,GET,true,19.333
68,16384,GET,true,36.74
69,6012928,GET,true,1079.544
70,18825216,GET,true,3721.598
71,278528,GET,true,446.056
72,6720,GET,true,16.253
73,32768,GET,true,18.562
74,2056,GET,true,12.031
75,2824,GET,true,13.012
76,51576832,GET,true,21418.609
77,74366976,PUT,false,22963.049
78,13910016,GET,true,27713.91
79,2605056,GET,true,12966.65
80,4592,GET,true,22.262
81,13484032,GET,true,2693.11
82,6316,GET,true,18.717
83,16068,PUT,false,31.682
84,54394880,GET,true,10018.851
85,61063168,GET,true,12025.303
86,196608,GET,true,61.833
87,1152,GET,true,18.736
88,61030400,GET,true,47013.221
89,373112832,GET,true,77127.974
90,5236,GET,true,23.735
91,7880704,GET,true,1512.948
92,64733184,GET,true,14715.871
93,5062656,GET,true,26688.475
94,66945024,GET,true,26716.347
95,1132,GET,true,14.633
96,1788,GET,true,13.005
97,1388,GET,true,11.988
98,2628,GET,true,12.433
99,16384,GET,true,14.349
100,122093568,PUT,false,36226.573
101,12156,GET,true,17.825
102,983040,GET,true,220.28
103,49152,GET,true,26.152
104,6720,GET,true,15.681
105,1156,GET,true,12.314
106,13972,GET,true,14.797
107,884736,PUT,false,298.814
108,82509824,GET,true,17511.454
109,32768,GET,true,20.685
110,2212,GET,true,13.035
111,61014016,GET,true,10187.934
112,1428,GET,true,19.045
113,81920,GET,true,28.393
114,1372,GET,true,18.833
115,1376,GET,true,13.589
116,589824,GET,true,271.955
117,2628,GET,true,15.573
118,3220,GET,true,13.233
119,2056,GET,true,37.389
120,1372,GET,true,12.989
121,2628,GET,true,13.632
122,7900,GET,true,14.005
123,1900544,GET,true,5990.476
124,8260,GET,true,15.891
125,22609920,GET,true,3827.116
126,2748,GET,true,16.76
127,100073472,GET,true,18283.525
128,18530304,GET,true,3817.495
129,2628,GET,true,25.557
130,1080,GET,true,15.755
131,16629760,GET,true,3076.617
132,1156,GET,true,23.34
133,16068,GET,true,18.517
134,8120,GET,true,15.036
135,76365824,GET,true,17579.623
136,34455552,GET,true,7678.948
137,1620,GET,true,23.698
138,5455872,GET,true,981.679
139,1988,GET,true,17.388
140,2628,GET,true,14.989
141,12284,GET,true,15.158
142,41893888,GET,true,9224.669
143,10348,GET,true,18.168
144,82493440,GET,true,14803.624
145,5232,GET,true,25.94
146,2056,GET,true,17.068
147,82493440,GET,true,13239.489
148,83574784,GET,true,18180.932
149,13058048,GET,true,2270.197
150,10649600,GET,true,2224.335
151,479412224,GET,true,97969.437
152,6716,GET,true,19.489
153,2056,GET,true,12.735
154,17186816,GET,true,2917.046
155,6740,PUT,false,30.707
156,16384,GET,true,15.255
157,1824,GET,true,12.159
158,6728,GET,true,13.843
159,147456,GET,true,82.418
160,2628,GET,true,49.507
161,6792,PUT,false,33.361
162,1376,GET,true,15.788
163,44220416,GET,true,10015.426
164,2608,GET,true,15.802
165,2196,GET,true,13.065
166,1372,GET,true,12.51
167,16384,GET,true,14.178
168,2628,GET,true,12.034
169,180224,GET,true,71.818
170,1376,GET,true,32.453
171,1192,GET,true,16.145
172,82493440,GET,true,15525.839
173,2523136,GET,true,493.498
174,2064384,GET,true,883.133
175,22102016,GET,true,14321.775
176,2608,GET,true,20.849
177,16384,GET,true,18.125
178,84525056,GET,true,19268.377
179,2628,GET,true,17.249
180,6780,GET,true,14.102
181,14188544,GET,true,2883.986
182,2056,GET,true,15.276
183,7476,GET,true,14.883
184,8060928,GET,true,26943.989
185,1368,GET,true,19.756
186,6724,GET,true,15.522
187,2056,PUT,false,31.16
188,67092480,GET,true,26109.915
189,2572288,GET,true,507.109
190,1188,GET,true,15.499
191,2097152,GET,true,404.62
192,15974400,GET,true,3312.205
193,163840,GET,true,81.008
194,16384,GET,true,57.71
195,16384,GET,true,20.73
196,7360,GET,true,12.829
197,16384,GET,true,12.993
198,2628,GET,true,11.634
199,5420,GET,true,12.145
200,7180,GET,true,12.933
201,51200000,GET,true,11127.606
202,4524,GET,true,14.766
203,3248,GET,true,12.668
204,802816,GET,true,199.186
205,2256,GET,true,14.659
206,1308,GET,true,12.479
207,1372,GET,true,11.88
208,1244,GET,true,11.537
209,1132,GET,true,12.844
210,2056,GET,true,41.118
211,2208,GET,true,11.488
212,1244,GET,true,8.705
213,2360,GET,true,12.067
214,6740,PUT,false,35.983
215,7416,GET,true,15.66
216,2056,GET,true,19.339
217,4688,GET,true,12.521
218,2056,GET,true,11.181
219,5136,GET,true,12.547
220,27017216,GET,true,4510.587
221,67092480,GET,true,11204.221
222,6728,GET,true,22.411
223,884736,GET,true,245.907
224,294912,GET,true,94.384
225,278528,GET,true,82.204
226,1804,GET,true,15.516
227,12264,GET,true,15.566
228,18202624,GET,true,3251.247
229,6908,GET,true,16.717
230,2056,GET,true,13.991
231,3376,GET,true,14.667
232,36995072,GET,true,7436.337
233,2506752,GET,true,560.612
234,1835008,GET,true,384.087
235,84459520,GET,true,18453.023
236,2628,GET,true,15.818
237,2000,GET,true,13.02
238,2632,GET,true,13.704
239,10010624,GET,true,1691.168
240,2000,PUT,false,27.949
241,12845056,GET,true,2216.501
242,6460,GET,true,14.171
243,2736,GET,true,12.763
244,12156,GET,true,14.283
245,2364,GET,true,11.477
246,2000,PUT,false,22.37
247,2056,GET,true,13.114
248,2192,GET,true,10.992
249,6736,GET,true,12.593
250,1420,GET,true,11.953
251,2628,GET,true,11.553
252,2628,GET,true,11.53
253,2344,GET,true,12.217
254,32768,GET,true,17.343
255,16384,GET,true,13.703
256,6111232,GET,true,1076.419
257,2604,GET,true,13.223
258,2056,PUT,false,21.361
259,13090816,GET,true,27373.459
260,82509824,GET,true,29854.928
261,6708,GET,true,17.276
262,2040,GET,true,13.097
263,24608768,GET,true,5168.78
264,1820,GET,true,16.699
265,82493440,PUT,false,24862.39
266,2216,GET,true,30.708
267,1800,GET,true,15.735
268,2129920,GET,true,971.618
269,1780,PUT,false,29.804
270,16384,GET,true,19.78
271,33505280,GET,true,18526.796
272,2212,GET,true,19.184
273,19152896,GET,true,3716.584
274,1132,PUT,false,27.193
275,1436,GET,true,15.001
276,16384,GET,true,17.359
277,6708,GET,true,13.792
278,2224,PUT,false,21.6
279,1800,GET,true,15.692
280,1240,GET,true,14.914
281,43171840,GET,true,8264.245
282,1132,GET,true,20.226
283,1508,GET,true,18.197
284,22102016,GET,true,4402.11
285,6536,PUT,false,30.259
286,43171840,GET,true,7744.317
287,4684,GET,true,19.712
288,4576,GET,true,20.012
289,8585216,GET,true,39170.194
290,11010048,GET,true,2224.335
291,1128,GET,true,19.228
292,19070976,PUT,false,5921.634
293,6724,GET,true,19.175
294,2628,GET,true,14.768
295,12284,GET,true,16.432
296,1156,GET,true,13.846
297,1988,GET,true,14.129
298,2996,GET,true,14.904
299,8040,GET,true,16.154
300,4684,GET,true,15.594
301,19070976,GET,true,3192.108
302,1772,GET,true,16.335
303,479461376,GET,true,78976.793
304,5420,GET,true,30.146
305,1980,GET,true,16.816
306,6720,GET,true,17.112
307,1336,GET,true,14.732
308,1236,GET,true,14.908
309,10764288,GET,true,1771.833
310,2097152,GET,true,456.996
311,2252,GET,true,17.138
312,1040,GET,true,14.51
313,2628,GET,true,13.907
314,1980,GET,true,14.444
315,1064960,GET,true,228.782
316,163840,GET,true,43.832
317,42483712,GET,true,7674.83
318,9292,GET,true,19.424
319,2208,GET,true,14.728
320,1460,GET,true,14.69
321,1152,GET,true,13.901
322,2252,GET,true,14.602
323,163840,GET,true,90.777
324,65536,GET,true,68.646
325,9544,GET,true,19.51
326,4752,GET,true,20.499
327,6720,GET,true,15.075
328,3004,GET,true,14.504
329,3020,GET,true,13.785
330,1528,GET,true,15.678
331,819200,GET,true,184.873
332,7120,GET,true,15.79
333,139378688,GET,true,47077.821
334,16384,PUT,false,51.871
335,44056576,GET,true,18089.01
336,1460,GET,true,21.919
337,1500,GET,true,16.323
338,72679424,GET,true,16553.225
339,8248,GET,true,21.383
340,1128,GET,true,15.932
341,12156,GET,true,17.115
342,2056,GET,true,14.393
343,2832,GET,true,15.341
344,1132,PUT,false,25.948
345,82493440,GET,true,18452.934
346,65536,GET,true,31.464
347,2996,GET,true,14.216
348,4524,GET,true,13.539
349,4680,GET,true,12.388
350,1388,GET,true,12.566
351,4708,GET,true,13.299
352,1504,GET,true,13.611
353,30523392,GET,true,6365.852
354,1988,GET,true,18.79
355,79560704,GET,true,36200.237
356,1916928,GET,true,13269.726
357,46891008,GET,true,10497.131
358,6748,GET,true,26.288
359,2572288,GET,true,592.166
360,29949952,GET,true,6602.982
361,4688,GET,true,21.525
362,4688,GET,true,10.296
363,2628,GET,true,15.132
364,3244,GET,true,13.73
365,2996,GET,true,13.165
366,1536,GET,true,14.71
367,690372608,GET,true,138203.822
368,32768,GET,true,28.827
369,4164,GET,true,12.661
370,16384,GET,true,15.842
371,1277952,GET,true,301.341
372,1624,GET,true,14.091
373,92979200,GET,true,16703.954
374,1152,GET,true,21.231
375,10576,GET,true,15.824
376,22822912,GET,true,3776.751
377,314081280,GET,true,66942.731
378,2628,GET,true,15.258
379,2628,GET,true,17.654
380,7676,GET,true,12.798
381,3044,GET,true,12.033
382,2628,GET,true,11.488
383,54394880,GET,true,12590.561
384,16384,GET,true,17.649
385,2628,GET,true,15.381
386,11692,GET,true,13.513
387,1932,GET,true,11.524
388,1128,GET,true,12.645
389,1900544,GET,true,399.067
390,1356,GET,true,13.592
391,7676,GET,true,13.139
392,2200,GET,true,11.506
393,82493440,GET,true,18409.916
394,30883840,GET,true,29556.456
395,2056,GET,true,16.759
396,1068,GET,true,13.172
397,82493440,GET,true,29776.612
398,2608,GET,true,17.266
399,1728,GET,true,13.361
400,1348,PUT,false,29.521
401,2628,GET,true,13.405
402,11943936,GET,true,2409.155
403,4128768,GET,true,812.21
404,1128,GET,true,14.877
405,16384,GET,true,15.266
406,16384,GET,true,14.726
407,1228800,GET,true,26349.739
408,2964,GET,true,14.085
409,1900544,GET,true,12320.43
410,360448,GET,true,100.578
411,606208,GET,true,137.936
412,1372,GET,true,14.547
413,1356,GET,true,12.352
414,6608,GET,true,12.107
415,7248,GET,true,12.855
416,1228800,GET,true,275.197
417,1256,GET,true,13.503
418,163840,GET,true,89.055
419,2628,GET,true,57.23
420,2600,GET,true,14.967
421,63848448,GET,true,20773.9
422,129925120,GET,true,30313.11
423,1160,GET,true,22.315
424,16384,GET,true,18.225
425,1256,GET,true,13.6
426,12284,GET,true,16.378
427,46891008,GET,true,10856.731
428,83918848,GET,true,15838.977
429,12392,GET,true,29.367
430,950272,GET,true,207.638
431,92979200,GET,true,16577.355
432,2632,GET,true,24.532
433,150093824,GET,true,33963.612
434,4684,GET,true,17.259
435,42336256,GET,true,7728.848
436,52477952,GET,true,32450.355
437,6580,GET,true,32.779
438,12156,GET,true,18.108
439,109051904,GET,true,35698.577
440,16384,GET,true,22.891
441,16384,GET,true,17.351
442,2344,GET,true,15.997
443,10862592,GET,true,1903.451
444,2584,GET,true,17.663
445,1520,GET,true,13.387
446,671744,GET,true,188.28
447,16629760,GET,true,3277.865
448,770048,GET,true,178.042
449,1212416,GET,true,254.02
450,1988,GET,true,15.536
451,35487744,GET,true,7778.813
452,2628,GET,true,14.578
453,4580,GET,true,12.506
454,7536640,GET,true,1316.447
455,2310144,GET,true,521.136
456,3220,GET,true,14.605
457,10196,GET,true,15.081
458,1232,GET,true,11.805
459,3024,GET,true,13.831
460,1064960,GET,true,235.344
461,3940,GET,true,13.911
462,2056,GET,true,12.039
463,12284,GET,true,14.655
464,1316,GET,true,11.594
465,2628,GET,true,11.888
466,16384,GET,true,14.352
467,1148,GET,true,11.029
468,2628,GET,true,12.794
469,96550912,GET,true,16450.057
470,51281920,GET,true,11386.438
471,23887872,GET,true,4740.43
472,278528,GET,true,98.828
473,1916928,GET,true,377.24
474,5455872,GET,true,27077.329
475,1152,GET,true,17.713
476,18513920,GET,true,15337.793
477,2996,GET,true,14.888
478,2628,GET,true,12.374
479,2256,GET,true,12.194
480,2340,GET,true,11.906
481,1368,GET,true,11.902
482,1156,GET,true,14.525
483,1179648,GET,true,262.77
484,1327104,GET,true,290.571
485,2824,GET,true,14.278
486,819200,GET,true,190.76
487,327680,GET,true,8736.05
488,7847936,GET,true,1467.576
489,6078464,GET,true,1168.09
490,8060928,GET,true,1404.611
491,983040,GET,true,234.824
492,2812,GET,true,15.47
493,73416704,GET,true,16144.113
494,868352,GET,true,581.051
495,11714560,GET,true,14105.523
496,38699008,PUT,false,10817.634
497,2628,GET,true,16.114
498,163840,GET,true,95.024
499,18874368,GET,true,3238.189
500,1144,PUT,false,66.129
501,5232,GET,true,17.871
502,4500,PUT,false,27.872
503,10747904,GET,true,2204.12
504,4708,GET,true,15.971
505,12156,GET,true,14.078
506,10764288,GET,true,1864.94
507,983040,GET,true,208.918
508,16384,GET,true,17.281
509,4500,GET,true,13.46
510,2604,GET,true,12.446
511,9388032,GET,true,1643.036
512,16384,GET,true,17.332
513,4080,GET,true,12.4
514,196493312,GET,true,43781.318
515,6932,GET,true,15.069
516,11517952,GET,true,27439.152
517,262144,GET,true,12226.304
518,819200,GET,true,182.004
519,12284,GET,true,15.721
520,109051904,GET,true,24401.954
521,278528,GET,true,77.989
522,29065216,GET,true,6418.289
523,4260,GET,true,14.994
524,22282240,GET,true,4312.9
525,1996,GET,true,13.896
526,819200,GET,true,200.947
527,2628,GET,true,13.341
528,1156,GET,true,11.022
529,671744,GET,true,174.327
530,3424,GET,true,13.459
531,6455296,GET,true,26691.116
532,2824,GET,true,13.604
533,3063808,GET,true,12793.554
534,2632,GET,true,13.034
535,6932,GET,true,12.41
536,3342336,GET,true,670.682
537,2080768,GET,true,12013.498
538,84295680,GET,true,57941.051
539,163840,GET,true,103.951
540,2628,GET,true,44.419
541,2072,GET,true,19.047
542,2056,PUT,false,34.722
543,70533120,GET,true,15668.315
544,16384,GET,true,23.16
545,131072,GET,true,942.929
546,2056,PUT,false,27.067
547,58015744,GET,true,24225.726
548,6111232,GET,true,1615.873
549,1152,GET,true,16.644
550,2552,GET,true,14.607
551,3044,GET,true,12.861
552,4340,GET,true,12.566
553,1179648,GET,true,244.935
554,7084,GET,true,13.989
555,4164,GET,true,12.823
556,163840,GET,true,43.765
557,2628,GET,true,11.94
558,4252,GET,true,13.958
559,22282240,GET,true,28919.981
560,7476,GET,true,19.102
561,4172,GET,true,13.749
562,8264,GET,true,16.647
563,32768,GET,true,19.9
564,191496192,GET,true,67773.809
565,1156,GET,true,31.305
566,6736,GET,true,17.927
567,4704,GET,true,16.39
568,2416,GET,true,16.392
569,1146880,GET,true,287.689
570,40828928,GET,true,7616.64
571,16004,GET,true,24.046
572,21970944,GET,true,4314.493
573,1032,GET,true,17.322
574,11321344,GET,true,2214.443
575,1424,GET,true,17.759
576,4276,GET,true,13.983
577,61046784,GET,true,9996.773
578,16416768,GET,true,3211.499
579,1584,GET,true,20.051
580,111788032,GET,true,25499.265
581,2188,GET,true,18.814
582,9536,GET,true,15.019
583,3044,GET,true,12.458
584,2056,GET,true,13.199
585,1752,GET,true,13.111
586,28868608,GET,true,6179.907
587,1988,GET,true,15.182
588,163840,GET,true,88.084
589,1984,GET,true,72.741
590,1372,GET,true,18.779
591,1132,GET,true,12.432
592,111509504,GET,true,42525.937
593,2012,GET,true,32.608
594,129695744,GET,true,28404.172
595,82509824,PUT,false,32380.394
596,1036,GET,true,31.368
597,58310656,GET,true,17627.671
598,1372,GET,true,31.397
599,3112,GET,true,16.85
600,3376,GET,true,15.083
601,4868,GET,true,21.45
602,33177600,GET,true,16633.929
603,3188,GET,true,19.315
604,110231552,GET,true,40892.249
605,278528,GET,true,12250.121
606,15708,GET,true,26.258
607,66994176,GET,true,12637.176
608,5236,GET,true,24.623
609,82493440,GET,true,13928.414
610,7180,GET,true,25.666
611,2608,GET,true,16.079
612,33619968,GET,true,5547.588
613,2056,GET,true,17.63
614,16384,PUT,false,34.356
615,688128,PUT,false,805.853
616,28196864,GET,true,17276.523
617,29360128,GET,true,4879.907
618,3448,GET,true,16.183
619,18481152,GET,true,3088.552
620,2812,GET,true,15.538
621,72679424,GET,true,16181.722
622,45940736,GET,true,7592.145
623,12156,GET,true,17.067
624,7008,GET,true,15.545
625,2056,GET,true,13.313
626,2056,GET,true,12.045
627,1372,GET,true,13.12
628,2056,GET,true,12.494
629,82493440,GET,true,14421.857
630,2628,GET,true,24.749
631,16384,GET,true,17.968
632,2056,GET,true,13.579
633,32768,PUT,false,157.533
634,6740,GET,true,17.709
635,13910016,GET,true,14279.431
636,458752,PUT,false,179.538
637,15056896,GET,true,2866.88
638,67092480,GET,true,35874.89
639,16384,GET,true,28.337
640,33931264,GET,true,7534.343
641,1584,GET,true,18.131
642,32768,GET,true,21.923
643,6792,GET,true,15.955
644,4708,GET,true,15.469
645,6748,GET,true,17.014
646,983040,GET,true,231.914
647,3096576,GET,true,578.003
648,2628,GET,true,18.125
649,7476,GET,true,15.34
650,1572864,GET,true,353.231
651,49496064,GET,true,10648.301
652,8126464,GET,true,1658.775
653,12284,GET,true,16.276
654,65536,GET,true,24.596
655,43499520,GET,true,7331.749
656,1372,GET,true,22.175
657,2056,GET,true,15.592
658,819200,GET,true,182.042
659,7476,GET,true,15.587
660,9544,GET,true,16.141
661,44974080,GET,true,9946.507
662,82493440,GET,true,18778.945
663,6732,GET,true,17.54
664,63291392,GET,true,33787.483
665,124272640,GET,true,37129.337
666,1982464,GET,true,26272.141
667,2056,GET,true,22.953
668,4524,GET,true,15.704
669,8184,GET,true,15.997
670,2056,GET,true,16.491
671,4384,PUT,false,33.199
672,2628,GET,true,15.978
673,1244,GET,true,16.105
674,16384,GET,true,17.473
675,1448,GET,true,14.08
676,47579136,GET,true,22503.281
677,819200,GET,true,230.288
678,2056,GET,true,17.684
679,32768,GET,true,18.485
680,1584,GET,true,14.395
681,6736,GET,true,15.493
682,82493440,GET,true,37294.995
683,1372,GET,true,38.827
684,16384,GET,true,20.431
685,2056,GET,true,14.731
686,146898944,GET,true,47998.395
687,12284,GET,true,31.927
688,53510144,GET,true,31929.85
689,2628,GET,true,39.578
690,2360,GET,true,19.03
691,8040,PUT,false,34.433
692,2056,GET,true,15.389
693,2056,GET,true,17.374
694,2056,GET,true,16.491
695,2608,GET,true,14.32
696,1780,GET,true,15.372
697,1452,GET,true,13.978
698,2195456,GET,true,12741.556
699,1828,GET,true,19.023
700,2097152,GET,true,12704.355
701,18825216,GET,true,3226.049
702,3044,GET,true,19.177
703,2420,GET,true,16.082
704,13467648,GET,true,2607.083
705,49152,GET,true,24.795
706,311296,GET,true,25907.496
707,2208,GET,true,17.299
708,23248896,GET,true,28657.054
709,1308,GET,true,17.564
710,1828,GET,true,18.47
711,12156,GET,true,16.719
712,32210944,GET,true,15577.898
713,2608,GET,true,17.401
714,2056,GET,true,15.622
715,1900,GET,true,13.391
716,237371392,GET,true,42078.882
717,2196,GET,true,31.564
718,2056,GET,true,15.527
719,82509824,GET,true,15452.616
720,60063744,GET,true,9605.545
721,2188,GET,true,22.68
722,59719680,GET,true,9475.16
723,1356,GET,true,21.234
724,148471808,GET,true,34027.888
725,82493440,GET,true,17786.751
726,6720,GET,true,16.049
727,10196,GET,true,13.956
728,2056,GET,true,12.982
729,2628,GET,true,11.797
730,3940,GET,true,12.365
731,13500416,GET,true,2452.497
732,12284,GET,true,15.591
733,82509824,GET,true,18737.986
734,12284,GET,true,15.189
735,82493440,GET,true,36388.152
736,146030592,GET,true,44058.413
737,294912,GET,true,259.627
738,1500,GET,true,23.037
739,4684,GET,true,15.941
740,479412224,GET,true,108772.207
741,20725760,GET,true,4339.562
742,4524,GET,true,16.611
743,1980,GET,true,12.666
744,380583936,GET,true,77904.941
745,2628,GET,true,14.904
746,2628,GET,true,11.94
747,1772,GET,true,11.481
748,3220,GET,true,13.072
749,7984,GET,true,13.311
750,2056,GET,true,12.179
751,8272,GET,true,13.262
752,6364,GET,true,12.385
753,65454080,GET,true,34255.911
754,66191360,GET,true,24434.0
755,3220,GET,true,38.307
756,3522560,GET,true,1278.463
757,1356,GET,true,19.838
758,10576,GET,true,20.044
759,4756,GET,true,14.561
760,1336,GET,true,13.68
761,81920,GET,true,26.467
762,6864,GET,true,16.44
763,1292,GET,true,14.788
764,6720,GET,true,16.523
765,2628,GET,true,15.22
766,6724,GET,true,15.553
767,2056,GET,true,14.855
768,360448,GET,true,11550.624
769,109051904,GET,true,17400.239
770,7476,GET,true,27.944
771,11714560,GET,true,2049.716
772,74366976,GET,true,11845.789
773,1696,GET,true,23.103
774,1372,GET,true,15.308
775,14388,GET,true,16.78
776,19873792,GET,true,4083.372
777,8224768,GET,true,1559.116
778,16646144,GET,true,3229.623
779,58245120,GET,true,10313.321
780,75988992,GET,true,17111.86
781,16384,GET,true,27.217
782,2560,GET,true,13.723
783,2056,GET,true,13.615
784,6732,GET,true,14.594
785,65536,PUT,false,110.383
786,4489216,GET,true,13733.525
787,6736,GET,true,17.85
788,12740,GET,true,15.647
789,16384,GET,true,14.995
790,12582912,GET,true,2203.692
791,6744,GET,true,17.296
792,1372,GET,true,12.553
793,6756,GET,true,13.633
794,7488,GET,true,14.058
795,19693568,GET,true,3765.069
796,1784,GET,true,15.526
797,1780,GET,true,11.791
798,7700480,GET,true,1904.254
799,2256,GET,true,13.19
800,13500416,GET,true,2321.829
801,1294336,GET,true,1943.03
802,5764,GET,true,14.712
803,12284,GET,true,12.967
804,6716,GET,true,11.917
805,82493440,GET,true,26097.234
806,82509824,GET,true,18018.178
807,671744,GET,true,765.38
808,20561920,GET,true,15498.372
809,3864,GET,true,20.557
810,6720,GET,true,12.463
811,1128,GET,true,14.434
812,1392640,GET,true,273.342
813,11157504,GET,true,2370.71
814,19251200,GET,true,3860.969
815,12284,GET,true,20.422
816,1364,GET,true,12.785
817,28770304,PUT,false,8943.817
818,4592,GET,true,15.987
819,2060,GET,true,12.594
820,163840,GET,true,70.664
821,1388,GET,true,38.088
822,2628,GET,true,15.174
823,296321024,GET,true,55978.817
824,17793024,GET,true,3639.844
825,16384,GET,true,34.148
826,2056,GET,true,16.655
827,2056,GET,true,15.104
828,11692,GET,true,16.286
829,2608,GET,true,15.858
830,12820,GET,true,16.426
831,17416192,GET,true,2975.974
832,819200,GET,true,212.571
833,1916928,GET,true,377.984
834,3457024,GET,true,739.475
835,4524,GET,true,20.258
836,1772,GET,true,13.969
837,16384,GET,true,17.709
838,2056,GET,true,14.319
839,1064960,GET,true,611.37
840,19775488,GET,true,14505.025
841,294912,GET,true,83.381
842,294912,GET,true,86.526
843,6712,GET,true,18.805
844,1368,GET,true,14.359
845,1900544,GET,true,370.062
846,2056,GET,true,13.794
847,2144,GET,true,13.483
848,24625152,GET,true,4057.084
849,9776,GET,true,15.66
850,1156,GET,true,11.842
851,82493440,GET,true,18715.781
852,36962304,GET,true,8543.463
853,5136,GET,true,19.893
854,16384,GET,true,15.091
855,2752,GET,true,12.471
856,5536,GET,true,11.893
857,215007232,GET,true,83505.109
858,5600,GET,true,33.178
859,2628,GET,true,18.248
860,82493440,GET,true,39037.591
861,25640960,GET,true,5324.042
862,12284,GET,true,26.965
863,99598336,GET,true,40151.112
864,4104,GET,true,32.647
865,3396,PUT,false,38.035
866,2628,GET,true,16.697
867,6740,GET,true,16.654
868,16384,GET,true,18.588
869,6732,GET,true,16.045
870,2628,GET,true,18.174
871,7520256,GET,true,11448.261
872,10977280,GET,true,11822.988
873,28770304,PUT,false,9468.788
874,2196,GET,true,19.788
875,5232,GET,true,15.752
876,2628,GET,true,15.302
877,12284,GET,true,16.273
878,786432,GET,true,218.631
879,2628,GET,true,15.772
880,12284,GET,true,16.999
881,2850816,GET,true,609.286
882,262144,GET,true,82.848
883,42319872,GET,true,9309.596
884,3044,GET,true,16.267
885,8863744,GET,true,1735.136
886,3368,GET,true,15.307
887,4080,GET,true,13.523
888,27672576,GET,true,5592.372
889,6724,GET,true,16.46
890,146112512,GET,true,28318.293
891,2632,GET,true,33.397
892,1152,GET,true,16.144
893,148471808,GET,true,33174.667
894,2056,GET,true,20.039
895,7584,GET,true,16.482
896,2628,GET,true,14.276
897,4688,PUT,false,30.121
898,12284,GET,true,18.386
899,16384,GET,true,17.221
900,1232,GET,true,13.921
901,1294336,GET,true,303.55
902,4680,GET,true,16.315
903,1232,GET,true,15.282
904,7180,GET,true,15.577
905,56475648,GET,true,13220.13
906,671744,GET,true,190.083
907,2112,GET,true,15.224
908,1804,GET,true,12.897
909,1032,GET,true,11.585
910,82509824,GET,true,19029.756
911,9191424,GET,true,1897.84
912,26460160,GET,true,4438.943
913,82493440,GET,true,14654.086
914,3440640,GET,true,723.698
915,2375680,GET,true,467.651
916,16384,GET,true,31.056
917,3407872,GET,true,602.88
918,14286848,GET,true,2673.555
919,1784,GET,true,19.502
920,1474560,GET,true,291.717
921,82509824,PUT,false,25956.314
922,2473984,GET,true,26290.179
923,2965504,GET,true,13316.321
924,5008,GET,true,18.263
925,1692,GET,true,12.292
926,2628,GET,true,17.617
927,372080640,GET,true,140457.09
928,16384,GET,true,37.581
929,2056,GET,true,17.217
930,1364,GET,true,16.35
931,26247168,GET,true,17576.83
932,4833280,GET,true,873.586
933,33210368,GET,true,7086.447
934,6732,GET,true,21.759
935,82509824,GET,true,15198.998
936,10576,GET,true,28.388
937,21692416,GET,true,4382.117
938,12845056,GET,true,2180.264
939,1988,GET,true,16.249
940,82509824,GET,true,17592.493
941,16384,GET,true,18.845
942,2224,GET,true,14.299
943,65536,GET,true,24.078
944,12156,GET,true,15.235
945,2632,GET,true,11.703
946,1156,GET,true,11.178
947,2616,GET,true,13.389
948,1356,GET,true,11.971
949,1736704,GET,true,361.798
950,2000,PUT,false,30.419
951,35094528,GET,true,6380.961
952,524288,GET,true,131.863
953,524288,GET,true,133.152
954,524288,GET,true,130.266
955,4684,GET,true,16.018
956,5700,GET,true,14.818
957,1336,GET,true,12.33
958,42319872,GET,true,9816.19
959,360448,PUT,false,148.321
960,6604,GET,true,16.774
961,1132,PUT,false,24.44
962,8840,GET,true,16.197
963,14991360,GET,true,2571.535
964,32768,GET,true,19.993
965,92979200,GET,true,21253.306
966,16384,GET,true,24.296
967,2628,GET,true,11.847
968,16384,GET,true,14.878
969,3227648,GET,true,693.351
970,1212416,GET,true,254.475
971,1760,GET,true,13.646
972,100073472,GET,true,22768.936
973,2552,GET,true,15.61
974,2752,GET,true,12.937
975,2252,GET,true,12.12
976,163840,PUT,false,106.405
977,1372,GET,true,13.102
978,2628,GET,true,10.445
979,6596,GET,true,15.083
980,2628,GET,true,11.847
981,2200,GET,true,11.86
982,3432,GET,true,13.572
983,89014272,GET,true,19581.2
984,2000,PUT,false,24.307
985,69222400,GET,true,14930.707
986,1132,GET,true,15.404
987,25346048,GET,true,5418.472
988,65536,GET,true,27.104
989,6536,GET,true,14.177
990,294912,GET,true,91.351
991,1028,GET,true,12.833
992,163840,GET,true,89.479
993,16384,GET,true,59.638
994,2628,GET,true,16.62
995,6736,PUT,false,24.59
996,1872,GET,true,12.427
997,12284,GET,true,13.902
998,4868,GET,true,13.765
999,6471680,GET,true,1138.743
1000,1420,PUT,false,24.397
1001,42450944,GET,true,9153.273
1002,42450944,GET,true,7372.15
1003,81920,GET,true,30.019
1004,16384,GET,true,15.868
1005,1368,GET,true,11.837
1006,1132,GET,true,12.89
1007,2200,GET,true,12.052
1008,12861440,GET,true,2196.647
1009,4756,GET,true,14.762
1010,1624,GET,true,11.713
1011,58621952,GET,true,33002.013
1012,5772,GET,true,38.324
1013,4052,GET,true,21.585
1014,21643264,GET,true,15820.851
1015,2472,GET,true,21.376
1016,1132,GET,true,14.245
1017,7476,GET,true,14.963
1018,5236,GET,true,15.046
1019,4587520,GET,true,931.979
1020,1524,GET,true,16.558
1021,2310144,GET,true,8331.374
1022,66945024,GET,true,14892.654
1023,2628,GET,true,16.995
1024,163840,GET,true,88.345
1025,163840,GET,true,93.869
1026,10576,GET,true,48.823
1027,2608,GET,true,19.178
1028,42319872,GET,true,7688.4
1029,4592,GET,true,19.484
1030,2072,GET,true,18.483
1031,13910016,GET,true,2372.796
1032,5455872,GET,true,1108.011
1033,106987520,GET,true,20319.793
1034,15564800,GET,true,28128.647
1035,3336,GET,true,20.934
1036,1372,GET,true,14.431
1037,2144,GET,true,15.96
1038,16384,GET,true,17.458
1039,180600832,GET,true,47080.696
1040,1277952,GET,true,275.053
1041,49152,GET,true,28.719
1042,2608,GET,true,16.698
1043,2608,GET,true,18.469
1044,9544,GET,true,15.935
1045,1064960,GET,true,234.503
1046,3376,GET,true,17.011
1047,2260,GET,true,14.454
1048,1356,GET,true,14.701
1049,3063808,GET,true,568.528
1050,4580,GET,true,18.224
1051,16384,GET,true,17.721
1052,7416,GET,true,16.216
1053,21954560,GET,true,3655.868
1054,16384,GET,true,22.491
1055,110477312,GET,true,25742.624
1056,2144,GET,true,23.652
1057,21692416,GET,true,4553.147
1058,17743872,GET,true,28218.999
1059,262144,GET,true,12211.931
1060,19054592,GET,true,3576.034
1061,4688,PUT,false,42.866
1062,51249152,GET,true,11444.111
1063,9273344,GET,true,1925.615
1064,5232,GET,true,15.377
1065,163840,PUT,false,111.3
1066,8684,GET,true,16.008
1067,7416,PUT,false,21.995
1068,150061056,GET,true,33160.261
1069,1152,GET,true,15.116
1070,33996800,GET,true,6203.644
1071,2044,GET,true,14.554
1072,10747904,GET,true,2206.657
1073,1032192,GET,true,261.363
1074,2080768,GET,true,401.659
1075,7847936,GET,true,1365.422
1076,1996,GET,true,15.065
1077,671744,GET,true,161.979
1078,120307712,GET,true,23778.28
1079,49152,GET,true,34.713
1080,8601600,GET,true,26980.287
1081,16384,GET,true,20.055
1082,8684,GET,true,15.94
1083,6616,GET,true,15.469
1084,6736,PUT,false,33.432
1085,5936,GET,true,16.123
1086,6732,PUT,false,25.314
1087,27721728,GET,true,17542.016
1088,2628,GET,true,18.414
1089,10731520,GET,true,2097.682
1090,1097728,GET,true,252.154
1091,2624,GET,true,18.488
1092,1589248,GET,true,5140.343
1093,35733504,GET,true,6658.894
1094,29507584,GET,true,5883.9
1095,1424,GET,true,16.588
1096,1156,GET,true,13.375
1097,16384,GET,true,18.738
1098,2628,GET,true,13.874
1099,753664,GET,true,248.238
1100,111788032,GET,true,34046.712
1101,1508,GET,true,32.54
1102,1508,GET,true,11.913
1103,4684,GET,true,17.715
1104,409600,GET,true,134.312
1105,753664,GET,true,193.684
1106,16384,GET,true,18.383
1107,131072,GET,true,434.101
1108,16384,GET,true,20.21
1109,6732,GET,true,17.484
1110,16384,GET,true,17.256
1111,2004,GET,true,15.099
1112,1500,GET,true,14.388
1113,1468,GET,true,15.134
1114,1132,GET,true,14.893
1115,16384,GET,true,15.037
1116,17743872,GET,true,14920.66
1117,1420,GET,true,22.098
1118,1500,GET,true,14.652
1119,2000,PUT,false,29.548
1120,61063168,GET,true,16832.03
1121,1420,GET,true,32.016
1122,12861440,GET,true,12098.279
1123,12713984,GET,true,2488.413
1124,3864,GET,true,18.371
1125,46891008,PUT,false,14832.584
1126,2628,GET,true,19.167
1127,2608,GET,true,15.963
1128,75448320,GET,true,18356.556
1129,43171840,GET,true,9841.49
1130,1916928,GET,true,420.916
1131,49545216,GET,true,32596.715
1132,4684,PUT,false,50.439
1133,1988,GET,true,23.897
1134,16384,GET,true,18.59
1135,2555904,GET,true,12596.417
1136,671744,GET,true,12556.161
1137,3044,GET,true,16.737
1138,1132,GET,true,16.362
1139,12808,GET,true,16.459
1140,65536,GET,true,23.78
1141,2628,GET,true,16.439
1142,107118592,GET,true,25450.45
1143,2628,GET,true,17.861
1144,38699008,GET,true,8887.337
1145,16384,GET,true,20.059
1146,2056,GET,true,13.335
1147,2260,GET,true,12.907
1148,12156928,GET,true,2110.174
1149,2820,GET,true,14.954
1150,1376,GET,true,11.814
1151,2628,GET,true,19.058
1152,82493440,GET,true,15176.472
1153,33816576,GET,true,6915.138
1154,2605056,GET,true,510.128
1155,2060,GET,true,22.002
1156,3436,GET,true,14.111
1157,16384,GET,true,18.724
1158,18513920,GET,true,3698.159
1159,1156,GET,true,17.7
1160,1868,GET,true,15.053
1161,239747072,GET,true,48209.287
1162,10289152,GET,true,1807.309
1163,1152,GET,true,17.771
1164,98304,GET,true,32.637
1165,82493440,GET,true,16983.834
1166,54394880,GET,true,10054.616
1167,7496,GET,true,22.423
1168,2056,GET,true,14.019
1169,1804,GET,true,14.374
1170,16384,GET,true,15.407
1171,1368,GET,true,13.62
1172,3012,GET,true,15.633
1173,6455296,GET,true,1154.152
1174,10576,GET,true,17.028
1175,57950208,GET,true,12156.772
1176,82493440,GET,true,36467.991
1177,2628,GET,true,31.524
1178,19070976,GET,true,16547.396
1179,2832,GET,true,19.191
1180,45875200,GET,true,9999.74
1181,671744,PUT,false,274.734
1182,1856,GET,true,18.031
1183,84246528,GET,true,18537.971
1184,6764,GET,true,19.43
1185,1132,GET,true,13.8
1186,20529152,GET,true,3466.627
1187,82493440,GET,true,19246.691
1188,82493440,GET,true,36429.228
1189,5062656,PUT,false,13556.256
1190,12156928,PUT,false,14517.079
1191,67092480,GET,true,15293.386
1192,6732,GET,true,22.828
1193,57425920,GET,true,10780.036
1194,2056,GET,true,24.54
1195,6716,GET,true,16.97
1196,1984,GET,true,15.181
1197,9633792,GET,true,1719.886
1198,3260416,GET,true,613.319
1199,131858432,GET,true,29476.675
1200,7488,GET,true,17.466
1201,13467648,GET,true,2815.652
1202,141983744,GET,true,40303.504
1203,12284,GET,true,17.244
1204,95813632,GET,true,17255.888
1205,6716,GET,true,22.062
1206,65536,PUT,false,554.25
1207,6684672,GET,true,13025.402
1208,12828672,GET,true,2503.537
1209,8568,GET,true,19.119
1210,9192,GET,true,15.627
1211,72679424,GET,true,33890.826
1212,11960320,GET,true,2121.152
1213,7520256,GET,true,9063.399
1214,7241728,PUT,false,2026.417
1215,41992192,GET,true,9481.815
1216,2628,GET,true,24.301
1217,1664,GET,true,15.838
1218,82509824,GET,true,14733.382
1219,2056,GET,true,29.755
1220,1753088,GET,true,371.893
1221,2056,PUT,false,31.585
1222,2012,GET,true,18.206
1223,83935232,GET,true,18002.722
1224,65536,GET,true,28.772
1225,169852928,GET,true,33798.579
1226,12284,GET,true,35.79
1227,2832,GET,true,13.935
1228,148471808,GET,true,26291.869
1229,1784,GET,true,30.314
1230,6740,GET,true,20.125
1231,6324224,GET,true,1097.559
1232,1372,GET,true,17.973
1233,12284,GET,true,18.224
1234,10289152,GET,true,27102.62
1235,16384,GET,true,20.611
1236,2628,GET,true,17.157
1237,16384,GET,true,18.338
1238,2176,GET,true,15.057
1239,6720,GET,true,16.518
1240,2056,GET,true,13.93
1241,294912,GET,true,12936.067
1242,12156,GET,true,19.936
1243,13792,GET,true,19.269
1244,7180,GET,true,17.399
1245,2310144,GET,true,13022.564
1246,1452,GET,true,18.125
1247,16384,GET,true,17.997
1248,5348,PUT,false,31.456
1249,2097152,GET,true,445.46
1250,2832,GET,true,18.842
1251,12284,GET,true,18.996
1252,2428,GET,true,12.619
1253,23035904,PUT,false,6978.535
1254,1428,GET,true,18.28
1255,12156,GET,true,15.736
1256,6716,GET,true,14.19
1257,3044,GET,true,15.136
1258,1804,GET,true,12.113
1259,10284,PUT,false,23.681
1260,1060,GET,true,14.961
1261,1988,GET,true,14.084
1262,2260,GET,true,13.737
1263,1356,GET,true,13.846
1264,2340,GET,true,15.86
1265,6744,GET,true,14.659
1266,6712,GET,true,13.47
1267,4080,GET,true,19.427
1268,278528,GET,true,88.347
1269,61095936,GET,true,33381.968
1270,84246528,GET,true,38949.031
1271,2628,GET,true,28.906
1272,1732,GET,true,14.456
1273,12284,GET,true,15.235
1274,2556,GET,true,14.233
1275,4576,GET,true,14.901
1276,1448,GET,true,14.741
1277,41893888,GET,true,7790.93
1278,1425408,GET,true,325.878
1279,2200,GET,true,20.742
1280,6740,GET,true,16.091
1281,16384,GET,true,17.809
1282,1032192,GET,true,226.515
1283,1128,GET,true,21.811
1284,2628,GET,true,16.4
1285,7416,GET,true,16.241
1286,4404,GET,true,14.486
1287,10665984,GET,true,1872.908
1288,2628,GET,true,16.83
1289,16384,GET,true,19.006
1290,32899072,GET,true,5387.952
1291,9633792,GET,true,1962.617
1292,1327104,GET,true,780.391
1293,38092800,GET,true,16401.122
1294,1508,PUT,false,42.443
1295,2628,GET,true,21.519
1296,16384,GET,true,17.498
1297,2056,GET,true,14.12
1298,1132,GET,true,14.158
1299,1132,GET,true,14.251
1300,16384,GET,true,25.695
1301,49545216,GET,true,11200.39
1302,1240,GET,true,18.353
1303,16384,GET,true,16.53
1304,1500,GET,true,12.73
1305,1132,GET,true,13.603
1306,16384,GET,true,18.711
1307,163840,GET,true,97.999
1308,1388,GET,true,73.671
1309,3407872,GET,true,643.479
1310,6724,GET,true,17.248
1311,5608,GET,true,15.29
1312,4964,GET,true,15.18
1313,2744,GET,true,14.257
1314,2056,GET,true,14.51
1315,1420,GET,true,12.812
1316,1508,GET,true,13.215
1317,389038080,GET,true,80414.524
1318,6732,GET,true,16.365
1319,4648,GET,true,13.471
1320,7028,GET,true,12.651
1321,22282240,GET,true,3740.129
1322,7476,GET,true,15.142
1323,2224,GET,true,12.304
1324,25804800,GET,true,5360.759
1325,82493440,GET,true,14907.112
1326,2628,GET,true,26.561
1327,163840,GET,true,45.722
1328,14052,GET,true,18.02
1329,2208,GET,true,15.304
1330,2208,GET,true,10.918
1331,65536,GET,true,24.97
1332,237371392,GET,true,41854.534
1333,13068,GET,true,34.664
1334,4752,GET,true,19.336
1335,1132,GET,true,15.428
1336,2176,GET,true,15.129
1337,7488,GET,true,15.573
1338,12156,GET,true,14.861
1339,3256,GET,true,14.72
1340,82509824,GET,true,18709.218
1341,7984,PUT,false,33.463
1342,3997696,GET,true,26661.089
1343,16384,GET,true,19.122
1344,82493440,GET,true,29227.268
1345,294912,GET,true,378.581
1346,4524,GET,true,21.255
1347,819200,GET,true,197.421
1348,2112,GET,true,16.205
1349,2340,GET,true,14.333
1350,6728,GET,true,20.98
1351,2144,GET,true,14.818
1352,2608,GET,true,13.947
1353,9191424,GET,true,1881.953
1354,2608,GET,true,17.717
1355,2604,GET,true,13.895
1356,9544,GET,true,14.789
1357,6740,GET,true,14.098
1358,1916928,GET,true,387.884
1359,2056,GET,true,15.996
1360,32768,GET,true,19.91
1361,2628,GET,true,12.712
1362,147456,GET,true,43.768
1363,2628,GET,true,15.873
1364,16384,GET,true,17.268
1365,49152,GET,true,21.078
1366,2036,GET,true,16.589
1367,12582912,PUT,false,3952.239
1368,6712,GET,true,51.69
1369,6732,GET,true,14.189
1370,8428,GET,true,13.509
1371,1179648,GET,true,245.068
1372,2628,GET,true,13.141
1373,54394880,GET,true,9407.652
1374,16482304,GET,true,2776.924
1375,10576,GET,true,21.171
1376,4864,GET,true,16.741
1377,13484032,GET,true,2640.808
1378,1132,GET,true,17.408
1379,4600,GET,true,15.413
1380,2256,GET,true,15.265
1381,1372,GET,true,13.974
1382,38699008,GET,true,8515.683
1383,12156,GET,true,18.745
1384,36388864,GET,true,30905.308
1385,7416,GET,true,26.502
1386,12284,GET,true,18.685
1387,2628,GET,true,15.044
1388,1261568,GET,true,12752.815
1389,917504,GET,true,238.6
1390,2056,GET,true,17.967
1391,2212,GET,true,15.923
1392,1244,PUT,false,31.329
1393,1784,GET,true,16.134
1394,2596,GET,true,15.026
1395,62373888,GET,true,10723.753
1396,2188,GET,true,24.162
1397,1584,GET,true,13.771
1398,3312,GET,true,16.858
1399,2112,GET,true,14.681
1400,3044,GET,true,15.393
1401,163840,GET,true,53.633
1402,278528,GET,true,95.489
1403,2628,GET,true,16.263
1404,2344,GET,true,15.18
1405,2310144,GET,true,549.118
1406,3396,GET,true,16.279
1407,4296,GET,true,14.48
1408,4684,GET,true,16.413
1409,16384,GET,true,18.428
1410,9544,GET,true,15.837
1411,1368,GET,true,13.752
1412,82493440,GET,true,18996.912
1413,82493440,GET,true,13400.081
1414,6732,GET,true,24.745
1415,2996,GET,true,17.233
1416,7716864,GET,true,1561.438
1417,1164,GET,true,16.39
1418,12763136,GET,true,2504.427
1419,6736,GET,true,17.797
1420,16384,GET,true,17.581
1421,13942784,GET,true,2335.495
1422,5992,GET,true,16.473
1423,61407232,GET,true,13157.645
1424,2080768,GET,true,924.464
1425,2056,PUT,false,30.851
1426,66945024,GET,true,25748.979
1427,70451200,GET,true,15550.633
1428,6708,GET,true,16.95
1429,120242176,GET,true,27581.063
1430,4688,GET,true,16.392
1431,101875712,GET,true,23162.036
1432,1460,GET,true,15.109
1433,4688,GET,true,13.701
1434,13598720,GET,true,2342.247
1435,16384,GET,true,17.88
1436,12484608,GET,true,2135.916
1437,16384,GET,true,17.443
1438,344064,GET,true,90.074
1439,2008,GET,true,13.375
1440,344064,GET,true,103.235
1441,163840,PUT,false,97.659
1442,49545216,GET,true,8885.835
1443,18825216,GET,true,28245.628
1444,6916,GET,true,18.953
1445,72679424,GET,true,34389.238
1446,2628,GET,true,37.873
1447,2608,GET,true,17.898
1448,7164,PUT,false,33.143
1449,2056,GET,true,16.341
1450,7416,GET,true,24.812
1451,54394880,GET,true,12516.332
1452,1920,GET,true,19.108
1453,458752,GET,true,119.429
1454,82493440,GET,true,15518.605
1455,12156,GET,true,28.928
1456,6720,PUT,false,31.893
1457,217694208,GET,true,42390.97
1458,1900544,GET,true,415.792
1459,12582912,PUT,false,3287.214
1460,622592,GET,true,142.489
1461,2628,GET,true,22.26
1462,3252,GET,true,16.852
1463,26443776,GET,true,5314.349
1464,163840,GET,true,84.487
1465,163840,GET,true,103.52
1466,2490368,GET,true,496.961
1467,163840,GET,true,85.462
1468,2100,PUT,false,68.443
1469,1148,GET,true,22.174
1470,2340,GET,true,17.159
1471,9601024,GET,true,13247.697
1472,1896,GET,true,16.358
1473,1212416,GET,true,26047.156
1474,81920,GET,true,28.048
1475,32768,GET,true,20.105
1476,83918848,GET,true,18702.303
1477,16384,GET,true,19.25
1478,2812,GET,true,15.018
1479,1900544,GET,true,26221.987
1480,11010048,GET,true,6968.009
1481,1784,GET,true,20.019
1482,4064,GET,true,13.816
1483,2628,GET,true,13.104
1484,66945024,GET,true,15376.45
1485,65536,GET,true,27.187
1486,2620,GET,true,15.312
1487,1132,GET,true,13.494
1488,1132,GET,true,12.717
1489,14396,GET,true,14.437
1490,45940736,GET,true,31793.358
1491,18513920,GET,true,15851.957
1492,114688,GET,true,39.364
1493,16384,GET,true,19.395
1494,2572288,GET,true,9847.117
1495,4684,GET,true,16.732
1496,7016,GET,true,17.252
1497,16384,GET,true,19.415
1498,9502720,GET,true,1895.364
1499,114688,GET,true,41.28
1500,34291712,GET,true,5665.963
1501,16384,GET,true,19.919
1502,504938496,GET,true,104096.136
1503,1152,GET,true,14.532
1504,2252,GET,true,13.302
1505,2736128,GET,true,511.266
1506,2912,GET,true,15.346
1507,1784,GET,true,12.989
1508,4128,GET,true,13.404
1509,82493440,GET,true,15547.832
1510,1132,GET,true,27.232
1511,82493440,GET,true,16738.976
1512,22528000,PUT,false,7601.072
1513,11862016,GET,true,27538.132
1514,1412,GET,true,17.784
1515,3948,PUT,false,25.566
1516,1372,GET,true,14.774
1517,2056,PUT,false,21.527
1518,2696,GET,true,14.811
1519,20856832,GET,true,16376.779
1520,2056,GET,true,16.661
1521,57753600,GET,true,12903.81
1522,77643776,GET,true,14576.16
1523,16384,GET,true,28.444
1524,1156,GET,true,15.572
1525,82509824,GET,true,18124.404
1526,82493440,GET,true,15605.6
1527,2056,GET,true,30.154
1528,9772,PUT,false,33.516
1529,10988,GET,true,19.569
1530,49152,GET,true,28.581
1531,1364,GET,true,16.624
1532,6932,GET,true,16.886
1533,68599808,GET,true,15221.0
1534,6744,GET,true,18.836
1535,1832,GET,true,15.197
1536,11976704,GET,true,2048.532
1537,54394880,GET,true,32913.798
1538,1982464,GET,true,12886.799
1539,13942784,GET,true,2415.99
1540,12928,GET,true,21.822
1541,239747072,GET,true,60410.147
1542,2628,GET,true,16.667
1543,1980,GET,true,14.066
1544,13942784,GET,true,27790.88
1545,2608,GET,true,15.362
1546,196608,GET,true,44.487
1547,5013504,GET,true,12815.374
1548,34504704,GET,true,5999.207
1549,1788,GET,true,15.923
1550,16384,GET,true,15.801
1551,3220,GET,true,13.911
1552,1364,GET,true,12.352
1553,6460,GET,true,15.468
1554,1336,GET,true,13.769
1555,7416,GET,true,15.255
1556,16384,GET,true,16.098
1557,1132,GET,true,11.726
1558,16384,GET,true,16.232
1559,61046784,GET,true,14323.298
1560,2628,GET,true,16.201
1561,1146880,GET,true,242.273
1562,16384,GET,true,17.524
1563,8240,GET,true,14.845
1564,5804,GET,true,12.878
1565,41910272,GET,true,9651.084
1566,33996800,GET,true,7500.739
1567,7372,GET,true,15.265
1568,15433728,GET,true,2898.906
1569,2256,GET,true,15.36
1570,12156,GET,true,14.742
1571,7708,GET,true,13.736
1572,4868,GET,true,12.714
1573,32768,GET,true,18.32
1574,1152,PUT,false,28.694
1575,1851392,GET,true,359.041
1576,18137088,GET,true,3099.291
1577,25640960,GET,true,28914.749
1578,98828288,GET,true,30301.079
1579,802816,GET,true,209.88
1580,1772,GET,true,25.607
1581,9544,GET,true,22.141
1582,50757632,GET,true,32426.587
1583,2340,GET,true,33.915
1584,12200,GET,true,20.958
1585,65536,GET,true,26.992
1586,1236,GET,true,14.909
1587,98304,GET,true,30.167
1588,2686976,GET,true,13160.813
1589,1966080,GET,true,403.14
1590,15764,GET,true,22.616
1591,13942784,GET,true,2417.232
1592,2097152,GET,true,444.914
1593,139395072,GET,true,31122.349
1594,458752,GET,true,26145.823
1595,458752,GET,true,12954.088
1596,98025472,GET,true,22291.887
1597,16384,GET,true,19.642
1598,4812,GET,true,14.314
1599,6464,GET,true,13.477
1600,8421376,GET,true,1515.178
1601,655360,GET,true,158.424
1602,13112,GET,true,17.792
1603,1589248,GET,true,1024.101
1604,2310144,GET,true,12285.814
1605,1966080,GET,true,12757.364
1606,5920,GET,true,16.205
1607,2628,GET,true,16.918
1608,2628,GET,true,12.517
1609,5560,GET,true,12.978
1610,16384,GET,true,15.069
1611,3896,GET,true,11.901
1612,16629760,GET,true,3406.957
1613,3342336,GET,true,25610.756
1614,1044,GET,true,15.089
1615,23756800,GET,true,28421.558
1616,2310144,GET,true,537.051
1617,2044,GET,true,14.784
1618,21037056,GET,true,3995.018
1619,3342336,GET,true,694.747
1620,32768,GET,true,20.479
1621,21528576,GET,true,4196.419
1622,507904,GET,true,126.579
1623,1032192,GET,true,241.354
1624,2056,GET,true,13.113
1625,6160384,GET,true,3011.406
1626,110215168,GET,true,33496.429
1627,983040,GET,true,205.278
1628,13904,GET,true,16.848
1629,6078464,GET,true,1243.658
1630,8159232,GET,true,1449.915
1631,16384,GET,true,16.71
1632,2628,GET,true,11.587
1633,16384,GET,true,14.399
1634,42319872,GET,true,9576.479
1635,2012,GET,true,15.093
1636,1772,GET,true,13.253
1637,868352,GET,true,190.431
1638,671744,GET,true,164.616
1639,63488000,GET,true,10916.008
1640,16384,GET,true,22.394
1641,819200,GET,true,1032.169
1642,4352,GET,true,14.718
1643,12284,GET,true,15.01
1644,14221312,GET,true,14585.42
1645,39141376,GET,true,6426.751
1646,6586368,GET,true,1323.769
1647,6111232,GET,true,1187.475
1648,16384,GET,true,19.829
1649,93470720,GET,true,21444.573
1650,1988,GET,true,14.503
1651,29048832,GET,true,4820.236
1652,16384,GET,true,17.349
1653,1584,GET,true,12.985
1654,4688,GET,true,12.216
1655,294912,GET,true,80.466
1656,12284,GET,true,13.233
1657,4684,GET,true,11.454
1658,1368,GET,true,12.104
1659,165380096,GET,true,37417.218
1660,3044,GET,true,13.777
1661,3864,GET,true,13.473
1662,82509824,GET,true,18790.474
1663,7672,GET,true,19.491
1664,2628,GET,true,13.503
1665,2628,GET,true,12.75
1666,7048,GET,true,13.435
1667,1452,GET,true,12.102
1668,327680,GET,true,4551.124
1669,16384,GET,true,16.686
1670,1277952,GET,true,306.205
1671,2628,GET,true,14.901
1672,146112512,GET,true,31504.745
1673,2628,GET,true,12.427
1674,153845760,GET,true,31132.191
1675,14968,GET,true,36.489
1676,43302912,GET,true,31622.592
1677,41828352,GET,true,20551.608
1678,3031040,GET,true,668.662
1679,6992,GET,true,25.596
1680,1896,GET,true,20.452
1681,2800,GET,true,14.97
1682,1132,GET,true,14.395
1683,1676,GET,true,14.132
1684,5136,GET,true,15.002
1685,5960,GET,true,15.404
1686,6736,GET,true,15.284
1687,142458880,GET,true,31904.179
1688,1753088,GET,true,339.518
1689,2832,GET,true,14.72
1690,1372,GET,true,12.78
1691,1152,GET,true,11.138
1692,2628,GET,true,11.562
1693,1772,GET,true,16.436
1694,6732,GET,true,14.384
1695,1336,GET,true,12.456
1696,5764,GET,true,13.851
1697,2056,GET,true,12.048
1698,1832,GET,true,13.432
1699,2532,GET,true,12.771
1700,4524,GET,true,12.901
1701,5716,GET,true,12.893
1702,99876864,GET,true,54000.247
1703,16384,GET,true,29.506
1704,32768,GET,true,20.36
1705,2736128,GET,true,12869.199
1706,262144,GET,true,83.631
1707,12284,GET,true,18.274
1708,12156,GET,true,16.546
1709,8716288,GET,true,1809.127
1710,19070976,GET,true,12853.664
1711,47185920,GET,true,8452.165
1712,180224,GET,true,92.038
1713,786432,GET,true,226.194
1714,82493440,GET,true,19305.981
1715,111788032,GET,true,21652.907
1716,9772,GET,true,48.955
1717,1388,GET,true,29.492
1718,22364160,PUT,false,6704.581
1719,6724,GET,true,29.816
1720,25788416,GET,true,4462.731
1721,2056,GET,true,25.336
1722,16384,GET,true,24.982
1723,2256,GET,true,21.967
1724,622592,GET,true,163.076
1725,16384,GET,true,23.879
1726,2676,GET,true,22.87
1727,10576,GET,true,22.509
1728,5236,GET,true,21.085
1729,3944,GET,true,21.694
1730,7241728,PUT,false,1892.304
1731,82493440,GET,true,17121.286
1732,41959424,PUT,false,14246.206
1733,18513920,GET,true,28804.446
1734,1804,PUT,false,33.628
1735,3156,GET,true,19.387
1736,4915200,GET,true,12782.625
1737,163840,PUT,false,96.627
1738,36192256,GET,true,8644.598
1739,2608,GET,true,23.803
1740,2404,GET,true,16.284
1741,6732,GET,true,17.177
1742,7929856,GET,true,1542.127
1743,1753088,GET,true,390.851
1744,83935232,GET,true,19601.525
1745,1864,GET,true,16.84
1746,42336256,GET,true,10082.849
1747,12188,GET,true,16.873
1748,6732,GET,true,14.516
1749,82493440,GET,true,19068.595
1750,1196032,GET,true,804.26
1751,2056,GET,true,15.959
1752,23150592,GET,true,16634.577
1753,6720,GET,true,17.432
1754,1824,GET,true,12.839
1755,25346048,GET,true,4251.438
1756,1172,GET,true,16.164
1757,16384,GET,true,15.189
1758,2780,PUT,false,23.776
1759,4784128,GET,true,991.133
1760,4882432,GET,true,977.305
1761,2056,GET,true,14.473
1762,3120,GET,true,13.115
1763,154386432,GET,true,34096.245
1764,147456,GET,true,89.887
1765,1132,GET,true,69.951
1766,2628,GET,true,15.832
1767,3555328,GET,true,671.961
1768,1152,GET,true,17.035
1769,638976,GET,true,11918.509
1770,1156,GET,true,14.009
1771,4872,GET,true,13.668
1772,2056,GET,true,12.499
1773,1368,GET,true,12.357
1774,1128,GET,true,11.851
1775,1988,GET,true,13.189
1776,7416,GET,true,13.26
1777,4684,GET,true,11.699
1778,3376,GET,true,12.126
1779,12976128,GET,true,2652.667
1780,147456,GET,true,74.323
1781,16384,GET,true,45.351
1782,819200,GET,true,183.542
1783,82493440,GET,true,15459.523
1784,2608,GET,true,26.885
1785,7180,GET,true,17.199
1786,8040,GET,true,17.374
1787,16384,GET,true,17.886
1788,2424,PUT,false,33.203
1789,100859904,GET,true,18772.896
1790,95813632,GET,true,21046.456
1791,6732,GET,true,25.109
1792,16384,GET,true,17.272
1793,7676,GET,true,15.317
1794,6724,GET,true,16.183
1795,2144,GET,true,14.54
1796,2360,PUT,false,28.64
1797,16384,GET,true,18.673
1798,1064960,GET,true,225.23
1799,100073472,GET,true,22123.356
1800,1132,GET,true,19.957
1801,59572224,GET,true,13661.503
1802,4684,PUT,false,29.022
1803,12877824,GET,true,2673.454
1804,81166336,GET,true,17127.236
1805,12156,GET,true,16.728
1806,2192,GET,true,12.906
1807,2604,GET,true,12.959
1808,6728,GET,true,13.387
1809,2056,GET,true,12.891
1810,1277952,GET,true,303.628
1811,2628,GET,true,14.03
1812,83935232,GET,true,36782.741
1813,82493440,GET,true,25324.001
1814,6712,GET,true,36.28
1815,1756,GET,true,16.809
1816,6716,GET,true,17.247
1817,54394880,GET,true,19136.145
1818,16384,GET,true,32.175
1819,6732,GET,true,20.076
1820,148471808,GET,true,34729.282
1821,2060,GET,true,19.89
1822,129925120,GET,true,25884.869
1823,49152,GET,true,36.583
1824,6708,GET,true,19.527
1825,82509824,GET,true,15383.906
1826,327680,GET,true,112.13
1827,2608,GET,true,20.866
1828,311296,GET,true,94.387
1829,43171840,PUT,false,14458.853
1830,2628,GET,true,21.232
1831,32768,GET,true,22.409
1832,32768,GET,true,19.74
1833,6740,GET,true,14.713
1834,2056,GET,true,14.494
1835,128565248,GET,true,29805.37
1836,1368,PUT,false,28.317
1837,294912,GET,true,110.593
1838,1376,GET,true,15.305
1839,2832,GET,true,12.515
1840,2056,GET,true,13.575
1841,1460,GET,true,12.49
1842,2340,GET,true,11.239
1843,2056,GET,true,12.882
1844,8784,PUT,false,23.98
1845,6728,GET,true,14.169
1846,2056,GET,true,12.646
1847,2056,GET,true,13.395
1848,2604,GET,true,11.832
1849,2584,GET,true,12.319
1850,16384,GET,true,15.177
1851,12156928,GET,true,27456.836
1852,10576,GET,true,17.06
1853,1496,GET,true,12.248
1854,1500,GET,true,11.62
1855,1628,GET,true,11.85
1856,12984,GET,true,13.864
1857,5688,GET,true,12.97
1858,2608,GET,true,13.186
1859,3044,GET,true,11.303
1860,2608,GET,true,11.712
1861,16384,GET,true,14.913
1862,112279552,GET,true,37511.131
1863,131072,GET,true,325.481
1864,10460,GET,true,15.995
1865,82493440,GET,true,28360.601
1866,1156,GET,true,14.277
1867,6792,GET,true,13.342
1868,3129344,GET,true,632.432
1869,1744,GET,true,13.385
1870,2056,GET,true,11.543
1871,82509824,GET,true,18700.752
1872,16384,GET,true,17.441
1873,221036544,GET,true,46406.612
1874,65536,GET,true,26.962
1875,4500,GET,true,13.191
1876,82493440,GET,true,15261.818
1877,11688,GET,true,25.518
1878,285114368,GET,true,61723.154
1879,19152896,GET,true,3929.741
1880,70811648,GET,true,16017.138
1881,3252,GET,true,15.208
1882,82509824,PUT,false,25184.48
1883,109051904,GET,true,19714.79
1884,819200,GET,true,187.055
1885,2228224,GET,true,770.237
1886,1028,GET,true,19.723
1887,294912,GET,true,11820.165
1888,16384,GET,true,18.359
1889,3044,GET,true,14.965
1890,237371392,GET,true,51074.249
1891,245760,GET,true,107.355
1892,3324,GET,true,62.478
1893,2732,GET,true,19.744
1894,131072,GET,true,12639.085
1895,12284,GET,true,16.935
1896,7872,GET,true,14.024
1897,1372,GET,true,13.167
1898,737280,GET,true,197.012
1899,49152,GET,true,21.503
1900,6932,GET,true,12.947
1901,2384,GET,true,18.523
1902,2608,GET,true,12.321
1903,16384,GET,true,12.634
1904,6732,GET,true,12.592
1905,49152,GET,true,20.258
1906,20676608,GET,true,4368.543
1907,6604,GET,true,16.692
1908,16384,GET,true,14.952
1909,32768,GET,true,17.172
1910,9388032,GET,true,21198.437
1911,16384,GET,true,15.131
1912,120733696,GET,true,33684.651
1913,2340,GET,true,31.653
1914,2832,GET,true,19.004
1915,22102016,GET,true,3747.968
1916,6732,GET,true,18.734
1917,10764288,GET,true,2118.511
1918,2056,GET,true,17.075
1919,17743872,GET,true,2981.35
1920,2628,GET,true,15.237
1921,22364160,PUT,false,7099.119
1922,7143424,GET,true,1306.742
1923,2604,GET,true,16.297
1924,16384,GET,true,18.016
1925,9912320,GET,true,1689.171
1926,1372,GET,true,15.771
1927,11112,GET,true,14.864
1928,1372,GET,true,11.592
1929,409600,GET,true,9488.866
1930,4660,GET,true,33.652
1931,12156,GET,true,15.888
1932,2628,GET,true,17.981
1933,2608,GET,true,14.189
1934,2056,GET,true,16.116
1935,82493440,GET,true,18144.865
1936,71237632,GET,true,15843.154
1937,172605440,GET,true,38721.607
1938,802816,GET,true,212.057
1939,1753088,GET,true,702.044
1940,2628,GET,true,15.856
1941,21790720,GET,true,16117.054
1942,2200,GET,true,15.171
1943,120733696,GET,true,24303.604
1944,12204,GET,true,29.985
1945,1064960,GET,true,232.04
1946,65536,GET,true,25.563
1947,23461888,GET,true,4819.136
1948,1388,GET,true,18.269
1949,18530304,GET,true,28315.52
1950,1452,GET,true,18.01
1951,1956,GET,true,16.342
1952,16384,GET,true,17.971
1953,1132,GET,true,12.958
1954,7241728,GET,true,13941.536
1955,12284,GET,true,17.262
1956,1984,GET,true,13.715
1957,32768,GET,true,19.03
1958,1372,GET,true,13.205
1959,16384,GET,true,15.756
1960,2008,GET,true,12.87
1961,49152,GET,true,20.922
1962,1982464,GET,true,385.359
1963,110247936,GET,true,22104.731
1964,1288,GET,true,27.772
1965,84213760,GET,true,14260.759
1966,16384,GET,true,29.3
1967,7760,GET,true,15.663
1968,2024,GET,true,14.702
1969,3044,GET,true,15.062
1970,2628,GET,true,16.191
1971,16384,GET,true,16.21
1972,360448,PUT,false,928.937
1973,2056,GET,true,17.178
1974,83689472,GET,true,28965.17
1975,82493440,GET,true,18623.587
1976,72679424,GET,true,16703.642
1977,2140,PUT,false,27.709
1978,48857088,PUT,false,14921.043
1979,14344,GET,true,32.204
1980,2200,GET,true,15.99
1981,2310144,GET,true,485.915
1982,1760,GET,true,15.536
1983,2080768,GET,true,399.539
1984,392806400,GET,true,68133.679
1985,3342336,GET,true,594.683
1986,3156,GET,true,21.978
1987,96403456,GET,true,21532.988
1988,3044,GET,true,16.558
1989,2628,GET,true,14.29
1990,6716,GET,true,15.432
1991,46563328,GET,true,10800.465
1992,46563328,GET,true,10363.521
1993,1480,GET,true,15.682
1994,1732,GET,true,13.126
1995,1480,GET,true,8.79
1996,28311552,GET,true,5999.466
1997,8519680,GET,true,1559.171
1998,237371392,GET,true,42021.095
1999,237371392,GET,true,86044.508
2000,1388,GET,true,31.829
2001,1500,GET,true,14.909
2002,41893888,GET,true,17381.736
2003,1240,GET,true,31.417
2004,1240,GET,true,10.971
2005,8040,GET,true,18.134
2006,29851648,GET,true,17547.53
2007,16384,GET,true,20.968
2008,1310720,GET,true,264.665
2009,688128,GET,true,150.021
2010,12820,GET,true,21.862
2011,1136,GET,true,14.471
2012,334020608,GET,true,116475.507
2013,82493440,GET,true,26175.443
2014,2628,GET,true,56.572
2015,586235904,GET,true,119315.284
2016,1152,GET,true,19.676
2017,1428,GET,true,14.382
2018,16384,GET,true,16.27
2019,1132,GET,true,28.347
2020,163840,GET,true,91.075
2021,1068,GET,true,63.654
2022,79560704,GET,true,18294.608
2023,4572,GET,true,17.336
2024,98828288,GET,true,18510.779
2025,6078464,GET,true,26846.938
2026,4576,GET,true,22.753
2027,17809408,GET,true,16144.916
2028,16384,GET,true,20.553
2029,4708,GET,true,16.659
2030,32768,GET,true,21.295
2031,16384,GET,true,17.577
2032,4592,GET,true,16.879
2033,21528576,GET,true,4137.534
2034,622592,GET,true,142.568
2035,1144,GET,true,14.931
2036,12156,GET,true,16.129
2037,1032192,GET,true,212.629
2038,38699008,GET,true,8363.035
2039,21528576,GET,true,3587.208
2040,16384,PUT,false,76.208
2041,2056,GET,true,15.235
2042,23658496,GET,true,3897.44
2043,10092,GET,true,19.054
2044,3248,GET,true,12.31
2045,22102016,GET,true,28524.823
2046,6604,GET,true,16.971
2047,16384,GET,true,16.094
2048,1728,GET,true,13.433
2049,82509824,GET,true,29070.886
2050,131072,PUT,false,304.697
2051,83492864,GET,true,29546.403
2052,16384,GET,true,593.594
2053,692256768,GET,true,117279.18
2054,4358144,PUT,false,1672.696
2055,6432,GET,true,29.414
2056,54542336,GET,true,8653.579
2057,2832,GET,true,20.933
2058,1360,GET,true,15.971
2059,9576,GET,true,19.003
2060,6748,GET,true,14.757
2061,3044,GET,true,19.864
2062,1654784,GET,true,353.083
2063,6111232,GET,true,1044.702
2064,212992,GET,true,99.421
2065,2000,GET,true,68.192
2066,2608,GET,true,16.311
2067,5619712,GET,true,1134.446
2068,8792,GET,true,16.424
2069,655360,GET,true,146.656
2070,17743872,GET,true,3453.96
2071,82509824,GET,true,35881.423
2072,1504,GET,true,37.965
2073,8248,PUT,false,43.94
2074,163840,GET,true,79.625
2075,2208,GET,true,44.956
2076,3144,GET,true,20.74
2077,294912,GET,true,111.501
2078,1784,GET,true,20.51
2079,82509824,GET,true,15444.116
2080,6568,GET,true,30.149
2081,2195456,GET,true,435.448
2082,13942784,GET,true,27697.721
2083,5700,GET,true,20.591
2084,2000,GET,true,15.257
2085,9192,GET,true,18.198
2086,16384,GET,true,16.419
2087,7856,GET,true,15.06
2088,294912,GET,true,12531.392
2089,6140,GET,true,18.152
2090,3888,GET,true,14.686
2091,524288,GET,true,137.598
2092,1784,GET,true,14.293
2093,360448,GET,true,102.92
2094,2648,GET,true,16.201
2095,82657280,GET,true,15245.915
2096,5232,GET,true,27.562
2097,2208,GET,true,15.18
2098,2628,GET,true,15.775
2099,9240,GET,true,16.845
2100,1336,GET,true,14.093
2101,65536,GET,true,25.045
2102,2195456,GET,true,26324.081
2103,5232,GET,true,18.357
2104,1076,GET,true,15.718
2105,16384,GET,true,17.369
2106,16384,GET,true,17.506
2107,9617408,GET,true,14414.879
2108,4587520,GET,true,941.035
2109,23887872,GET,true,13161.982
2110,7212,GET,true,18.494
2111,2192,GET,true,13.592
2112,65536,GET,true,25.533
2113,1712,GET,true,14.256
2114,2608,GET,true,16.598
2115,8820,GET,true,14.548
2116,6460,GET,true,13.922
2117,2608,GET,true,12.572
2118,2628,GET,true,13.128
2119,2044,GET,true,13.35
2120,9338880,GET,true,1881.351
2121,2628,GET,true,14.575
2122,409600,GET,true,110.713
2123,409600,GET,true,146.581
2124,507904,GET,true,126.893
2125,458752,GET,true,113.814
2126,2195456,GET,true,429.627
2127,2776,GET,true,15.323
2128,13942784,GET,true,26632.25
2129,129646592,GET,true,29167.102
2130,13920,GET,true,20.238
2131,2628,GET,true,12.342
2132,26443776,GET,true,5167.287
2133,1396,GET,true,16.436
2134,1572,GET,true,13.281
2135,5604,GET,true,13.308
2136,1980,GET,true,11.074
2137,1156,GET,true,12.003
2138,45023232,GET,true,8448.625
2139,131072,GET,true,709.449
2140,3194880,GET,true,12272.028
2141,1372,GET,true,17.263
2142,6984,GET,true,14.286
2143,9532,GET,true,14.633
2144,16384,GET,true,16.937
2145,23330816,GET,true,4634.377
2146,10320,PUT,false,41.515
2147,70434816,GET,true,15440.015
2148,2616,GET,true,16.907
2149,1252,GET,true,12.372
2150,3220,GET,true,12.588
2151,12284,GET,true,14.39
2152,16384,GET,true,15.377
2153,2506752,GET,true,593.88
2154,1364,GET,true,13.802
2155,1304,GET,true,16.097
2156,2628,GET,true,12.917
2157,2040,GET,true,12.346
2158,1152,GET,true,11.412
2159,65536,GET,true,24.991
2160,294912,GET,true,96.183
2161,45940736,GET,true,31898.329
2162,12156,GET,true,30.132
2163,16384,GET,true,20.89
2164,294912,GET,true,12663.125
2165,1408,GET,true,16.038
2166,3896,GET,true,14.765
2167,2056,GET,true,13.39
2168,16384,GET,true,16.505
2169,2441216,GET,true,540.896
2170,16384,GET,true,21.806
2171,16384,GET,true,17.38
2172,6536,GET,true,15.364
2173,1500,PUT,false,36.092
2174,1132,GET,true,15.743
2175,82509824,PUT,false,26220.398
2176,4063232,GET,true,873.538
2177,262144,GET,true,87.785
2178,2252,GET,true,16.878
2179,51298304,GET,true,11560.985
2180,6736,GET,true,18.046
2181,16384,GET,true,16.822
2182,4668,GET,true,13.55
2183,12156,GET,true,15.359
2184,16384,GET,true,15.059
2185,114688,GET,true,31.346
2186,21626880,GET,true,4878.708
2187,314081280,GET,true,63805.816
2188,314621952,GET,true,59983.386
2189,32768,GET,true,23.979
2190,10576,GET,true,13.798
2191,4476,GET,true,12.311
2192,2200,GET,true,14.327
2193,1256,GET,true,12.088
2194,7620,GET,true,13.466
2195,2628,GET,true,12.199
2196,2097152,GET,true,600.252
2197,1988,GET,true,12.96
2198,37224448,GET,true,17125.16
2199,479461376,GET,true,79399.625
2200,3044,GET,true,32.58
2201,1196032,GET,true,286.971
2202,8804,GET,true,20.199
2203,3716,GET,true,16.206
2204,7196,GET,true,15.468
2205,84213760,GET,true,13335.517
2206,2196,GET,true,20.916
2207,6744,GET,true,15.226
2208,2064,GET,true,14.4
2209,22020096,GET,true,4386.754
2210,3407872,GET,true,600.587
2211,13631488,GET,true,2552.552
2212,1520,GET,true,16.68
2213,2628,GET,true,14.353
2214,2004,GET,true,15.523
2215,447938560,GET,true,90662.444
2216,622592,GET,true,194.33
2217,6500,GET,true,15.526
2218,16384,GET,true,15.364
2219,2300,GET,true,10.796
2220,4668,GET,true,12.136
2221,21037056,GET,true,3666.854
2222,5772,GET,true,16.063
2223,97484800,GET,true,21787.345
2224,1132,GET,true,13.306
2225,7036,GET,true,13.091
2226,1212416,GET,true,285.915
2227,83918848,GET,true,17180.13
2228,2608,GET,true,20.152
2229,2608,GET,true,13.238
2230,9175040,GET,true,13822.992
2231,1523712,GET,true,297.265
2232,278528,GET,true,90.599
2233,2060,GET,true,13.773
2234,1372,GET,true,13.954
2235,16384,GET,true,15.466
2236,147456,GET,true,89.201
2237,2628,GET,true,61.839
2238,82509824,GET,true,18866.211
2239,16728064,GET,true,2845.091
2240,77578240,GET,true,17254.3
2241,19513344,GET,true,3721.019
2242,8984,GET,true,17.85
2243,16384,GET,true,578.312
2244,4272,GET,true,11.692
2245,56475648,GET,true,12743.434
2246,2628,GET,true,15.906
2247,4080,GET,true,13.038
2248,3768320,GET,true,700.713
2249,205438976,GET,true,45600.693
2250,2212,GET,true,14.345
2251,2056,GET,true,12.941
2252,2628,GET,true,15.002
2253,107118592,GET,true,22580.09
2254,126271488,PUT,false,40237.535
2255,1372,GET,true,32.404
2256,33931264,GET,true,6304.6
2257,53395456,GET,true,12284.241
2258,16629760,GET,true,3452.262
2259,8847360,GET,true,1766.606
2260,4588,GET,true,21.239
2261,8863744,GET,true,1569.287
2262,82493440,GET,true,18586.521
2263,1372,GET,true,13.604
2264,8585216,GET,true,1539.868
2265,74760192,GET,true,35472.633
2266,573440,GET,true,12120.647
2267,6720,GET,true,25.149
2268,802816,GET,true,8976.16
2269,1896,GET,true,16.034
2270,6724,GET,true,15.01
2271,688128,GET,true,25938.282
2272,32768,GET,true,20.245
2273,82493440,GET,true,18334.361
2274,65536,GET,true,30.432
2275,27344896,GET,true,6240.114
2276,1724,PUT,false,39.141
2277,704512,GET,true,328.079
2278,12284,GET,true,16.383
2279,1980,GET,true,10.971
2280,278528,GET,true,11969.45
2281,126271488,GET,true,28076.887
2282,1152,GET,true,14.138
2283,10464,PUT,false,27.298
2284,65699840,PUT,false,19862.142
2285,2056,GET,true,31.876
2286,4997120,GET,true,8778.935
2287,2628,GET,true,23.912
2288,2628,GET,true,15.155
2289,269516800,GET,true,58316.55
2290,6728,GET,true,18.906
2291,688128,GET,true,182.198
2292,2176,GET,true,15.13
2293,82509824,GET,true,18886.499
2294,6740,GET,true,16.278
2295,2056,GET,true,12.547
2296,7476,GET,true,13.281
2297,8404992,GET,true,1509.988
2298,294912,GET,true,106.95
2299,16973824,GET,true,28153.517
2300,2208,GET,true,14.97
2301,6736,PUT,false,24.856
2302,2832,GET,true,14.241
2303,2628,GET,true,11.708
2304,32768,GET,true,16.721
2305,2628,GET,true,11.213
2306,3044,GET,true,11.435
2307,7496,PUT,false,20.293
2308,1296,GET,true,13.387
2309,12284,GET,true,13.722
2310,901120,GET,true,12773.734
2311,2732,GET,true,14.39
2312,13500416,GET,true,2291.974
2313,1088,GET,true,14.818
2314,2628,GET,true,12.115
2315,6455296,GET,true,11000.374
2316,2640,GET,true,14.045
2317,262144,GET,true,83.321
2318,1228800,GET,true,240.421
2319,110067712,GET,true,20844.619
2320,2628,GET,true,26.634
2321,3044,GET,true,14.553
2322,12284,GET,true,20.225
2323,9776,GET,true,16.515
2324,6708,GET,true,15.778
2325,6728,GET,true,15.3
2326,1132,GET,true,15.017
2327,458752,GET,true,128.996
2328,2056,GET,true,15.752
2329,245760,GET,true,85.698
2330,4080,GET,true,37.504
2331,5956,GET,true,22.092
2332,19070976,PUT,false,17693.785
2333,262144,GET,true,101.98
2334,2628,GET,true,18.182
2335,15351808,GET,true,2517.689
2336,4380,GET,true,17.04
2337,1564,GET,true,13.778
2338,7364,GET,true,16.294
2339,360448,PUT,false,151.732
2340,7180,GET,true,607.992
2341,2404,GET,true,15.717
2342,1356,GET,true,16.427
2343,6584,GET,true,16.369
2344,1372,GET,true,13.607
2345,1028,GET,true,14.803
2346,4724,GET,true,15.655
2347,1132,GET,true,12.978
2348,32768,GET,true,19.092
2349,16629760,GET,true,3218.81
2350,2200,GET,true,15.568
2351,102432768,GET,true,23024.682
2352,6728,GET,true,15.886
2353,1128,GET,true,12.76
2354,5236,GET,true,12.866
2355,2344,GET,true,11.845
2356,2260,GET,true,12.2
2357,15351808,GET,true,2633.627
2358,23183360,GET,true,3872.494
2359,1624,GET,true,13.185
2360,94830592,GET,true,16972.119
2361,3396,GET,true,23.054
2362,5420,GET,true,16.224
2363,1984,GET,true,13.756
2364,53641216,GET,true,11612.933
2365,9544,GET,true,22.697
2366,101859328,PUT,false,28328.397
2367,3571712,GET,true,694.53
2368,245760,GET,true,89.332
2369,1584,GET,true,39.343
2370,82493440,GET,true,15377.039
2371,1980,GET,true,26.997
2372,16384,GET,true,18.689
2373,6740,GET,true,15.259
2374,4592,GET,true,14.771
2375,12988,GET,true,16.785
2376,819200,GET,true,189.868
2377,2628,GET,true,15.321
2378,1156,GET,true,14.164
2379,1916928,GET,true,379.815
2380,2628,GET,true,15.915
2381,137396224,GET,true,28004.205
2382,1152,GET,true,30.251
2383,2428,GET,true,15.045
2384,1114112,GET,true,270.466
2385,2252,GET,true,19.503
2386,2628,GET,true,16.612
2387,5236,GET,true,15.665
2388,2628,GET,true,14.491
2389,8273920,GET,true,26966.876
2390,3268,GET,true,16.578
2391,6736,GET,true,15.855
2392,3252,GET,true,14.297
2393,123404288,GET,true,34029.248
2394,65699840,PUT,false,21715.03
2395,80691200,GET,true,12920.484
2396,28196864,GET,true,4711.697
2397,2628,GET,true,23.077
2398,6720,GET,true,18.848
2399,1900544,GET,true,368.179
2400,2604,GET,true,14.351
2401,2608,GET,true,13.204
2402,8323072,GET,true,26947.146
2403,1916928,GET,true,12746.661
2404,294912,GET,true,12719.416
2405,82493440,GET,true,18604.24
2406,36552704,GET,true,8205.29
2407,311296,GET,true,99.719
2408,10576,GET,true,17.124
2409,1476,GET,true,14.471
2410,82493440,GET,true,36566.7
2411,1372,GET,true,32.82
2412,2996,GET,true,16.623
2413,819200,GET,true,12551.206
2414,2628,GET,true,21.979
2415,16384,GET,true,18.537
2416,2608,GET,true,15.419
2417,9027584,GET,true,1828.448
2418,2304,GET,true,17.864
2419,2056,GET,true,17.162
2420,76365824,PUT,false,22967.317
2421,2740,GET,true,30.257
2422,7488,GET,true,17.484
2423,2056,GET,true,16.478
2424,5708,GET,true,15.026
2425,7241728,PUT,false,2149.934
2426,458752,PUT,false,156.213
2427,2056,GET,true,17.39
2428,1372,GET,true,14.819
2429,1080,GET,true,15.819
2430,1828,GET,true,19.772
2431,2832,GET,true,14.882
2432,2056,GET,true,14.644
2433,16384,GET,true,17.59
2434,28475392,GET,true,5665.341
2435,8260,GET,true,20.092
2436,3884,GET,true,14.927
2437,2060,GET,true,14.096
2438,1804,GET,true,13.888
2439,8784,GET,true,15.323
2440,229359616,GET,true,39910.21
2441,1368,GET,true,29.388
2442,2097152,GET,true,404.958
2443,1916928,GET,true,420.108
2444,26443776,GET,true,5454.604
2445,19152896,GET,true,3719.089
2446,2344,GET,true,18.084
2447,4592,GET,true,14.799
2448,70549504,GET,true,15471.181
2449,3044,GET,true,15.884
2450,2628,GET,true,13.505
2451,819200,GET,true,225.506
2452,278528,GET,true,86.01
2453,6912,GET,true,15.245
2454,6864896,GET,true,1210.74
2455,655360,GET,true,180.618
2456,6736,GET,true,15.682
2457,5212,GET,true,14.378
2458,12284,GET,true,14.237
2459,1896,GET,true,12.129
2460,1772,GET,true,581.497
2461,109690880,GET,true,22243.085
2462,2056,GET,true,27.782
2463,7900,PUT,false,31.389
2464,2628,GET,true,16.864
2465,2628,GET,true,14.005
2466,237371392,GET,true,50187.883
2467,15777792,GET,true,2681.604
2468,3555328,GET,true,732.147
2469,2056,GET,true,15.333
2470,1900544,GET,true,376.973
2471,3220,GET,true,12.978
2472,6724,GET,true,15.038
2473,294912,GET,true,84.139
2474,62308352,GET,true,11346.131
2475,2310144,GET,true,538.761
2476,327680,GET,true,93.94
2477,2628,GET,true,18.178
2478,1132,GET,true,14.615
2479,2056,GET,true,15.094
2480,12284,GET,true,15.382
2481,6912,GET,true,14.172
2482,6728,GET,true,15.556
2483,8784,GET,true,15.761
2484,2060,GET,true,13.604
2485,1916928,GET,true,383.591
2486,2628,GET,true,15.182
2487,81920,GET,true,33.386
2488,10764288,GET,true,1898.736
2489,6736,GET,true,20.11
2490,128172032,GET,true,28995.525
2491,1316,GET,true,18.114
2492,19070976,PUT,false,5823.952
2493,32768,GET,true,22.305
2494,64471040,GET,true,11877.612
2495,1364,GET,true,23.351
2496,1324,GET,true,15.467
2497,163840,GET,true,99.057
2498,1860,GET,true,59.245
2499,4496,GET,true,18.265
2500,3480,GET,true,18.295
2501,1372,GET,true,13.651
2502,2056,GET,true,15.437
2503,15632,GET,true,29.346
2504,2056,GET,true,14.365
2505,12284,GET,true,17.09
2506,3868,GET,true,14.839
2507,16384,GET,true,17.192
2508,1277952,GET,true,301.462
2509,6724,GET,true,16.533
2510,1988,GET,true,13.782
2511,27869184,GET,true,6051.33
2512,61161472,GET,true,12885.112
2513,16384,GET,true,19.759
2514,1276,GET,true,11.838
2515,2404,GET,true,13.049
2516,245760,GET,true,107.719
2517,3436,GET,true,59.079
2518,49152,GET,true,23.366
2519,1520,GET,true,11.829
2520,6720,GET,true,14.96
2521,67010560,GET,true,10799.913
2522,1420,PUT,false,33.818
2523,2056,GET,true,16.746
2524,148471808,GET,true,60065.846
2525,163233792,GET,true,46881.557
2526,6720,GET,true,26.062
2527,14636,GET,true,22.798
2528,4684,GET,true,13.74
2529,1800,GET,true,15.232
2530,16384,GET,true,17.968
2531,8248,GET,true,14.849
2532,1152,GET,true,12.772
2533,16187392,GET,true,3305.805
2534,2628,GET,true,16.939
2535,2744,PUT,false,29.181
2536,186712064,GET,true,82347.45
2537,6720,GET,true,30.717
2538,2192,GET,true,16.405
2539,1460,GET,true,15.745
2540,2342912,GET,true,12644.082
2541,2628,GET,true,19.947
2542,2632,GET,true,15.025
2543,2628,GET,true,13.812
2544,4358144,PUT,false,1445.032
2545,1376,GET,true,18.443
2546,13910016,GET,true,2753.095
2547,82493440,GET,true,15254.324
2548,5232,GET,true,28.735
2549,182272000,GET,true,36189.691
2550,2208,GET,true,30.424
2551,16384,GET,true,21.101
2552,6748,PUT,false,31.93
2553,4680,PUT,false,23.936
2554,18513920,GET,true,3060.092
2555,8437760,GET,true,1751.315
2556,2620,GET,true,16.311
2557,2628,GET,true,14.058
2558,32768,GET,true,20.237
2559,7856,GET,true,14.27
2560,12845056,GET,true,28701.222
2561,835584,GET,true,12173.49
2562,7416,GET,true,17.76
2563,12156,GET,true,16.514
2564,2000,GET,true,13.374
2565,1356,GET,true,14.578
2566,25690112,GET,true,5113.596
2567,1132,GET,true,15.793
2568,1916928,GET,true,372.03
2569,2056,GET,true,13.657
2570,409600,GET,true,25365.106
2571,84803584,GET,true,52272.592
2572,3833856,GET,true,700.139
2573,147456,GET,true,62.184
2574,5184,GET,true,39.853
2575,2628,GET,true,17.781
2576,8320,GET,true,16.994
2577,6664,GET,true,14.721
2578,1372,GET,true,14.054
2579,8836,GET,true,15.631
2580,884736,GET,true,191.43
2581,50413568,PUT,false,15010.362
2582,27279360,GET,true,29381.364
2583,2612,GET,true,29.218
2584,29949952,GET,true,16998.066
2585,12284,GET,true,28.525
2586,6824,GET,true,19.721
2587,2113536,GET,true,491.346
2588,2628,GET,true,17.216
2589,7416,GET,true,17.119
2590,2056,GET,true,13.936
2591,6716,GET,true,14.948
2592,2208,GET,true,14.972
2593,5992,PUT,false,31.799
2594,82493440,GET,true,19312.947
2595,2056,GET,true,17.339
2596,1480,GET,true,14.89
2597,2144,GET,true,14.714
2598,868352,GET,true,194.686
2599,2342912,PUT,false,1500.344
2600,16384,GET,true,19.512
2601,4680,GET,true,14.637
2602,2208,GET,true,13.794
2603,1500,GET,true,13.821
2604,1420,GET,true,14.348
2605,5236,GET,true,14.645
2606,1420,GET,true,14.358
2607,1896,GET,true,14.092
2608,163840,GET,true,93.456
2609,1132,GET,true,61.744
2610,2828,GET,true,19.586
2611,1740,GET,true,14.085
2612,2196,GET,true,14.128
2613,9292,GET,true,15.949
2614,4680,GET,true,16.447
2615,589824,GET,true,12052.051
2616,1420,GET,true,14.688
2617,2044,PUT,false,22.353
2618,66715648,GET,true,33997.415
2619,1532,GET,true,35.462
2620,1064960,GET,true,278.691
2621,4524,GET,true,19.043
2622,38322176,GET,true,7125.589
2623,2310144,GET,true,525.793
2624,2056,PUT,false,30.756
2625,1982464,GET,true,404.613
2626,128548864,GET,true,29939.02
2627,1368,GET,true,17.163
2628,1368,GET,true,15.119
2629,1364,GET,true,12.587
2630,82509824,PUT,false,25151.969
2631,7168,GET,true,30.301
2632,63488000,GET,true,14502.269
2633,163840,GET,true,49.347
2634,5619712,GET,true,982.158
2635,1132,PUT,false,26.077
2636,1032192,GET,true,250.313
2637,8060928,GET,true,1563.802
2638,8060928,GET,true,1374.388
2639,14991360,GET,true,2965.232
2640,65536,GET,true,28.158
2641,7847936,GET,true,1507.876
2642,4072,GET,true,14.798
2643,16384,GET,true,16.199
2644,19152896,GET,true,3433.832
2645,262144,GET,true,84.085
2646,4592,GET,true,14.503
2647,2012,GET,true,39.224
2648,1076,GET,true,11.713
2649,16384,GET,true,15.073
2650,5932,GET,true,13.679
2651,1560,GET,true,11.384
2652,1408,GET,true,12.555
2653,1152,GET,true,11.326
2654,671744,GET,true,174.4
2655,41910272,GET,true,6812.906
2656,3044,GET,true,15.365
2657,49807360,GET,true,8824.217
2658,16384,GET,true,18.852
2659,7212,GET,true,14.386
2660,12284,GET,true,14.58
2661,1500,GET,true,13.605
2662,21037056,GET,true,3491.379
2663,294912,GET,true,86.697
2664,163840,GET,true,80.01
2665,76300288,GET,true,25748.469
2666,16384,GET,true,46.087
2667,1327104,GET,true,299.133
2668,6897664,GET,true,13319.441
2669,4940,GET,true,20.116
2670,5488,GET,true,17.21
2671,1916928,GET,true,381.594
2672,6732,GET,true,18.125
2673,9588,GET,true,16.503
2674,475136,GET,true,123.24
2675,4812,GET,true,16.585
2676,3900,GET,true,14.923
2677,2628,GET,true,14.797
2678,12820,GET,true,16.26
2679,589824,GET,true,147.143
2680,6480,GET,true,15.698
2681,9338880,GET,true,1742.611
2682,9142272,GET,true,1804.797
2683,15368192,GET,true,2558.946
2684,244334592,GET,true,86181.319
2685,196608,GET,true,176.157
2686,13840,GET,true,55.56
2687,316375040,GET,true,76922.491
2688,1228800,GET,true,248.478
2689,3412,GET,true,17.338
2690,9128,GET,true,17.349
2691,39337984,GET,true,9056.286
2692,2640,GET,true,15.366
2693,1015808,GET,true,2657.692
2694,33783808,GET,true,16020.212
2695,294912,GET,true,6906.007
2696,82493440,PUT,false,25918.46
2697,2628,GET,true,19.87
2698,58015744,GET,true,13509.817
2699,1720,GET,true,16.504
2700,57769984,GET,true,10895.241
2701,2628,GET,true,22.136
2702,278528,GET,true,589.908
2703,9584,GET,true,17.328
2704,100810752,GET,true,40876.925
2705,196608,GET,true,110.923
2706,114688,GET,true,54.233
2707,45940736,GET,true,10364.311
2708,21659648,GET,true,4500.263
2709,1584,GET,true,18.479
2710,2620,GET,true,14.612
2711,2048,GET,true,13.09
2712,13296,GET,true,16.847
2713,491520,GET,true,124.089
2714,14988,GET,true,17.592
2715,1192,GET,true,14.464
2716,1064960,GET,true,245.401
2717,2097152,GET,true,423.774
2718,1132,GET,true,14.627
2719,1132,GET,true,9.613
2720,1772,GET,true,13.177
2721,6604,GET,true,14.288
2722,14237696,GET,true,2454.74
2723,25640960,GET,true,5120.974
2724,4259840,GET,true,784.19
2725,819200,GET,true,211.558
2726,2628,GET,true,16.163
2727,2080768,GET,true,438.999
2728,2628,GET,true,15.36
2729,2628,GET,true,13.252
2730,6932,GET,true,13.388
2731,1712,GET,true,12.65
2732,16973824,GET,true,3059.903
2733,5648,GET,true,14.085
2734,32768,GET,true,19.82
2735,21692416,GET,true,4042.164
2736,6111232,GET,true,1092.582
2737,12156,GET,true,16.902
2738,1788,GET,true,11.731
2739,4756,GET,true,12.553
2740,1156,GET,true,13.151
2741,83935232,GET,true,17525.717
2742,2628,GET,true,13.792
2743,13448,GET,true,18.828
2744,12284,GET,true,13.725
2745,3211264,GET,true,669.07
2746,262144,GET,true,78.33
2747,1425408,GET,true,291.243
2748,8320,GET,true,14.499
2749,46891008,GET,true,10155.684
2750,12820,GET,true,16.665
2751,19152896,GET,true,3186.669
2752,622592,GET,true,171.741
2753,1048576,GET,true,220.778
2754,90095616,GET,true,15280.893
2755,314621952,GET,true,61133.472
2756,84246528,GET,true,19359.397
2757,16384,GET,true,27.77
2758,99467264,GET,true,22597.712
2759,12284,GET,true,16.337
2760,1372,GET,true,11.995
2761,9633792,GET,true,2034.659
2762,4652,GET,true,15.783
2763,16384,GET,true,14.87
2764,2608,GET,true,11.763
