0,2628,GET,true,81.353
1,1368,GET,true,35.084
2,5948,GET,true,32.115
3,3896,GET,true,26.109
4,16384,GET,true,27.845
5,25640960,GET,true,8360.391
6,1836,GET,true,34.445
7,22609920,GET,true,7118.924
8,5648,GET,true,65.818
9,1388,GET,true,28.694
10,1132,GET,true,21.532
11,2056,GET,true,22.972
12,11120,GET,true,24.0
13,2056,GET,true,21.506
14,2196,GET,true,22.092
15,5420,GET,true,20.898
16,1835008,GET,true,724.505
17,2228224,PUT,false,1468.351
18,19070976,GET,true,5863.522
19,1372,GET,true,55.714
20,2876,GET,true,29.589
21,7984,GET,true,25.294
22,16384,GET,true,27.408
23,4898816,GET,true,1520.463
24,15826944,GET,true,4727.955
25,1292,GET,true,49.154
26,5232,PUT,false,96.451
27,2832,GET,true,26.241
28,2628,GET,true,22.773
29,2632,GET,true,23.715
30,458752,GET,true,203.441
31,688128,PUT,false,432.053
32,5420,GET,true,42.846
33,12156,GET,true,30.037
34,2628,GET,true,24.063
35,1372,GET,true,22.134
36,8585216,PUT,false,5059.754
37,82493440,GET,true,27906.391
38,1292,PUT,false,140.887
39,1744,PUT,false,71.557
40,15716,GET,true,33.322
41,1392640,GET,true,414.045
42,314654720,PUT,false,171629.057
43,1336,GET,true,53.162
44,147456,GET,true,96.988
45,16172,GET,true,60.432
46,23478272,GET,true,8109.669
47,1916928,GET,true,626.292
48,1753088,PUT,false,977.352
49,2628,GET,true,44.724
50,95813632,GET,true,30388.895
51,99876864,GET,true,32394.426
52,6728,GET,true,78.666
53,1776,GET,true,25.757
54,82509824,GET,true,23716.78
55,2628,GET,true,74.717
56,5136,GET,true,29.598
57,74891264,GET,true,26932.054
58,1032,GET,true,94.051
59,16384,GET,true,29.329
60,5420,GET,true,18.849
61,2628,GET,true,18.262
62,25034752,PUT,false,14985.926
63,16384,GET,true,65.47
64,1900,GET,true,29.495
65,6756,GET,true,24.697
66,1492,GET,true,23.688
67,11368,GET,true,33.809
68,16384,GET,true,24.57
69,6012928,GET,true,2223.71
70,18825216,GET,true,6541.812
71,278528,GET,true,121.359
72,6720,GET,true,48.995
73,32768,GET,true,27.963
74,2056,GET,true,18.858
75,2824,GET,true,20.499
76,51576832,GET,true,15009.59
77,74366976,PUT,false,41346.796
78,13910016,GET,true,4700.679
79,2605056,GET,true,663.844
80,4592,GET,true,44.792
81,13484032,GET,true,4116.749
82,6316,GET,true,54.68
83,16068,PUT,false,49.101
84,54394880,GET,true,18335.742
85,61063168,GET,true,21000.846
86,196608,GET,true,131.793
87,1152,GET,true,63.604
88,61030400,GET,true,20974.075
89,373112832,GET,true,120514.411
90,5236,GET,true,75.732
91,7880704,GET,true,2945.563
92,64733184,GET,true,24181.519
93,5062656,GET,true,1712.612
94,66945024,GET,true,24566.631
95,1132,GET,true,76.185
96,1788,GET,true,32.241
97,1388,GET,true,29.606
98,2628,GET,true,27.554
99,16384,GET,true,28.64
100,122093568,PUT,false,65575.813
101,12156,GET,true,57.684
102,983040,GET,true,410.236
103,49152,GET,true,66.962
104,6720,GET,true,33.742
105,1156,GET,true,27.965
106,13972,GET,true,27.276
107,884736,PUT,false,478.366
108,82509824,GET,true,28204.301
109,32768,GET,true,84.59
110,2212,GET,true,32.546
111,61014016,GET,true,20914.727
112,1428,GET,true,73.526
113,81920,GET,true,45.992
114,1372,GET,true,24.24
115,1376,GET,true,27.187
116,589824,GET,true,189.885
117,2628,GET,true,26.79
118,3220,GET,true,24.21
119,2056,GET,true,24.978
120,1372,GET,true,22.143
121,2628,GET,true,52.292
122,7900,GET,true,24.629
123,1900544,GET,true,711.637
124,8260,GET,true,62.419
125,22609920,GET,true,7812.643
126,2748,GET,true,60.915
127,100073472,GET,true,32149.663
128,18530304,GET,true,6125.432
129,2628,GET,true,59.167
130,1080,GET,true,27.089
131,16629760,GET,true,5947.089
132,1156,GET,true,53.857
133,16068,GET,true,44.68
134,8120,GET,true,22.676
135,76365824,GET,true,26990.676
136,34455552,GET,true,13072.661
137,1620,GET,true,99.435
138,5455872,GET,true,1983.358
139,1988,GET,true,54.737
140,2628,GET,true,30.742
141,12284,GET,true,24.507
142,41893888,GET,true,25287.564
143,10348,GET,true,71.715
144,82493440,GET,true,28292.915
145,5232,GET,true,69.058
146,2056,GET,true,30.655
147,82493440,GET,true,30369.738
148,83574784,GET,true,31192.687
149,13058048,GET,true,4285.337
150,10649600,GET,true,3270.22
151,479412224,GET,true,153345.788
152,6716,GET,true,68.278
153,2056,GET,true,29.555
154,17186816,GET,true,5770.051
155,6740,PUT,false,65.66
156,16384,GET,true,27.935
157,1824,GET,true,26.164
158,6728,GET,true,23.268
159,147456,GET,true,81.222
160,2628,GET,true,49.411
161,6792,PUT,false,50.4
162,1376,GET,true,25.389
163,44220416,GET,true,14688.858
164,2608,GET,true,64.448
165,2196,GET,true,33.342
166,1372,GET,true,24.724
167,16384,GET,true,24.936
168,2628,GET,true,22.011
169,180224,GET,true,125.29
170,1376,GET,true,64.345
171,1192,GET,true,32.275
172,82493440,GET,true,27930.2
173,2523136,GET,true,888.871
174,2064384,GET,true,676.359
175,22102016,GET,true,7218.757
176,2608,GET,true,53.954
177,16384,GET,true,29.592
178,84525056,GET,true,26375.906
179,2628,GET,true,63.386
180,6780,GET,true,21.122
181,14188544,GET,true,4754.829
182,2056,GET,true,43.817
183,7476,GET,true,24.253
184,8060928,GET,true,2326.202
185,1368,GET,true,41.748
186,6724,GET,true,25.862
187,2056,PUT,false,39.783
188,67092480,GET,true,22068.236
189,2572288,GET,true,830.46
190,1188,GET,true,50.613
191,2097152,GET,true,616.621
192,15974400,GET,true,5279.706
193,163840,GET,true,99.322
194,16384,GET,true,51.054
195,16384,GET,true,26.22
196,7360,GET,true,19.303
197,16384,GET,true,23.027
198,2628,GET,true,17.034
199,5420,GET,true,19.98
200,7180,GET,true,20.014
201,51200000,GET,true,19194.565
202,4524,GET,true,74.495
203,3248,GET,true,24.052
204,802816,GET,true,352.227
205,2256,GET,true,64.115
206,1308,GET,true,21.448
207,1372,GET,true,20.165
208,1244,GET,true,16.677
209,1132,GET,true,18.022
210,2056,GET,true,16.811
211,2208,GET,true,17.703
212,1244,GET,true,13.515
213,2360,GET,true,33.89
214,6740,PUT,false,38.843
215,7416,GET,true,20.677
216,2056,GET,true,17.592
217,4688,GET,true,24.133
218,2056,GET,true,19.296
219,5136,GET,true,18.663
220,27017216,GET,true,10234.451
221,67092480,GET,true,23672.01
222,6728,GET,true,94.207
223,884736,GET,true,323.152
224,294912,GET,true,134.874
225,278528,GET,true,157.316
226,1804,GET,true,59.936
227,12264,GET,true,29.155
228,18202624,GET,true,6094.643
229,6908,GET,true,44.415
230,2056,GET,true,25.692
231,3376,GET,true,27.205
232,36995072,GET,true,11509.156
233,2506752,GET,true,785.593
234,1835008,GET,true,597.241
235,84459520,GET,true,31314.535
236,2628,GET,true,73.788
237,2000,GET,true,28.281
238,2632,GET,true,21.129
239,10010624,GET,true,3765.322
240,2000,PUT,false,63.465
241,12845056,GET,true,4427.355
242,6460,GET,true,51.499
243,2736,GET,true,23.161
244,12156,GET,true,22.272
245,2364,GET,true,17.138
246,2000,PUT,false,34.996
247,2056,GET,true,20.603
248,2192,GET,true,20.582
249,6736,GET,true,20.692
250,1420,GET,true,18.518
251,2628,GET,true,19.553
252,2628,GET,true,17.652
253,2344,GET,true,18.917
254,32768,GET,true,30.225
255,16384,GET,true,26.398
256,6111232,GET,true,1877.891
257,2604,GET,true,43.595
258,2056,PUT,false,38.734
259,13090816,GET,true,3930.343
260,82509824,GET,true,27295.658
261,6708,GET,true,62.428
262,2040,GET,true,25.875
263,24608768,GET,true,8822.039
264,1820,GET,true,75.386
265,82493440,PUT,false,44263.844
266,2216,GET,true,65.048
267,1800,GET,true,25.067
268,2129920,GET,true,788.612
269,1780,PUT,false,61.198
270,16384,GET,true,26.11
271,33505280,GET,true,12733.081
272,2212,GET,true,64.523
273,19152896,GET,true,5966.18
274,1132,PUT,false,46.602
275,1436,GET,true,20.013
276,16384,GET,true,22.035
277,6708,GET,true,19.154
278,2224,PUT,false,28.244
279,1800,GET,true,19.901
280,1240,GET,true,19.598
281,43171840,GET,true,12562.869
282,1132,GET,true,65.009
283,1508,GET,true,31.772
284,22102016,GET,true,7889.287
285,6536,PUT,false,59.552
286,43171840,GET,true,15481.047
287,4684,GET,true,61.475
288,4576,GET,true,24.09
289,8585216,GET,true,3196.546
290,11010048,GET,true,4000.255
291,1128,GET,true,48.173
292,19070976,PUT,false,10890.676
293,6724,GET,true,49.707
294,2628,GET,true,28.615
295,12284,GET,true,28.81
296,1156,GET,true,17.663
297,1988,GET,true,17.348
298,2996,GET,true,34.355
299,8040,GET,true,18.432
300,4684,GET,true,17.78
301,19070976,GET,true,6740.12
302,1772,GET,true,51.818
303,479461376,GET,true,167250.917
304,5420,GET,true,73.956
305,1980,GET,true,18.479
306,6720,GET,true,14.785
307,1336,GET,true,19.593
308,1236,GET,true,13.853
309,10764288,GET,true,3960.828
310,2097152,GET,true,697.515
311,2252,GET,true,52.044
312,1040,GET,true,21.35
313,2628,GET,true,19.255
314,1980,GET,true,16.209
315,1064960,GET,true,410.352
316,163840,GET,true,110.384
317,42483712,GET,true,15871.317
318,9292,GET,true,61.05
319,2208,GET,true,25.019
320,1460,GET,true,17.063
321,1152,GET,true,19.274
322,2252,GET,true,15.914
323,163840,GET,true,101.708
324,65536,GET,true,64.143
325,9544,GET,true,20.548
326,4752,GET,true,26.015
327,6720,GET,true,16.251
328,3004,GET,true,17.269
329,3020,GET,true,16.112
330,1528,GET,true,15.643
331,819200,GET,true,280.977
332,7120,GET,true,40.655
333,139378688,GET,true,60281.325
334,16384,PUT,false,146.927
335,44056576,GET,true,15020.317
336,1460,GET,true,70.789
337,1500,GET,true,28.701
338,72679424,GET,true,26759.372
339,8248,GET,true,84.256
340,1128,GET,true,23.92
341,12156,GET,true,19.651
342,2056,GET,true,19.066
343,2832,GET,true,21.49
344,1132,PUT,false,35.137
345,82493440,GET,true,30698.583
346,65536,GET,true,89.238
347,2996,GET,true,28.667
348,4524,GET,true,18.543
349,4680,GET,true,18.248
350,1388,GET,true,18.249
351,4708,GET,true,16.84
352,1504,GET,true,17.699
353,30523392,GET,true,10307.661
354,1988,GET,true,49.547
355,79560704,GET,true,26366.438
356,1916928,GET,true,772.072
357,46891008,GET,true,16261.589
358,6748,GET,true,81.771
359,2572288,GET,true,927.251
360,29949952,GET,true,10983.559
361,4688,GET,true,64.683
362,4688,GET,true,31.674
363,2628,GET,true,27.052
364,3244,GET,true,20.143
365,2996,GET,true,18.917
366,1536,GET,true,19.948
367,690372608,GET,true,207086.415
368,32768,GET,true,68.731
369,4164,GET,true,33.163
370,16384,GET,true,21.175
371,1277952,GET,true,429.514
372,1624,GET,true,50.043
373,92979200,GET,true,30460.036
374,1152,GET,true,76.381
375,10576,GET,true,27.039
376,22822912,GET,true,7289.155
377,314081280,GET,true,102008.254
378,2628,GET,true,71.95
379,2628,GET,true,24.6
380,7676,GET,true,22.603
381,3044,GET,true,19.048
382,2628,GET,true,20.114
383,54394880,GET,true,18727.853
384,16384,GET,true,81.362
385,2628,GET,true,29.731
386,11692,GET,true,25.662
387,1932,GET,true,19.108
388,1128,GET,true,19.356
389,1900544,GET,true,546.714
390,1356,GET,true,24.384
391,7676,GET,true,20.557
392,2200,GET,true,25.768
393,82493440,GET,true,27521.21
394,30883840,GET,true,10586.879
395,2056,GET,true,54.571
396,1068,GET,true,25.47
397,82493440,GET,true,26393.472
398,2608,GET,true,77.728
399,1728,GET,true,27.541
400,1348,PUT,false,37.961
401,2628,GET,true,15.91
402,11943936,GET,true,3422.294
403,4128768,GET,true,1286.749
404,1128,GET,true,51.365
405,16384,GET,true,24.688
406,16384,GET,true,20.023
407,1228800,GET,true,412.241
408,2964,GET,true,46.606
409,1900544,GET,true,609.053
410,360448,GET,true,168.914
411,606208,GET,true,230.26
412,1372,GET,true,48.134
413,1356,GET,true,24.692
414,6608,GET,true,19.004
415,7248,GET,true,19.092
416,1228800,GET,true,413.511
417,1256,GET,true,49.14
418,163840,GET,true,73.363
419,2628,GET,true,40.008
420,2600,GET,true,26.412
421,63848448,GET,true,21070.958
422,129925120,GET,true,48284.894
423,1160,GET,true,74.854
424,16384,GET,true,28.821
425,1256,GET,true,23.506
426,12284,GET,true,19.224
427,46891008,GET,true,14199.877
428,83918848,GET,true,28494.85
429,12392,GET,true,74.67
430,950272,GET,true,372.638
431,92979200,GET,true,34364.226
432,2632,GET,true,75.237
433,150093824,GET,true,55698.81
434,4684,GET,true,73.719
435,42336256,GET,true,15999.307
436,52477952,GET,true,18219.522
437,6580,GET,true,64.323
438,12156,GET,true,38.854
439,109051904,GET,true,37171.07
440,16384,GET,true,79.133
441,16384,GET,true,34.424
442,2344,GET,true,23.212
443,10862592,GET,true,4719.359
444,2584,GET,true,155.565
445,1520,GET,true,60.85
446,671744,GET,true,280.08
447,16629760,GET,true,6029.846
448,770048,GET,true,263.12
449,1212416,GET,true,340.457
450,1988,GET,true,56.884
451,35487744,GET,true,13125.319
452,2628,GET,true,73.706
453,4580,GET,true,41.858
454,7536640,GET,true,2659.605
455,2310144,GET,true,715.834
456,3220,GET,true,56.879
457,10196,GET,true,49.179
458,1232,GET,true,32.136
459,3024,GET,true,29.229
460,1064960,GET,true,344.354
461,3940,GET,true,57.058
462,2056,GET,true,34.628
463,12284,GET,true,29.462
464,1316,GET,true,27.691
465,2628,GET,true,33.458
466,16384,GET,true,30.832
467,1148,GET,true,27.061
468,2628,GET,true,28.554
469,96550912,GET,true,33093.259
470,51281920,GET,true,19517.088
471,23887872,GET,true,8991.41
472,278528,GET,true,171.975
473,1916928,GET,true,658.277
474,5455872,GET,true,1945.283
475,1152,GET,true,82.782
476,18513920,GET,true,5864.89
477,2996,GET,true,50.378
478,2628,GET,true,29.445
479,2256,GET,true,57.317
480,2340,GET,true,26.739
481,1368,GET,true,27.221
482,1156,GET,true,23.659
483,1179648,GET,true,466.934
484,1327104,GET,true,463.408
485,2824,GET,true,53.592
486,819200,GET,true,336.777
487,327680,GET,true,169.81
488,7847936,GET,true,2454.545
489,6078464,GET,true,1710.855
490,8060928,GET,true,2854.209
491,983040,GET,true,310.975
492,2812,GET,true,48.04
493,73416704,GET,true,22504.286
494,868352,GET,true,364.194
495,11714560,GET,true,3797.361
496,38699008,PUT,false,18996.057
497,2628,GET,true,56.204
498,163840,GET,true,111.709
499,18874368,GET,true,6964.364
500,1144,PUT,false,90.898
501,5232,GET,true,32.405
502,4500,PUT,false,57.614
503,10747904,GET,true,3526.789
504,4708,GET,true,52.587
505,12156,GET,true,32.365
506,10764288,GET,true,3207.027
507,983040,GET,true,373.436
508,16384,GET,true,56.565
509,4500,GET,true,27.315
510,2604,GET,true,33.074
511,9388032,GET,true,3318.435
512,16384,GET,true,55.466
513,4080,GET,true,28.832
514,196493312,GET,true,64439.73
515,6932,GET,true,73.063
516,11517952,GET,true,3889.356
517,262144,GET,true,124.824
518,819200,GET,true,375.251
519,12284,GET,true,46.114
520,109051904,GET,true,36792.709
521,278528,GET,true,161.082
522,29065216,GET,true,9972.373
523,4260,GET,true,73.471
524,22282240,GET,true,6882.838
525,1996,GET,true,54.725
526,819200,GET,true,269.916
527,2628,GET,true,44.708
528,1156,GET,true,29.499
529,671744,GET,true,294.306
530,3424,GET,true,54.541
531,6455296,GET,true,2029.582
532,2824,GET,true,51.17
533,3063808,GET,true,1125.817
534,2632,GET,true,54.664
535,6932,GET,true,35.042
536,3342336,GET,true,1194.524
537,2080768,GET,true,721.077
538,84295680,GET,true,30993.212
539,163840,GET,true,155.018
540,2628,GET,true,55.317
541,2072,GET,true,32.096
542,2056,PUT,false,60.608
543,70533120,GET,true,26493.975
544,16384,GET,true,75.893
545,131072,GET,true,58.381
546,2056,PUT,false,51.426
547,58015744,GET,true,19833.359
548,6111232,GET,true,1964.544
549,1152,GET,true,54.417
550,2552,GET,true,29.531
551,3044,GET,true,21.544
552,4340,GET,true,23.598
553,1179648,GET,true,371.177
554,7084,GET,true,46.987
555,4164,GET,true,27.284
556,163840,GET,true,72.54
557,2628,GET,true,41.127
558,4252,GET,true,23.956
559,22282240,GET,true,7458.077
560,7476,GET,true,47.17
561,4172,GET,true,58.708
562,8264,GET,true,22.969
563,32768,GET,true,29.375
564,191496192,GET,true,63959.842
565,1156,GET,true,81.443
566,6736,GET,true,32.06
567,4704,GET,true,24.16
568,2416,GET,true,22.174
569,1146880,GET,true,439.068
570,40828928,GET,true,13755.404
571,16004,GET,true,71.537
572,21970944,GET,true,7208.945
573,1032,GET,true,52.435
574,11321344,GET,true,4080.598
575,1424,GET,true,64.687
576,4276,GET,true,61.697
577,61046784,GET,true,19132.873
578,16416768,GET,true,5694.774
579,1584,GET,true,68.538
580,111788032,GET,true,37387.45
581,2188,GET,true,72.124
582,9536,GET,true,30.539
583,3044,GET,true,19.996
584,2056,GET,true,19.975
585,1752,GET,true,27.456
586,28868608,GET,true,10792.312
587,1988,GET,true,58.98
588,163840,GET,true,83.368
589,1984,GET,true,57.237
590,1372,GET,true,31.761
591,1132,GET,true,27.164
592,111509504,GET,true,40680.794
593,2012,GET,true,69.691
594,129695744,GET,true,42070.048
595,82509824,PUT,false,45028.376
596,1036,GET,true,54.796
597,58310656,GET,true,18322.186
598,1372,GET,true,70.989
599,3112,GET,true,32.008
600,3376,GET,true,26.215
601,4868,GET,true,25.95
602,33177600,GET,true,10610.548
603,3188,GET,true,52.605
604,110231552,GET,true,34853.863
605,278528,GET,true,148.538
606,15708,GET,true,60.191
607,66994176,GET,true,23157.186
608,5236,GET,true,83.502
609,82493440,GET,true,30614.073
610,7180,GET,true,86.37
611,2608,GET,true,28.857
612,33619968,GET,true,10513.911
613,2056,GET,true,50.457
614,16384,PUT,false,64.932
615,688128,PUT,false,476.754
616,28196864,GET,true,10418.432
617,29360128,GET,true,10142.96
618,3448,GET,true,57.07
619,18481152,GET,true,6714.253
620,2812,GET,true,59.4
621,72679424,GET,true,22595.59
622,45940736,GET,true,16856.462
623,12156,GET,true,71.773
624,7008,GET,true,32.602
625,2056,GET,true,22.443
626,2056,GET,true,25.359
627,1372,GET,true,20.41
628,2056,GET,true,22.16
629,82493440,GET,true,28387.236
630,2628,GET,true,69.899
631,16384,GET,true,36.662
632,2056,GET,true,23.682
633,32768,PUT,false,65.106
634,6740,GET,true,28.02
635,13910016,GET,true,5180.175
636,458752,PUT,false,308.672
637,15056896,GET,true,5072.205
638,67092480,GET,true,26070.699
639,16384,GET,true,82.029
640,33931264,GET,true,11344.38
641,1584,GET,true,59.769
642,32768,GET,true,36.178
643,6792,GET,true,28.79
644,4708,GET,true,24.648
645,6748,GET,true,26.412
646,983040,GET,true,399.298
647,3096576,GET,true,1150.047
648,2628,GET,true,56.817
649,7476,GET,true,31.992
650,1572864,GET,true,590.298
651,49496064,GET,true,16895.951
652,8126464,GET,true,3102.202
653,12284,GET,true,64.922
654,65536,GET,true,43.386
655,43499520,GET,true,14159.682
656,1372,GET,true,65.304
657,2056,GET,true,33.57
658,819200,GET,true,305.189
659,7476,GET,true,62.019
660,9544,GET,true,30.008
661,44974080,GET,true,15282.507
662,82493440,GET,true,30572.725
663,6732,GET,true,80.821
664,63291392,GET,true,23871.081
665,124272640,GET,true,46493.658
666,1982464,GET,true,709.403
667,2056,GET,true,66.921
668,4524,GET,true,41.985
669,8184,GET,true,24.113
670,2056,GET,true,29.472
671,4384,PUT,false,59.425
672,2628,GET,true,25.509
673,1244,GET,true,26.755
674,16384,GET,true,26.054
675,1448,GET,true,22.258
676,47579136,GET,true,17949.937
677,819200,GET,true,348.734
678,2056,GET,true,55.532
679,32768,GET,true,39.595
680,1584,GET,true,21.49
681,6736,GET,true,22.707
682,82493440,GET,true,28671.825
683,1372,GET,true,73.379
684,16384,GET,true,33.668
685,2056,GET,true,25.307
686,146898944,GET,true,54118.755
687,12284,GET,true,75.929
688,53510144,GET,true,20083.569
689,2628,GET,true,85.409
690,2360,GET,true,29.395
691,8040,PUT,false,80.214
692,2056,GET,true,26.531
693,2056,GET,true,25.366
694,2056,GET,true,22.121
695,2608,GET,true,22.028
696,1780,GET,true,23.378
697,1452,GET,true,21.445
698,2195456,GET,true,857.557
699,1828,GET,true,57.121
700,2097152,GET,true,689.364
701,18825216,GET,true,6143.206
702,3044,GET,true,53.302
703,2420,GET,true,27.152
704,13467648,GET,true,4132.074
705,49152,GET,true,55.566
706,311296,GET,true,125.538
707,2208,GET,true,45.115
708,23248896,GET,true,8127.41
709,1308,GET,true,61.234
710,1828,GET,true,27.973
711,12156,GET,true,22.693
712,32210944,GET,true,11294.322
713,2608,GET,true,43.879
714,2056,GET,true,25.86
715,1900,GET,true,19.588
716,237371392,GET,true,79305.012
717,2196,GET,true,67.725
718,2056,GET,true,25.184
719,82509824,GET,true,30632.089
720,60063744,GET,true,20680.95
721,2188,GET,true,70.253
722,59719680,GET,true,20045.926
723,1356,GET,true,72.446
724,148471808,GET,true,50912.432
725,82493440,GET,true,28472.837
726,6720,GET,true,63.006
727,10196,GET,true,36.945
728,2056,GET,true,34.892
729,2628,GET,true,24.644
730,3940,GET,true,25.531
731,13500416,GET,true,4606.67
732,12284,GET,true,55.038
733,82509824,GET,true,25941.712
734,12284,GET,true,41.364
735,82493440,GET,true,30468.592
736,146030592,GET,true,44587.395
737,294912,GET,true,151.424
738,1500,GET,true,59.705
739,4684,GET,true,41.174
740,479412224,GET,true,151489.394
741,20725760,GET,true,7844.978
742,4524,GET,true,69.564
743,1980,GET,true,32.9
744,380583936,GET,true,136385.231
745,2628,GET,true,85.637
746,2628,GET,true,30.498
747,1772,GET,true,19.584
748,3220,GET,true,19.488
749,7984,GET,true,20.998
750,2056,GET,true,16.076
751,8272,GET,true,22.495
752,6364,GET,true,18.514
753,65454080,GET,true,24043.32
754,66191360,GET,true,23085.506
755,3220,GET,true,96.506
756,3522560,GET,true,1381.364
757,1356,GET,true,57.123
758,10576,GET,true,35.159
759,4756,GET,true,22.763
760,1336,GET,true,31.928
761,81920,GET,true,41.216
762,6864,GET,true,27.945
763,1292,GET,true,22.936
764,6720,GET,true,26.873
765,2628,GET,true,24.259
766,6724,GET,true,25.182
767,2056,GET,true,30.444
768,360448,GET,true,153.993
769,109051904,GET,true,40216.18
770,7476,GET,true,86.628
771,11714560,GET,true,3800.769
772,74366976,GET,true,21613.295
773,1696,GET,true,73.907
774,1372,GET,true,33.772
775,14388,GET,true,33.942
776,19873792,GET,true,7511.031
777,8224768,GET,true,2844.16
778,16646144,GET,true,5951.163
779,58245120,GET,true,19598.186
780,75988992,GET,true,28221.289
781,16384,GET,true,88.009
782,2560,GET,true,33.973
783,2056,GET,true,26.064
784,6732,GET,true,24.379
785,65536,PUT,false,81.622
786,4489216,GET,true,1707.997
787,6736,GET,true,61.648
788,12740,GET,true,33.104
789,16384,GET,true,28.717
790,12582912,GET,true,4270.935
791,6744,GET,true,46.041
792,1372,GET,true,27.721
793,6756,GET,true,27.344
794,7488,GET,true,23.144
795,19693568,GET,true,6250.159
796,1784,GET,true,47.418
797,1780,GET,true,27.27
798,7700480,GET,true,2143.164
799,2256,GET,true,44.165
800,13500416,GET,true,4766.432
801,1294336,GET,true,507.362
802,5764,GET,true,68.383
803,12284,GET,true,28.836
804,6716,GET,true,24.096
805,82493440,GET,true,25916.26
806,82509824,GET,true,28227.112
807,671744,GET,true,262.619
808,20561920,GET,true,7562.702
809,3864,GET,true,58.531
810,6720,GET,true,31.024
811,1128,GET,true,27.481
812,1392640,GET,true,545.127
813,11157504,GET,true,3987.554
814,19251200,GET,true,5780.233
815,12284,GET,true,49.235
816,1364,GET,true,32.108
817,28770304,PUT,false,16724.573
818,4592,GET,true,65.997
819,2060,GET,true,38.166
820,163840,GET,true,116.244
821,1388,GET,true,54.512
822,2628,GET,true,32.232
823,296321024,GET,true,96668.278
824,17793024,GET,true,5886.072
825,16384,GET,true,61.083
826,2056,GET,true,28.407
827,2056,GET,true,21.633
828,11692,GET,true,24.597
829,2608,GET,true,21.34
830,12820,GET,true,22.017
831,17416192,GET,true,5312.308
832,819200,GET,true,250.249
833,1916928,GET,true,726.436
834,3457024,GET,true,1116.354
835,4524,GET,true,49.218
836,1772,GET,true,30.645
837,16384,GET,true,29.352
838,2056,GET,true,23.324
839,1064960,GET,true,354.907
840,19775488,GET,true,6096.158
841,294912,GET,true,157.417
842,294912,GET,true,150.161
843,6712,GET,true,58.341
844,1368,GET,true,35.676
845,1900544,GET,true,612.751
846,2056,GET,true,55.503
847,2144,GET,true,29.276
848,24625152,GET,true,9054.46
849,9776,GET,true,59.97
850,1156,GET,true,29.824
851,82493440,GET,true,26380.781
852,36962304,GET,true,13712.365
853,5136,GET,true,70.225
854,16384,GET,true,32.402
855,2752,GET,true,27.598
856,5536,GET,true,21.575
857,215007232,GET,true,78299.784
858,5600,GET,true,72.87
859,2628,GET,true,24.828
860,82493440,GET,true,30810.616
861,25640960,GET,true,9673.197
862,12284,GET,true,72.365
863,99598336,GET,true,33452.891
864,4104,GET,true,78.61
865,3396,PUT,false,80.058
866,2628,GET,true,25.605
867,6740,GET,true,22.561
868,16384,GET,true,25.331
869,6732,GET,true,22.34
870,2628,GET,true,23.993
871,7520256,GET,true,2151.279
872,10977280,GET,true,3907.4
873,28770304,PUT,false,16121.812
874,2196,GET,true,48.413
875,5232,GET,true,28.375
876,2628,GET,true,24.365
877,12284,GET,true,23.613
878,786432,GET,true,303.186
879,2628,GET,true,65.727
880,12284,GET,true,39.167
881,2850816,GET,true,915.6
882,262144,GET,true,136.922
883,42319872,GET,true,13495.951
884,3044,GET,true,58.538
885,8863744,GET,true,2968.381
886,3368,GET,true,52.306
887,4080,GET,true,23.85
888,27672576,GET,true,8718.007
889,6724,GET,true,53.41
890,146112512,GET,true,53759.821
891,2632,GET,true,82.898
892,1152,GET,true,26.097
893,148471808,GET,true,53925.476
894,2056,GET,true,71.449
895,7584,GET,true,30.141
896,2628,GET,true,22.957
897,4688,PUT,false,55.718
898,12284,GET,true,24.119
899,16384,GET,true,22.132
900,1232,GET,true,19.004
901,1294336,GET,true,484.637
902,4680,GET,true,68.632
903,1232,GET,true,26.813
904,7180,GET,true,22.386
905,56475648,GET,true,18905.363
906,671744,GET,true,277.944
907,2112,GET,true,58.952
908,1804,GET,true,29.429
909,1032,GET,true,21.874
910,82509824,GET,true,28219.623
911,9191424,GET,true,3003.438
912,26460160,GET,true,8298.279
913,82493440,GET,true,30546.097
914,3440640,GET,true,1127.641
915,2375680,GET,true,872.851
916,16384,GET,true,65.453
917,3407872,GET,true,1209.666
918,14286848,GET,true,4998.585
919,1784,GET,true,67.126
920,1474560,GET,true,419.481
921,82509824,PUT,false,46867.215
922,2473984,GET,true,889.607
923,2965504,GET,true,1009.801
924,5008,GET,true,59.736
925,1692,GET,true,35.653
926,2628,GET,true,26.999
927,372080640,GET,true,121029.536
928,16384,GET,true,89.166
929,2056,GET,true,30.825
930,1364,GET,true,25.319
931,26247168,GET,true,9870.221
932,4833280,GET,true,2151.608
933,33210368,GET,true,11410.758
934,6732,GET,true,63.685
935,82509824,GET,true,27701.878
936,10576,GET,true,66.978
937,21692416,GET,true,7378.712
938,12845056,GET,true,4281.927
939,1988,GET,true,55.924
940,82509824,GET,true,28526.285
941,16384,GET,true,71.851
942,2224,GET,true,26.991
943,65536,GET,true,31.756
944,12156,GET,true,23.961
945,2632,GET,true,20.142
946,1156,GET,true,19.369
947,2616,GET,true,21.801
948,1356,GET,true,19.786
949,1736704,GET,true,548.62
950,2000,PUT,false,56.302
951,35094528,GET,true,11938.93
952,524288,GET,true,184.508
953,524288,GET,true,231.092
954,524288,GET,true,234.306
955,4684,GET,true,59.825
956,5700,GET,true,32.005
957,1336,GET,true,22.357
958,42319872,GET,true,14235.522
959,360448,PUT,false,303.039
960,6604,GET,true,56.607
961,1132,PUT,false,52.785
962,8840,GET,true,30.899
963,14991360,GET,true,5054.908
964,32768,GET,true,54.159
965,92979200,GET,true,31465.568
966,16384,GET,true,78.509
967,2628,GET,true,24.441
968,16384,GET,true,23.503
969,3227648,GET,true,1052.813
970,1212416,GET,true,357.006
971,1760,GET,true,39.915
972,100073472,GET,true,28761.378
973,2552,GET,true,40.258
974,2752,GET,true,25.075
975,2252,GET,true,18.846
976,163840,PUT,false,150.18
977,1372,GET,true,40.574
978,2628,GET,true,22.614
979,6596,GET,true,19.015
980,2628,GET,true,17.864
981,2200,GET,true,17.55
982,3432,GET,true,16.487
983,89014272,GET,true,30132.215
984,2000,PUT,false,65.776
985,69222400,GET,true,22185.973
986,1132,GET,true,71.038
987,25346048,GET,true,8364.234
988,65536,GET,true,56.581
989,6536,GET,true,22.153
990,294912,GET,true,140.985
991,1028,GET,true,51.892
992,163840,GET,true,102.13
993,16384,GET,true,44.931
994,2628,GET,true,21.211
995,6736,PUT,false,84.513
996,1872,GET,true,17.716
997,12284,GET,true,18.195
998,4868,GET,true,17.723
999,6471680,GET,true,2330.179
1000,1420,PUT,false,53.324
1001,42450944,GET,true,15628.059
1002,42450944,GET,true,15546.409
1003,81920,GET,true,88.664
1004,16384,GET,true,27.684
1005,1368,GET,true,21.991
1006,1132,GET,true,20.435
1007,2200,GET,true,25.027
1008,12861440,GET,true,4790.217
1009,4756,GET,true,88.269
1010,1624,GET,true,28.443
1011,58621952,GET,true,20554.831
1012,5772,GET,true,77.848
1013,4052,GET,true,33.301
1014,21643264,GET,true,8192.73
1015,2472,GET,true,59.94
1016,1132,GET,true,33.179
1017,7476,GET,true,24.147
1018,5236,GET,true,23.088
1019,4587520,GET,true,1685.85
1020,1524,GET,true,60.388
1021,2310144,GET,true,776.328
1022,66945024,GET,true,23253.233
1023,2628,GET,true,75.193
1024,163840,GET,true,64.444
1025,163840,GET,true,116.64
1026,10576,GET,true,73.261
1027,2608,GET,true,37.608
1028,42319872,GET,true,14513.514
1029,4592,GET,true,67.086
1030,2072,GET,true,31.633
1031,13910016,GET,true,4852.982
1032,5455872,GET,true,1963.848
1033,106987520,GET,true,35572.203
1034,15564800,GET,true,5886.411
1035,3336,GET,true,60.401
1036,1372,GET,true,34.019
1037,2144,GET,true,27.566
1038,16384,GET,true,25.571
1039,180600832,GET,true,62164.194
1040,1277952,GET,true,470.368
1041,49152,GET,true,64.499
1042,2608,GET,true,38.02
1043,2608,GET,true,28.778
1044,9544,GET,true,23.608
1045,1064960,GET,true,324.599
1046,3376,GET,true,26.158
1047,2260,GET,true,34.738
1048,1356,GET,true,23.832
1049,3063808,GET,true,1043.756
1050,4580,GET,true,51.186
1051,16384,GET,true,31.196
1052,7416,GET,true,24.815
1053,21954560,GET,true,8198.289
1054,16384,GET,true,62.693
1055,110477312,GET,true,37736.281
1056,2144,GET,true,74.668
1057,21692416,GET,true,8127.81
1058,17743872,GET,true,5573.57
1059,262144,GET,true,108.084
1060,19054592,GET,true,6634.518
1061,4688,PUT,false,63.984
1062,51249152,GET,true,16753.579
1063,9273344,GET,true,3386.044
1064,5232,GET,true,62.164
1065,163840,PUT,false,151.0
1066,8684,GET,true,47.466
1067,7416,PUT,false,39.4
1068,150061056,GET,true,55118.668
1069,1152,GET,true,81.07
1070,33996800,GET,true,11555.521
1071,2044,GET,true,53.795
1072,10747904,GET,true,3391.351
1073,1032192,GET,true,418.711
1074,2080768,GET,true,748.172
1075,7847936,GET,true,2176.539
1076,1996,GET,true,46.764
1077,671744,GET,true,234.341
1078,120307712,GET,true,40388.297
1079,49152,GET,true,72.641
1080,8601600,GET,true,2826.3
1081,16384,GET,true,65.903
1082,8684,GET,true,32.145
1083,6616,GET,true,28.062
1084,6736,PUT,false,44.42
1085,5936,GET,true,23.628
1086,6732,PUT,false,36.235
1087,27721728,GET,true,9182.388
1088,2628,GET,true,51.293
1089,10731520,GET,true,3073.405
1090,1097728,GET,true,359.278
1091,2624,GET,true,39.976
1092,1589248,GET,true,588.358
1093,35733504,GET,true,11994.735
1094,29507584,GET,true,10741.303
1095,1424,GET,true,66.389
1096,1156,GET,true,34.36
1097,16384,GET,true,28.177
1098,2628,GET,true,25.834
1099,753664,GET,true,260.337
1100,111788032,GET,true,36710.509
1101,1508,GET,true,76.709
1102,1508,GET,true,30.899
1103,4684,GET,true,26.705
1104,409600,GET,true,144.451
1105,753664,GET,true,228.877
1106,16384,GET,true,44.608
1107,131072,GET,true,55.481
1108,16384,GET,true,28.308
1109,6732,GET,true,25.312
1110,16384,GET,true,37.639
1111,2004,GET,true,21.938
1112,1500,GET,true,20.711
1113,1468,GET,true,24.931
1114,1132,GET,true,23.481
1115,16384,GET,true,25.516
1116,17743872,GET,true,5980.432
1117,1420,GET,true,48.851
1118,1500,GET,true,27.307
1119,2000,PUT,false,40.581
1120,61063168,GET,true,20461.341
1121,1420,GET,true,74.015
1122,12861440,GET,true,4412.832
1123,12713984,GET,true,3627.976
1124,3864,GET,true,44.601
1125,46891008,PUT,false,24639.911
1126,2628,GET,true,49.923
1127,2608,GET,true,29.223
1128,75448320,GET,true,28167.951
1129,43171840,GET,true,12786.59
1130,1916928,GET,true,663.135
1131,49545216,GET,true,16097.612
1132,4684,PUT,false,82.919
1133,1988,GET,true,35.724
1134,16384,GET,true,28.696
1135,2555904,GET,true,820.864
1136,671744,GET,true,249.011
1137,3044,GET,true,57.157
1138,1132,GET,true,31.724
1139,12808,GET,true,27.113
1140,65536,GET,true,35.843
1141,2628,GET,true,24.297
1142,107118592,GET,true,38024.173
1143,2628,GET,true,90.395
1144,38699008,GET,true,14640.939
1145,16384,GET,true,79.437
1146,2056,GET,true,26.734
1147,2260,GET,true,20.989
1148,12156928,GET,true,4185.42
1149,2820,GET,true,50.328
1150,1376,GET,true,29.14
1151,2628,GET,true,22.106
1152,82493440,GET,true,30346.515
1153,33816576,GET,true,10973.466
1154,2605056,GET,true,933.639
1155,2060,GET,true,54.533
1156,3436,GET,true,32.235
1157,16384,GET,true,28.91
1158,18513920,GET,true,6186.111
1159,1156,GET,true,54.995
1160,1868,GET,true,30.033
1161,239747072,GET,true,79187.694
1162,10289152,GET,true,3819.175
1163,1152,GET,true,56.898
1164,98304,GET,true,55.149
1165,82493440,GET,true,25867.816
1166,54394880,GET,true,18577.495
1167,7496,GET,true,69.07
1168,2056,GET,true,31.775
1169,1804,GET,true,25.119
1170,16384,GET,true,30.385
1171,1368,GET,true,22.083
1172,3012,GET,true,22.187
1173,6455296,GET,true,2143.48
1174,10576,GET,true,42.518
1175,57950208,GET,true,19874.334
1176,82493440,GET,true,30750.115
1177,2628,GET,true,89.466
1178,19070976,GET,true,6393.804
1179,2832,GET,true,47.615
1180,45875200,GET,true,15201.523
1181,671744,PUT,false,423.045
1182,1856,GET,true,58.518
1183,84246528,GET,true,29433.639
1184,6764,GET,true,95.181
1185,1132,GET,true,35.778
1186,20529152,GET,true,6835.573
1187,82493440,GET,true,28667.021
1188,82493440,GET,true,30917.416
1189,5062656,PUT,false,3104.638
1190,12156928,PUT,false,6767.866
1191,67092480,GET,true,21976.122
1192,6732,GET,true,77.496
1193,57425920,GET,true,21709.275
1194,2056,GET,true,77.579
1195,6716,GET,true,33.698
1196,1984,GET,true,24.898
1197,9633792,GET,true,3007.527
1198,3260416,GET,true,1509.454
1199,131858432,GET,true,44779.628
1200,7488,GET,true,67.229
1201,13467648,GET,true,4430.063
1202,141983744,GET,true,45672.961
1203,12284,GET,true,88.134
1204,95813632,GET,true,32621.063
1205,6716,GET,true,76.415
1206,65536,PUT,false,76.648
1207,6684672,GET,true,2219.584
1208,12828672,GET,true,3811.461
1209,8568,GET,true,49.237
1210,9192,GET,true,30.08
1211,72679424,GET,true,24522.396
1212,11960320,GET,true,4482.867
1213,7520256,GET,true,2675.029
1214,7241728,PUT,false,3982.804
1215,41992192,GET,true,14809.308
1216,2628,GET,true,70.244
1217,1664,GET,true,32.948
1218,82509824,GET,true,30608.13
1219,2056,GET,true,85.769
1220,1753088,GET,true,604.349
1221,2056,PUT,false,60.328
1222,2012,GET,true,26.264
1223,83935232,GET,true,28304.277
1224,65536,GET,true,79.737
1225,169852928,GET,true,56834.384
1226,12284,GET,true,72.438
1227,2832,GET,true,27.73
1228,148471808,GET,true,44771.297
1229,1784,GET,true,67.898
1230,6740,GET,true,30.892
1231,6324224,GET,true,2096.876
1232,1372,GET,true,50.351
1233,12284,GET,true,28.06
1234,10289152,GET,true,3687.894
1235,16384,GET,true,58.777
1236,2628,GET,true,28.882
1237,16384,GET,true,25.314
1238,2176,GET,true,18.658
1239,6720,GET,true,21.971
1240,2056,GET,true,24.294
1241,294912,GET,true,121.822
1242,12156,GET,true,47.468
1243,13792,GET,true,28.06
1244,7180,GET,true,27.507
1245,2310144,GET,true,720.815
1246,1452,GET,true,44.174
1247,16384,GET,true,30.989
1248,5348,PUT,false,42.66
1249,2097152,GET,true,774.74
1250,2832,GET,true,50.234
1251,12284,GET,true,27.905
1252,2428,GET,true,22.822
1253,23035904,PUT,false,10595.981
1254,1428,GET,true,35.349
1255,12156,GET,true,30.418
1256,6716,GET,true,22.946
1257,3044,GET,true,21.309
1258,1804,GET,true,22.988
1259,10284,PUT,false,38.212
1260,1060,GET,true,22.971
1261,1988,GET,true,20.579
1262,2260,GET,true,20.854
1263,1356,GET,true,21.817
1264,2340,GET,true,21.442
1265,6744,GET,true,21.094
1266,6712,GET,true,23.435
1267,4080,GET,true,27.401
1268,278528,GET,true,120.59
1269,61095936,GET,true,19044.224
1270,84246528,GET,true,30577.59
1271,2628,GET,true,100.725
1272,1732,GET,true,33.16
1273,12284,GET,true,22.637
1274,2556,GET,true,23.428
1275,4576,GET,true,20.681
1276,1448,GET,true,19.684
1277,41893888,GET,true,14268.72
1278,1425408,GET,true,472.951
1279,2200,GET,true,51.165
1280,6740,GET,true,30.144
1281,16384,GET,true,26.488
1282,1032192,GET,true,409.515
1283,1128,GET,true,54.433
1284,2628,GET,true,30.233
1285,7416,GET,true,27.6
1286,4404,GET,true,25.216
1287,10665984,GET,true,3480.121
1288,2628,GET,true,53.307
1289,16384,GET,true,32.278
1290,32899072,GET,true,10736.224
1291,9633792,GET,true,2963.441
1292,1327104,GET,true,443.682
1293,38092800,GET,true,11653.484
1294,1508,PUT,false,77.988
1295,2628,GET,true,32.395
1296,16384,GET,true,24.849
1297,2056,GET,true,21.937
1298,1132,GET,true,23.003
1299,1132,GET,true,25.232
1300,16384,GET,true,26.055
1301,49545216,GET,true,16778.788
1302,1240,GET,true,77.257
1303,16384,GET,true,33.866
1304,1500,GET,true,22.649
1305,1132,GET,true,23.154
1306,16384,GET,true,29.503
1307,163840,GET,true,267.911
1308,1388,GET,true,66.792
1309,3407872,GET,true,1301.215
1310,6724,GET,true,53.796
1311,5608,GET,true,35.047
1312,4964,GET,true,25.649
1313,2744,GET,true,22.503
1314,2056,GET,true,26.276
1315,1420,GET,true,26.52
1316,1508,GET,true,22.573
1317,389038080,GET,true,126356.969
1318,6732,GET,true,89.101
1319,4648,GET,true,30.539
1320,7028,GET,true,24.282
1321,22282240,GET,true,7547.49
1322,7476,GET,true,57.126
1323,2224,GET,true,29.849
1324,25804800,GET,true,9089.983
1325,82493440,GET,true,26597.983
1326,2628,GET,true,88.157
1327,163840,GET,true,92.787
1328,14052,GET,true,67.38
1329,2208,GET,true,29.652
1330,2208,GET,true,18.957
1331,65536,GET,true,37.722
1332,237371392,GET,true,79492.364
1333,13068,GET,true,75.015
1334,4752,GET,true,32.317
1335,1132,GET,true,25.063
1336,2176,GET,true,28.094
1337,7488,GET,true,21.837
1338,12156,GET,true,23.169
1339,3256,GET,true,23.599
1340,82509824,GET,true,30406.593
1341,7984,PUT,false,128.056
1342,3997696,GET,true,1307.022
1343,16384,GET,true,47.503
1344,82493440,GET,true,30135.798
1345,294912,GET,true,178.077
1346,4524,GET,true,60.016
1347,819200,GET,true,311.953
1348,2112,GET,true,46.353
1349,2340,GET,true,23.21
1350,6728,GET,true,22.205
1351,2144,GET,true,22.245
1352,2608,GET,true,22.68
1353,9191424,GET,true,3008.068
1354,2608,GET,true,45.145
1355,2604,GET,true,24.323
1356,9544,GET,true,20.316
1357,6740,GET,true,18.908
1358,1916928,GET,true,630.614
1359,2056,GET,true,45.87
1360,32768,GET,true,29.794
1361,2628,GET,true,20.775
1362,147456,GET,true,89.402
1363,2628,GET,true,60.039
1364,16384,GET,true,27.348
1365,49152,GET,true,33.901
1366,2036,GET,true,142.098
1367,12582912,PUT,false,7478.69
1368,6712,GET,true,55.714
1369,6732,GET,true,33.171
1370,8428,GET,true,26.424
1371,1179648,GET,true,391.095
1372,2628,GET,true,41.572
1373,54394880,GET,true,20531.486
1374,16482304,GET,true,6270.809
1375,10576,GET,true,93.136
1376,4864,GET,true,31.776
1377,13484032,GET,true,4622.234
1378,1132,GET,true,42.728
1379,4600,GET,true,20.848
1380,2256,GET,true,16.995
1381,1372,GET,true,18.242
1382,38699008,GET,true,12548.263
1383,12156,GET,true,61.822
1384,36388864,GET,true,12131.797
1385,7416,GET,true,69.519
1386,12284,GET,true,37.075
1387,2628,GET,true,22.445
1388,1261568,GET,true,340.138
1389,917504,GET,true,306.92
1390,2056,GET,true,46.328
1391,2212,GET,true,23.758
1392,1244,PUT,false,38.459
1393,1784,GET,true,43.975
1394,2596,GET,true,23.812
1395,62373888,GET,true,20184.854
1396,2188,GET,true,70.68
1397,1584,GET,true,37.556
1398,3312,GET,true,21.416
1399,2112,GET,true,24.279
1400,3044,GET,true,23.028
1401,163840,GET,true,90.678
1402,278528,GET,true,167.256
1403,2628,GET,true,62.991
1404,2344,GET,true,28.041
1405,2310144,GET,true,726.394
1406,3396,GET,true,41.164
1407,4296,GET,true,21.791
1408,4684,GET,true,19.675
1409,16384,GET,true,20.362
1410,9544,GET,true,19.106
1411,1368,GET,true,19.137
1412,82493440,GET,true,28222.747
1413,82493440,GET,true,30389.994
1414,6732,GET,true,84.433
1415,2996,GET,true,25.492
1416,7716864,GET,true,2967.411
1417,1164,GET,true,60.598
1418,12763136,GET,true,4677.963
1419,6736,GET,true,65.507
1420,16384,GET,true,29.88
1421,13942784,GET,true,5005.987
1422,5992,GET,true,58.333
1423,61407232,GET,true,21219.861
1424,2080768,GET,true,695.852
1425,2056,PUT,false,68.018
1426,66945024,GET,true,22355.553
1427,70451200,GET,true,26204.212
1428,6708,GET,true,80.598
1429,120242176,GET,true,44921.956
1430,4688,GET,true,86.048
1431,101875712,GET,true,34792.467
1432,1460,GET,true,75.852
1433,4688,GET,true,28.586
1434,13598720,GET,true,4408.709
1435,16384,GET,true,45.721
1436,12484608,GET,true,4440.795
1437,16384,GET,true,64.717
1438,344064,GET,true,168.572
1439,2008,GET,true,57.805
1440,344064,GET,true,199.826
1441,163840,PUT,false,148.348
1442,49545216,GET,true,18564.159
1443,18825216,GET,true,7043.555
1444,6916,GET,true,62.161
1445,72679424,GET,true,25296.607
1446,2628,GET,true,71.856
1447,2608,GET,true,33.269
1448,7164,PUT,false,48.023
1449,2056,GET,true,25.507
1450,7416,GET,true,23.0
1451,54394880,GET,true,20485.468
1452,1920,GET,true,69.394
1453,458752,GET,true,181.317
1454,82493440,GET,true,28563.003
1455,12156,GET,true,75.774
1456,6720,PUT,false,48.6
1457,217694208,GET,true,67004.555
1458,1900544,GET,true,641.682
1459,12582912,PUT,false,7463.588
1460,622592,GET,true,240.433
1461,2628,GET,true,59.892
1462,3252,GET,true,27.803
1463,26443776,GET,true,9860.268
1464,163840,GET,true,103.347
1465,163840,GET,true,98.463
1466,2490368,GET,true,890.063
1467,163840,GET,true,91.627
1468,2100,PUT,false,66.382
1469,1148,GET,true,32.235
1470,2340,GET,true,26.335
1471,9601024,GET,true,3334.927
1472,1896,GET,true,45.108
1473,1212416,GET,true,392.762
1474,81920,GET,true,54.97
1475,32768,GET,true,32.583
1476,83918848,GET,true,27072.049
1477,16384,GET,true,42.343
1478,2812,GET,true,22.938
1479,1900544,GET,true,642.405
1480,11010048,GET,true,4112.485
1481,1784,GET,true,53.278
1482,4064,GET,true,31.295
1483,2628,GET,true,24.86
1484,66945024,GET,true,24468.867
1485,65536,GET,true,75.698
1486,2620,GET,true,24.337
1487,1132,GET,true,24.042
1488,1132,GET,true,21.151
1489,14396,GET,true,22.702
1490,45940736,GET,true,15979.186
1491,18513920,GET,true,7104.62
1492,114688,GET,true,103.058
1493,16384,GET,true,29.042
1494,2572288,GET,true,788.32
1495,4684,GET,true,43.102
1496,7016,GET,true,24.293
1497,16384,GET,true,22.811
1498,9502720,GET,true,3251.277
1499,114688,GET,true,72.39
1500,34291712,GET,true,12493.035
1501,16384,GET,true,58.594
1502,504938496,GET,true,177817.569
1503,1152,GET,true,85.07
1504,2252,GET,true,24.444
1505,2736128,GET,true,915.185
1506,2912,GET,true,44.147
1507,1784,GET,true,28.39
1508,4128,GET,true,21.433
1509,82493440,GET,true,24242.98
1510,1132,GET,true,69.43
1511,82493440,GET,true,27111.658
1512,22528000,PUT,false,12572.583
1513,11862016,GET,true,3607.242
1514,1412,GET,true,66.446
1515,3948,PUT,false,45.85
1516,1372,GET,true,23.555
1517,2056,PUT,false,34.077
1518,2696,GET,true,23.14
1519,20856832,GET,true,6432.307
1520,2056,GET,true,46.379
1521,57753600,GET,true,18348.013
1522,77643776,GET,true,25654.77
1523,16384,GET,true,78.8
1524,1156,GET,true,31.939
1525,82509824,GET,true,24745.78
1526,82493440,GET,true,27907.047
1527,2056,GET,true,75.205
1528,9772,PUT,false,54.259
1529,10988,GET,true,30.677
1530,49152,GET,true,32.393
1531,1364,GET,true,25.021
1532,6932,GET,true,22.393
1533,68599808,GET,true,23754.136
1534,6744,GET,true,68.26
1535,1832,GET,true,30.153
1536,11976704,GET,true,4432.448
1537,54394880,GET,true,18477.669
1538,1982464,GET,true,685.459
1539,13942784,GET,true,4708.859
1540,12928,GET,true,53.625
1541,239747072,GET,true,79215.381
1542,2628,GET,true,71.453
1543,1980,GET,true,26.385
1544,13942784,GET,true,5100.306
1545,2608,GET,true,57.27
1546,196608,GET,true,105.185
1547,5013504,GET,true,1560.626
1548,34504704,GET,true,11872.334
1549,1788,GET,true,57.417
1550,16384,GET,true,34.37
1551,3220,GET,true,22.93
1552,1364,GET,true,26.495
1553,6460,GET,true,29.168
1554,1336,GET,true,22.526
1555,7416,GET,true,24.253
1556,16384,GET,true,25.545
1557,1132,GET,true,20.133
1558,16384,GET,true,27.588
1559,61046784,GET,true,22504.342
1560,2628,GET,true,79.848
1561,1146880,GET,true,319.853
1562,16384,GET,true,38.441
1563,8240,GET,true,27.48
1564,5804,GET,true,25.187
1565,41910272,GET,true,14004.799
1566,33996800,GET,true,12195.786
1567,7372,GET,true,65.372
1568,15433728,GET,true,5288.631
1569,2256,GET,true,47.945
1570,12156,GET,true,26.223
1571,7708,GET,true,23.275
1572,4868,GET,true,22.214
1573,32768,GET,true,26.443
1574,1152,PUT,false,38.85
1575,1851392,GET,true,681.178
1576,18137088,GET,true,8141.917
1577,25640960,GET,true,8429.583
1578,98828288,GET,true,33751.638
1579,802816,GET,true,315.703
1580,1772,GET,true,63.231
1581,9544,GET,true,30.691
1582,50757632,GET,true,16507.349
1583,2340,GET,true,57.433
1584,12200,GET,true,34.959
1585,65536,GET,true,39.803
1586,1236,GET,true,23.672
1587,98304,GET,true,43.461
1588,2686976,GET,true,860.673
1589,1966080,GET,true,735.479
1590,15764,GET,true,73.651
1591,13942784,GET,true,4759.998
1592,2097152,GET,true,670.833
1593,139395072,GET,true,46510.701
1594,458752,GET,true,205.644
1595,458752,GET,true,199.769
1596,98025472,GET,true,33250.164
1597,16384,GET,true,68.732
1598,4812,GET,true,31.563
1599,6464,GET,true,39.472
1600,8421376,GET,true,2716.166
1601,655360,GET,true,235.212
1602,13112,GET,true,70.113
1603,1589248,GET,true,506.855
1604,2310144,GET,true,741.595
1605,1966080,GET,true,584.486
1606,5920,GET,true,45.261
1607,2628,GET,true,28.811
1608,2628,GET,true,31.891
1609,5560,GET,true,25.529
1610,16384,GET,true,27.19
1611,3896,GET,true,24.878
1612,16629760,GET,true,5244.577
1613,3342336,GET,true,1055.838
1614,1044,GET,true,42.416
1615,23756800,GET,true,7292.444
1616,2310144,GET,true,735.181
1617,2044,GET,true,50.404
1618,21037056,GET,true,6253.233
1619,3342336,GET,true,1041.419
1620,32768,GET,true,54.886
1621,21528576,GET,true,7723.917
1622,507904,GET,true,213.093
1623,1032192,GET,true,362.097
1624,2056,GET,true,47.821
1625,6160384,GET,true,2187.626
1626,110215168,GET,true,36671.873
1627,983040,GET,true,344.748
1628,13904,GET,true,59.221
1629,6078464,GET,true,2226.397
1630,8159232,GET,true,2726.135
1631,16384,GET,true,54.033
1632,2628,GET,true,32.122
1633,16384,GET,true,31.543
1634,42319872,GET,true,14188.56
1635,2012,GET,true,58.469
1636,1772,GET,true,32.483
1637,868352,GET,true,283.95
1638,671744,GET,true,273.467
1639,63488000,GET,true,22558.465
1640,16384,GET,true,85.108
1641,819200,GET,true,277.152
1642,4352,GET,true,57.286
1643,12284,GET,true,31.878
1644,14221312,GET,true,5358.345
1645,39141376,GET,true,13493.373
1646,6586368,GET,true,2146.362
1647,6111232,GET,true,1891.543
1648,16384,GET,true,45.46
1649,93470720,GET,true,31967.685
1650,1988,GET,true,76.684
1651,29048832,GET,true,9695.872
1652,16384,GET,true,56.561
1653,1584,GET,true,25.257
1654,4688,GET,true,23.966
1655,294912,GET,true,154.02
1656,12284,GET,true,61.025
1657,4684,GET,true,33.499
1658,1368,GET,true,22.04
1659,165380096,GET,true,55284.251
1660,3044,GET,true,76.739
1661,3864,GET,true,29.268
1662,82509824,GET,true,30726.255
1663,7672,GET,true,89.807
1664,2628,GET,true,31.623
1665,2628,GET,true,24.593
1666,7048,GET,true,35.846
1667,1452,GET,true,36.474
1668,327680,GET,true,127.238
1669,16384,GET,true,48.527
1670,1277952,GET,true,430.787
1671,2628,GET,true,48.511
1672,146112512,GET,true,49517.187
1673,2628,GET,true,71.232
1674,153845760,GET,true,54113.386
1675,14968,GET,true,64.108
1676,43302912,GET,true,14557.429
1677,41828352,GET,true,15227.703
1678,3031040,GET,true,1172.599
1679,6992,GET,true,63.14
1680,1896,GET,true,32.676
1681,2800,GET,true,27.368
1682,1132,GET,true,23.405
1683,1676,GET,true,25.4
1684,5136,GET,true,25.336
1685,5960,GET,true,28.012
1686,6736,GET,true,23.902
1687,142458880,GET,true,49064.787
1688,1753088,GET,true,610.617
1689,2832,GET,true,55.972
1690,1372,GET,true,30.09
1691,1152,GET,true,25.886
1692,2628,GET,true,24.42
1693,1772,GET,true,22.151
1694,6732,GET,true,27.201
1695,1336,GET,true,20.745
1696,5764,GET,true,21.556
1697,2056,GET,true,21.843
1698,1832,GET,true,20.733
1699,2532,GET,true,21.651
1700,4524,GET,true,22.88
1701,5716,GET,true,21.404
1702,99876864,GET,true,35502.849
1703,16384,GET,true,67.331
1704,32768,GET,true,30.103
1705,2736128,GET,true,876.346
1706,262144,GET,true,114.29
1707,12284,GET,true,45.863
1708,12156,GET,true,27.485
1709,8716288,GET,true,3261.674
1710,19070976,GET,true,7053.328
1711,47185920,GET,true,17501.328
1712,180224,GET,true,117.226
1713,786432,GET,true,290.079
1714,82493440,GET,true,26480.142
1715,111788032,GET,true,38024.643
1716,9772,GET,true,70.6
1717,1388,GET,true,27.639
1718,22364160,PUT,false,10554.984
1719,6724,GET,true,47.517
1720,25788416,GET,true,9332.084
1721,2056,GET,true,65.918
1722,16384,GET,true,31.374
1723,2256,GET,true,25.957
1724,622592,GET,true,239.497
1725,16384,GET,true,55.528
1726,2676,GET,true,25.908
1727,10576,GET,true,23.318
1728,5236,GET,true,21.755
1729,3944,GET,true,37.909
1730,7241728,PUT,false,4112.93
1731,82493440,GET,true,30450.804
1732,41959424,PUT,false,22696.774
1733,18513920,GET,true,6401.702
1734,1804,PUT,false,68.561
1735,3156,GET,true,27.373
1736,4915200,GET,true,1479.003
1737,163840,PUT,false,107.797
1738,36192256,GET,true,13369.135
1739,2608,GET,true,79.616
1740,2404,GET,true,33.181
1741,6732,GET,true,24.356
1742,7929856,GET,true,2918.377
1743,1753088,GET,true,566.863
1744,83935232,GET,true,29018.608
1745,1864,GET,true,69.7
1746,42336256,GET,true,14492.702
1747,12188,GET,true,75.72
1748,6732,GET,true,33.849
1749,82493440,GET,true,26850.966
1750,1196032,GET,true,407.733
1751,2056,GET,true,53.437
1752,23150592,GET,true,8325.147
1753,6720,GET,true,65.459
1754,1824,GET,true,26.098
1755,25346048,GET,true,8827.863
1756,1172,GET,true,45.422
1757,16384,GET,true,29.716
1758,2780,PUT,false,44.339
1759,4784128,GET,true,1422.144
1760,4882432,GET,true,1752.117
1761,2056,GET,true,53.094
1762,3120,GET,true,27.428
1763,154386432,GET,true,54120.735
1764,147456,GET,true,103.962
1765,1132,GET,true,46.776
1766,2628,GET,true,27.985
1767,3555328,GET,true,1116.232
1768,1152,GET,true,47.497
1769,638976,GET,true,219.631
1770,1156,GET,true,41.072
1771,4872,GET,true,29.907
1772,2056,GET,true,25.856
1773,1368,GET,true,21.808
1774,1128,GET,true,21.21
1775,1988,GET,true,30.634
1776,7416,GET,true,24.968
1777,4684,GET,true,23.031
1778,3376,GET,true,22.6
1779,12976128,GET,true,4279.565
1780,147456,GET,true,101.155
1781,16384,GET,true,66.237
1782,819200,GET,true,277.761
1783,82493440,GET,true,27888.032
1784,2608,GET,true,82.242
1785,7180,GET,true,35.048
1786,8040,GET,true,32.435
1787,16384,GET,true,26.722
1788,2424,PUT,false,47.403
1789,100859904,GET,true,34515.995
1790,95813632,GET,true,34062.197
1791,6732,GET,true,95.296
1792,16384,GET,true,33.794
1793,7676,GET,true,24.365
1794,6724,GET,true,23.415
1795,2144,GET,true,28.164
1796,2360,PUT,false,43.338
1797,16384,GET,true,27.071
1798,1064960,GET,true,422.44
1799,100073472,GET,true,34583.06
1800,1132,GET,true,89.993
1801,59572224,GET,true,19855.958
1802,4684,PUT,false,87.08
1803,12877824,GET,true,4370.145
1804,81166336,GET,true,27289.934
1805,12156,GET,true,65.957
1806,2192,GET,true,34.199
1807,2604,GET,true,23.048
1808,6728,GET,true,25.299
1809,2056,GET,true,21.87
1810,1277952,GET,true,411.949
1811,2628,GET,true,43.376
1812,83935232,GET,true,27174.408
1813,82493440,GET,true,28256.77
1814,6712,GET,true,63.173
1815,1756,GET,true,29.982
1816,6716,GET,true,29.385
1817,54394880,GET,true,17808.721
1818,16384,GET,true,65.177
1819,6732,GET,true,33.544
1820,148471808,GET,true,54944.809
1821,2060,GET,true,79.569
1822,129925120,GET,true,45954.369
1823,49152,GET,true,80.018
1824,6708,GET,true,28.958
1825,82509824,GET,true,27349.403
1826,327680,GET,true,153.3
1827,2608,GET,true,51.01
1828,311296,GET,true,171.42
1829,43171840,PUT,false,23809.956
1830,2628,GET,true,46.815
1831,32768,GET,true,32.092
1832,32768,GET,true,28.392
1833,6740,GET,true,22.59
1834,2056,GET,true,22.479
1835,128565248,GET,true,43897.604
1836,1368,PUT,false,95.355
1837,294912,GET,true,124.247
1838,1376,GET,true,49.008
1839,2832,GET,true,25.638
1840,2056,GET,true,20.671
1841,1460,GET,true,22.951
1842,2340,GET,true,19.928
1843,2056,GET,true,19.866
1844,8784,PUT,false,44.075
1845,6728,GET,true,22.928
1846,2056,GET,true,20.763
1847,2056,GET,true,20.901
1848,2604,GET,true,19.538
1849,2584,GET,true,21.671
1850,16384,GET,true,21.425
1851,12156928,GET,true,4084.666
1852,10576,GET,true,55.937
1853,1496,GET,true,25.405
1854,1500,GET,true,21.144
1855,1628,GET,true,22.882
1856,12984,GET,true,22.636
1857,5688,GET,true,20.803
1858,2608,GET,true,21.327
1859,3044,GET,true,20.581
1860,2608,GET,true,20.016
1861,16384,GET,true,23.317
1862,112279552,GET,true,37612.401
1863,131072,GET,true,78.392
1864,10460,GET,true,30.193
1865,82493440,GET,true,28013.317
1866,1156,GET,true,69.964
1867,6792,GET,true,29.664
1868,3129344,GET,true,1010.742
1869,1744,GET,true,45.895
1870,2056,GET,true,27.707
1871,82509824,GET,true,28358.383
1872,16384,GET,true,66.167
1873,221036544,GET,true,73537.053
1874,65536,GET,true,64.534
1875,4500,GET,true,24.185
1876,82493440,GET,true,30958.117
1877,11688,GET,true,83.839
1878,285114368,GET,true,94142.876
1879,19152896,GET,true,6078.975
1880,70811648,GET,true,23324.83
1881,3252,GET,true,77.434
1882,82509824,PUT,false,45134.033
1883,109051904,GET,true,40507.943
1884,819200,GET,true,302.758
1885,2228224,GET,true,726.703
1886,1028,GET,true,47.829
1887,294912,GET,true,177.488
1888,16384,GET,true,63.777
1889,3044,GET,true,24.708
1890,237371392,GET,true,76057.342
1891,245760,GET,true,135.767
1892,3324,GET,true,52.727
1893,2732,GET,true,26.859
1894,131072,GET,true,46.635
1895,12284,GET,true,22.513
1896,7872,GET,true,19.988
1897,1372,GET,true,19.518
1898,737280,GET,true,326.078
1899,49152,GET,true,65.723
1900,6932,GET,true,30.798
1901,2384,GET,true,26.516
1902,2608,GET,true,22.776
1903,16384,GET,true,27.696
1904,6732,GET,true,20.757
1905,49152,GET,true,30.869
1906,20676608,GET,true,7129.922
1907,6604,GET,true,48.734
1908,16384,GET,true,30.405
1909,32768,GET,true,32.273
1910,9388032,GET,true,2949.682
1911,16384,GET,true,45.752
1912,120733696,GET,true,39509.532
1913,2340,GET,true,73.982
1914,2832,GET,true,31.556
1915,22102016,GET,true,7603.627
1916,6732,GET,true,55.371
1917,10764288,GET,true,3368.308
1918,2056,GET,true,43.108
1919,17743872,GET,true,6236.47
1920,2628,GET,true,53.295
1921,22364160,PUT,false,12506.31
1922,7143424,GET,true,2605.367
1923,2604,GET,true,55.422
1924,16384,GET,true,31.955
1925,9912320,GET,true,2993.891
1926,1372,GET,true,35.257
1927,11112,GET,true,22.176
1928,1372,GET,true,17.572
1929,409600,GET,true,153.741
1930,4660,GET,true,44.895
1931,12156,GET,true,24.758
1932,2628,GET,true,18.882
1933,2608,GET,true,17.891
1934,2056,GET,true,19.653
1935,82493440,GET,true,27187.882
1936,71237632,GET,true,26570.187
1937,172605440,GET,true,56889.752
1938,802816,GET,true,286.992
1939,1753088,GET,true,524.447
1940,2628,GET,true,45.084
1941,21790720,GET,true,7418.853
1942,2200,GET,true,50.741
1943,120733696,GET,true,36958.352
1944,12204,GET,true,72.073
1945,1064960,GET,true,431.313
1946,65536,GET,true,73.194
1947,23461888,GET,true,7942.508
1948,1388,GET,true,52.733
1949,18530304,GET,true,5656.808
1950,1452,GET,true,42.983
1951,1956,GET,true,26.624
1952,16384,GET,true,26.683
1953,1132,GET,true,21.163
1954,7241728,GET,true,2556.839
1955,12284,GET,true,51.705
1956,1984,GET,true,24.407
1957,32768,GET,true,27.334
1958,1372,GET,true,20.554
1959,16384,GET,true,24.687
1960,2008,GET,true,20.729
1961,49152,GET,true,31.474
1962,1982464,GET,true,676.739
1963,110247936,GET,true,37474.719
1964,1288,GET,true,74.787
1965,84213760,GET,true,30916.776
1966,16384,GET,true,97.117
1967,7760,GET,true,31.567
1968,2024,GET,true,23.853
1969,3044,GET,true,27.258
1970,2628,GET,true,23.855
1971,16384,GET,true,24.019
1972,360448,PUT,false,293.59
1973,2056,GET,true,51.352
1974,83689472,GET,true,31218.867
1975,82493440,GET,true,27124.714
1976,72679424,GET,true,27173.614
1977,2140,PUT,false,84.847
1978,48857088,PUT,false,28976.545
1979,14344,GET,true,56.625
1980,2200,GET,true,31.117
1981,2310144,GET,true,661.623
1982,1760,GET,true,23.011
1983,2080768,GET,true,784.656
1984,392806400,GET,true,116512.322
1985,3342336,GET,true,1123.358
1986,3156,GET,true,52.414
1987,96403456,GET,true,32471.89
1988,3044,GET,true,73.32
1989,2628,GET,true,30.617
1990,6716,GET,true,23.99
1991,46563328,GET,true,15963.933
1992,46563328,GET,true,15626.959
1993,1480,GET,true,62.257
1994,1732,GET,true,29.077
1995,1480,GET,true,19.85
1996,28311552,GET,true,10150.081
1997,8519680,GET,true,3081.134
1998,237371392,GET,true,79405.289
1999,237371392,GET,true,69934.856
2000,1388,GET,true,55.18
2001,1500,GET,true,25.709
2002,41893888,GET,true,15534.02
2003,1240,GET,true,67.927
2004,1240,GET,true,26.292
2005,8040,GET,true,20.262
2006,29851648,GET,true,8802.575
2007,16384,GET,true,34.146
2008,1310720,GET,true,492.35
2009,688128,GET,true,254.744
2010,12820,GET,true,50.623
2011,1136,GET,true,23.923
2012,334020608,GET,true,119334.208
2013,82493440,GET,true,28116.974
2014,2628,GET,true,71.67
2015,586235904,GET,true,186315.158
2016,1152,GET,true,75.912
2017,1428,GET,true,24.948
2018,16384,GET,true,22.477
2019,1132,GET,true,17.535
2020,163840,GET,true,96.022
2021,1068,GET,true,51.925
2022,79560704,GET,true,23056.76
2023,4572,GET,true,64.307
2024,98828288,GET,true,33881.306
2025,6078464,GET,true,1765.743
2026,4576,GET,true,47.632
2027,17809408,GET,true,6609.16
2028,16384,GET,true,64.046
2029,4708,GET,true,29.987
2030,32768,GET,true,30.794
2031,16384,GET,true,23.896
2032,4592,GET,true,22.187
2033,21528576,GET,true,7270.308
2034,622592,GET,true,227.178
2035,1144,GET,true,45.184
2036,12156,GET,true,28.758
2037,1032192,GET,true,340.954
2038,38699008,GET,true,13931.305
2039,21528576,GET,true,7474.647
2040,16384,PUT,false,69.902
2041,2056,GET,true,25.608
2042,23658496,GET,true,7144.697
2043,10092,GET,true,52.362
2044,3248,GET,true,27.163
2045,22102016,GET,true,6520.452
2046,6604,GET,true,47.791
2047,16384,GET,true,28.499
2048,1728,GET,true,20.09
2049,82509824,GET,true,30420.297
2050,131072,PUT,false,119.014
2051,83492864,GET,true,28854.816
2052,16384,GET,true,91.779
2053,692256768,GET,true,240364.484
2054,4358144,PUT,false,2636.589
2055,6432,GET,true,49.033
2056,54542336,GET,true,18613.972
2057,2832,GET,true,75.346
2058,1360,GET,true,41.002
2059,9576,GET,true,23.358
2060,6748,GET,true,28.049
2061,3044,GET,true,24.1
2062,1654784,GET,true,542.033
2063,6111232,GET,true,2000.755
2064,212992,GET,true,102.042
2065,2000,GET,true,44.108
2066,2608,GET,true,27.357
2067,5619712,GET,true,1699.133
2068,8792,GET,true,50.271
2069,655360,GET,true,230.402
2070,17743872,GET,true,6603.713
2071,82509824,GET,true,26771.259
2072,1504,GET,true,75.825
2073,8248,PUT,false,50.7
2074,163840,GET,true,94.228
2075,2208,GET,true,46.468
2076,3144,GET,true,28.974
2077,294912,GET,true,119.197
2078,1784,GET,true,46.623
2079,82509824,GET,true,28341.687
2080,6568,GET,true,69.811
2081,2195456,GET,true,725.063
2082,13942784,GET,true,4561.302
2083,5700,GET,true,48.422
2084,2000,GET,true,29.68
2085,9192,GET,true,26.887
2086,16384,GET,true,25.011
2087,7856,GET,true,22.644
2088,294912,GET,true,146.437
2089,6140,GET,true,62.08
2090,3888,GET,true,28.96
2091,524288,GET,true,246.777
2092,1784,GET,true,59.625
2093,360448,GET,true,150.592
2094,2648,GET,true,51.826
2095,82657280,GET,true,28381.101
2096,5232,GET,true,73.977
2097,2208,GET,true,30.729
2098,2628,GET,true,22.518
2099,9240,GET,true,25.104
2100,1336,GET,true,21.249
2101,65536,GET,true,47.127
2102,2195456,GET,true,845.904
2103,5232,GET,true,65.504
2104,1076,GET,true,30.821
2105,16384,GET,true,34.478
2106,16384,GET,true,24.108
2107,9617408,GET,true,3274.637
2108,4587520,GET,true,1364.935
2109,23887872,GET,true,7718.828
2110,7212,GET,true,43.99
2111,2192,GET,true,28.49
2112,65536,GET,true,34.454
2113,1712,GET,true,19.846
2114,2608,GET,true,21.744
2115,8820,GET,true,21.021
2116,6460,GET,true,20.394
2117,2608,GET,true,22.261
2118,2628,GET,true,22.203
2119,2044,GET,true,20.945
2120,9338880,GET,true,2776.979
2121,2628,GET,true,58.197
2122,409600,GET,true,149.937
2123,409600,GET,true,188.441
2124,507904,GET,true,237.51
2125,458752,GET,true,196.825
2126,2195456,GET,true,718.528
2127,2776,GET,true,43.031
2128,13942784,GET,true,4255.465
2129,129646592,GET,true,43450.634
2130,13920,GET,true,83.135
2131,2628,GET,true,32.295
2132,26443776,GET,true,9041.282
2133,1396,GET,true,60.311
2134,1572,GET,true,27.825
2135,5604,GET,true,30.241
2136,1980,GET,true,23.859
2137,1156,GET,true,24.644
2138,45023232,GET,true,16508.381
2139,131072,GET,true,81.899
2140,3194880,GET,true,1183.556
2141,1372,GET,true,54.198
2142,6984,GET,true,31.749
2143,9532,GET,true,23.154
2144,16384,GET,true,27.561
2145,23330816,GET,true,8796.513
2146,10320,PUT,false,79.912
2147,70434816,GET,true,24403.4
2148,2616,GET,true,60.824
2149,1252,GET,true,30.402
2150,3220,GET,true,24.604
2151,12284,GET,true,25.639
2152,16384,GET,true,22.873
2153,2506752,GET,true,818.583
2154,1364,GET,true,54.867
2155,1304,GET,true,22.61
2156,2628,GET,true,20.016
2157,2040,GET,true,18.922
2158,1152,GET,true,18.445
2159,65536,GET,true,31.006
2160,294912,GET,true,111.718
2161,45940736,GET,true,15775.477
2162,12156,GET,true,56.579
2163,16384,GET,true,30.306
2164,294912,GET,true,114.975
2165,1408,GET,true,41.149
2166,3896,GET,true,23.589
2167,2056,GET,true,19.161
2168,16384,GET,true,23.126
2169,2441216,GET,true,764.368
2170,16384,GET,true,52.374
2171,16384,GET,true,28.055
2172,6536,GET,true,23.072
2173,1500,PUT,false,37.893
2174,1132,GET,true,20.425
2175,82509824,PUT,false,45345.756
2176,4063232,GET,true,1343.574
2177,262144,GET,true,148.055
2178,2252,GET,true,69.223
2179,51298304,GET,true,19438.766
2180,6736,GET,true,63.406
2181,16384,GET,true,30.614
2182,4668,GET,true,27.795
2183,12156,GET,true,27.394
2184,16384,GET,true,26.304
2185,114688,GET,true,50.227
2186,21626880,GET,true,8266.03
2187,314081280,GET,true,103024.467
2188,314621952,GET,true,103407.167
2189,32768,GET,true,47.084
2190,10576,GET,true,25.842
2191,4476,GET,true,25.319
2192,2200,GET,true,20.41
2193,1256,GET,true,20.368
2194,7620,GET,true,27.607
2195,2628,GET,true,23.696
2196,2097152,GET,true,824.43
2197,1988,GET,true,59.955
2198,37224448,GET,true,13884.054
2199,479461376,GET,true,170124.183
2200,3044,GET,true,68.23
2201,1196032,GET,true,469.598
2202,8804,GET,true,68.179
2203,3716,GET,true,33.037
2204,7196,GET,true,35.205
2205,84213760,GET,true,26455.354
2206,2196,GET,true,63.325
2207,6744,GET,true,33.813
2208,2064,GET,true,25.708
2209,22020096,GET,true,8416.257
2210,3407872,GET,true,1227.48
2211,13631488,GET,true,4121.026
2212,1520,GET,true,44.506
2213,2628,GET,true,28.859
2214,2004,GET,true,28.595
2215,447938560,GET,true,158958.406
2216,622592,GET,true,236.926
2217,6500,GET,true,44.803
2218,16384,GET,true,20.628
2219,2300,GET,true,16.894
2220,4668,GET,true,14.259
2221,21037056,GET,true,7882.967
2222,5772,GET,true,79.479
2223,97484800,GET,true,32462.239
2224,1132,GET,true,63.996
2225,7036,GET,true,31.756
2226,1212416,GET,true,424.798
2227,83918848,GET,true,31099.991
2228,2608,GET,true,73.654
2229,2608,GET,true,34.752
2230,9175040,GET,true,2997.667
2231,1523712,GET,true,579.877
2232,278528,GET,true,140.731
2233,2060,GET,true,57.009
2234,1372,GET,true,36.188
2235,16384,GET,true,26.565
2236,147456,GET,true,62.359
2237,2628,GET,true,24.651
2238,82509824,GET,true,29002.048
2239,16728064,GET,true,5633.809
2240,77578240,GET,true,26316.405
2241,19513344,GET,true,6469.37
2242,8984,GET,true,53.304
2243,16384,GET,true,33.149
2244,4272,GET,true,23.038
2245,56475648,GET,true,21014.074
2246,2628,GET,true,67.704
2247,4080,GET,true,28.376
2248,3768320,GET,true,1217.433
2249,205438976,GET,true,68969.989
2250,2212,GET,true,68.163
2251,2056,GET,true,38.386
2252,2628,GET,true,22.939
2253,107118592,GET,true,37285.744
2254,126271488,PUT,false,74238.793
2255,1372,GET,true,60.208
2256,33931264,GET,true,11674.944
2257,53395456,GET,true,18166.368
2258,16629760,GET,true,5589.638
2259,8847360,GET,true,2779.21
2260,4588,GET,true,50.802
2261,8863744,GET,true,3213.835
2262,82493440,GET,true,26489.242
2263,1372,GET,true,79.198
2264,8585216,GET,true,2928.992
2265,74760192,GET,true,23518.07
2266,573440,GET,true,254.203
2267,6720,GET,true,72.679
2268,802816,GET,true,248.351
2269,1896,GET,true,53.4
2270,6724,GET,true,26.119
2271,688128,GET,true,237.343
2272,32768,GET,true,32.802
2273,82493440,GET,true,24603.89
2274,65536,GET,true,66.498
2275,27344896,GET,true,9124.621
2276,1724,PUT,false,66.839
2277,704512,GET,true,257.095
2278,12284,GET,true,50.504
2279,1980,GET,true,41.395
2280,278528,GET,true,3648.985
2281,126271488,GET,true,44431.312
2282,1152,GET,true,93.367
2283,10464,PUT,false,45.48
2284,65699840,PUT,false,35355.039
2285,2056,GET,true,67.597
2286,4997120,GET,true,1851.32
2287,2628,GET,true,62.048
2288,2628,GET,true,33.331
2289,269516800,GET,true,98275.512
2290,6728,GET,true,69.814
2291,688128,GET,true,241.068
2292,2176,GET,true,53.133
2293,82509824,GET,true,28049.714
2294,6740,GET,true,66.097
2295,2056,GET,true,29.813
2296,7476,GET,true,26.729
2297,8404992,GET,true,2869.041
2298,294912,GET,true,125.565
2299,16973824,GET,true,5138.081
2300,2208,GET,true,38.458
2301,6736,PUT,false,47.767
2302,2832,GET,true,24.709
2303,2628,GET,true,22.34
2304,32768,GET,true,27.702
2305,2628,GET,true,27.653
2306,3044,GET,true,22.453
2307,7496,PUT,false,35.416
2308,1296,GET,true,23.366
2309,12284,GET,true,22.893
2310,901120,GET,true,306.558
2311,2732,GET,true,46.255
2312,13500416,GET,true,4126.343
2313,1088,GET,true,44.952
2314,2628,GET,true,25.961
2315,6455296,GET,true,2357.122
2316,2640,GET,true,61.517
2317,262144,GET,true,124.347
2318,1228800,GET,true,410.74
2319,110067712,GET,true,37170.041
2320,2628,GET,true,69.773
2321,3044,GET,true,28.081
2322,12284,GET,true,22.924
2323,9776,GET,true,22.984
2324,6708,GET,true,21.377
2325,6728,GET,true,19.187
2326,1132,GET,true,24.367
2327,458752,GET,true,180.334
2328,2056,GET,true,52.284
2329,245760,GET,true,97.562
2330,4080,GET,true,41.482
2331,5956,GET,true,22.136
2332,19070976,PUT,false,10416.185
2333,262144,GET,true,126.181
2334,2628,GET,true,51.919
2335,15351808,GET,true,4454.21
2336,4380,GET,true,42.961
2337,1564,GET,true,27.929
2338,7364,GET,true,22.132
2339,360448,PUT,false,287.042
2340,7180,GET,true,49.941
2341,2404,GET,true,28.676
2342,1356,GET,true,24.368
2343,6584,GET,true,20.676
2344,1372,GET,true,19.182
2345,1028,GET,true,21.403
2346,4724,GET,true,21.49
2347,1132,GET,true,18.777
2348,32768,GET,true,26.713
2349,16629760,GET,true,5045.427
2350,2200,GET,true,42.526
2351,102432768,GET,true,35785.035
2352,6728,GET,true,72.817
2353,1128,GET,true,21.674
2354,5236,GET,true,20.229
2355,2344,GET,true,19.516
2356,2260,GET,true,21.24
2357,15351808,GET,true,5118.143
2358,23183360,GET,true,8480.239
2359,1624,GET,true,64.159
2360,94830592,GET,true,34802.283
2361,3396,GET,true,78.889
2362,5420,GET,true,19.969
2363,1984,GET,true,17.224
2364,53641216,GET,true,17857.81
2365,9544,GET,true,57.092
2366,101859328,PUT,false,55011.347
2367,3571712,GET,true,1374.601
2368,245760,GET,true,126.194
2369,1584,GET,true,55.838
2370,82493440,GET,true,28487.096
2371,1980,GET,true,67.374
2372,16384,GET,true,37.681
2373,6740,GET,true,30.033
2374,4592,GET,true,24.7
2375,12988,GET,true,25.352
2376,819200,GET,true,304.829
2377,2628,GET,true,58.611
2378,1156,GET,true,33.366
2379,1916928,GET,true,649.837
2380,2628,GET,true,50.366
2381,137396224,GET,true,45634.894
2382,1152,GET,true,86.339
2383,2428,GET,true,25.967
2384,1114112,GET,true,376.346
2385,2252,GET,true,45.526
2386,2628,GET,true,25.705
2387,5236,GET,true,19.916
2388,2628,GET,true,18.535
2389,8273920,GET,true,3018.477
2390,3268,GET,true,58.28
2391,6736,GET,true,26.673
2392,3252,GET,true,23.697
2393,123404288,GET,true,37451.016
2394,65699840,PUT,false,35987.398
2395,80691200,GET,true,30402.509
2396,28196864,GET,true,9569.092
2397,2628,GET,true,69.462
2398,6720,GET,true,28.069
2399,1900544,GET,true,765.364
2400,2604,GET,true,61.61
2401,2608,GET,true,24.381
2402,8323072,GET,true,2713.778
2403,1916928,GET,true,624.201
2404,294912,GET,true,132.412
2405,82493440,GET,true,27785.258
2406,36552704,GET,true,12480.673
2407,311296,GET,true,149.453
2408,10576,GET,true,56.186
2409,1476,GET,true,28.421
2410,82493440,GET,true,30321.543
2411,1372,GET,true,79.254
2412,2996,GET,true,26.556
2413,819200,GET,true,304.755
2414,2628,GET,true,42.812
2415,16384,GET,true,24.18
2416,2608,GET,true,16.865
2417,9027584,GET,true,2888.276
2418,2304,GET,true,39.6
2419,2056,GET,true,20.692
2420,76365824,PUT,false,44575.648
2421,2740,GET,true,64.785
2422,7488,GET,true,28.064
2423,2056,GET,true,23.433
2424,5708,GET,true,25.638
2425,7241728,PUT,false,3194.7
2426,458752,PUT,false,272.603
2427,2056,GET,true,44.566
2428,1372,GET,true,23.799
2429,1080,GET,true,18.862
2430,1828,GET,true,22.175
2431,2832,GET,true,19.4
2432,2056,GET,true,18.651
2433,16384,GET,true,19.662
2434,28475392,GET,true,10787.13
2435,8260,GET,true,64.432
2436,3884,GET,true,19.894
2437,2060,GET,true,22.159
2438,1804,GET,true,19.675
2439,8784,GET,true,18.024
2440,229359616,GET,true,87780.825
2441,1368,GET,true,145.727
2442,2097152,GET,true,784.239
2443,1916928,GET,true,633.904
2444,26443776,GET,true,9025.807
2445,19152896,GET,true,6884.387
2446,2344,GET,true,56.065
2447,4592,GET,true,24.969
2448,70549504,GET,true,23915.077
2449,3044,GET,true,66.788
2450,2628,GET,true,25.587
2451,819200,GET,true,315.951
2452,278528,GET,true,148.606
2453,6912,GET,true,59.279
2454,6864896,GET,true,2288.294
2455,655360,GET,true,302.014
2456,6736,GET,true,61.361
2457,5212,GET,true,22.836
2458,12284,GET,true,23.48
2459,1896,GET,true,17.824
2460,1772,GET,true,16.225
2461,109690880,GET,true,37095.239
2462,2056,GET,true,66.753
2463,7900,PUT,false,42.535
2464,2628,GET,true,21.794
2465,2628,GET,true,17.811
2466,237371392,GET,true,86094.324
2467,15777792,GET,true,5106.301
2468,3555328,GET,true,1103.989
2469,2056,GET,true,42.374
2470,1900544,GET,true,708.916
2471,3220,GET,true,58.078
2472,6724,GET,true,30.953
2473,294912,GET,true,115.901
2474,62308352,GET,true,17649.794
2475,2310144,GET,true,5012.946
2476,327680,GET,true,139.1
2477,2628,GET,true,45.011
2478,1132,GET,true,20.462
2479,2056,GET,true,18.402
2480,12284,GET,true,19.469
2481,6912,GET,true,16.308
2482,6728,GET,true,18.643
2483,8784,GET,true,17.402
2484,2060,GET,true,17.013
2485,1916928,GET,true,605.047
2486,2628,GET,true,42.089
2487,81920,GET,true,32.186
2488,10764288,GET,true,3555.339
2489,6736,GET,true,40.11
2490,128172032,GET,true,42797.25
2491,1316,GET,true,74.034
2492,19070976,PUT,false,10423.192
2493,32768,GET,true,60.465
2494,64471040,GET,true,24056.343
2495,1364,GET,true,78.732
2496,1324,GET,true,22.294
2497,163840,GET,true,83.431
2498,1860,GET,true,43.28
2499,4496,GET,true,18.844
2500,3480,GET,true,19.719
2501,1372,GET,true,16.54
2502,2056,GET,true,17.927
2503,15632,GET,true,20.588
2504,2056,GET,true,16.05
2505,12284,GET,true,19.604
2506,3868,GET,true,17.551
2507,16384,GET,true,18.891
2508,1277952,GET,true,411.871
2509,6724,GET,true,42.61
2510,1988,GET,true,18.674
2511,27869184,GET,true,9399.232
2512,61161472,GET,true,20953.741
2513,16384,GET,true,70.981
2514,1276,GET,true,35.203
2515,2404,GET,true,17.591
2516,245760,GET,true,111.121
2517,3436,GET,true,45.579
2518,49152,GET,true,27.701
2519,1520,GET,true,18.526
2520,6720,GET,true,18.117
2521,67010560,GET,true,24201.762
2522,1420,PUT,false,67.815
2523,2056,GET,true,21.337
2524,148471808,GET,true,49887.278
2525,163233792,GET,true,59961.771
2526,6720,GET,true,71.985
2527,14636,GET,true,28.541
2528,4684,GET,true,18.799
2529,1800,GET,true,18.835
2530,16384,GET,true,20.65
2531,8248,GET,true,16.744
2532,1152,GET,true,16.241
2533,16187392,GET,true,5321.089
2534,2628,GET,true,38.42
2535,2744,PUT,false,36.465
2536,186712064,GET,true,66816.461
2537,6720,GET,true,70.477
2538,2192,GET,true,18.942
2539,1460,GET,true,32.208
2540,2342912,GET,true,811.101
2541,2628,GET,true,52.262
2542,2632,GET,true,18.918
2543,2628,GET,true,17.04
2544,4358144,PUT,false,2443.303
2545,1376,GET,true,33.644
2546,13910016,GET,true,4186.613
2547,82493440,GET,true,27981.073
2548,5232,GET,true,62.464
2549,182272000,GET,true,66539.214
2550,2208,GET,true,75.44
2551,16384,GET,true,25.797
2552,6748,PUT,false,36.377
2553,4680,PUT,false,30.664
2554,18513920,GET,true,5830.48
2555,8437760,GET,true,3031.353
2556,2620,GET,true,59.447
2557,2628,GET,true,24.182
2558,32768,GET,true,26.201
2559,7856,GET,true,17.74
2560,12845056,GET,true,4571.455
2561,835584,GET,true,308.138
2562,7416,GET,true,50.483
2563,12156,GET,true,24.986
2564,2000,GET,true,15.899
2565,1356,GET,true,19.884
2566,25690112,GET,true,9305.27
2567,1132,GET,true,52.517
2568,1916928,GET,true,605.957
2569,2056,GET,true,42.586
2570,409600,GET,true,164.783
2571,84803584,GET,true,27859.955
2572,3833856,GET,true,1388.79
2573,147456,GET,true,112.132
2574,5184,GET,true,53.014
2575,2628,GET,true,25.083
2576,8320,GET,true,42.627
2577,6664,GET,true,19.798
2578,1372,GET,true,19.557
2579,8836,GET,true,18.693
2580,884736,GET,true,306.382
2581,50413568,PUT,false,29759.803
2582,27279360,GET,true,10341.3
2583,2612,GET,true,61.874
2584,29949952,GET,true,10757.933
2585,12284,GET,true,68.75
2586,6824,GET,true,23.454
2587,2113536,GET,true,821.594
2588,2628,GET,true,59.093
2589,7416,GET,true,22.569
2590,2056,GET,true,18.715
2591,6716,GET,true,21.723
2592,2208,GET,true,18.173
2593,5992,PUT,false,38.304
2594,82493440,GET,true,28374.576
2595,2056,GET,true,63.037
2596,1480,GET,true,24.559
2597,2144,GET,true,20.837
2598,868352,GET,true,273.655
2599,2342912,PUT,false,1407.753
2600,16384,GET,true,47.963
2601,4680,GET,true,24.242
2602,2208,GET,true,18.377
2603,1500,GET,true,19.096
2604,1420,GET,true,17.745
2605,5236,GET,true,22.285
2606,1420,GET,true,19.056
2607,1896,GET,true,17.118
2608,163840,GET,true,75.666
2609,1132,GET,true,43.824
2610,2828,GET,true,21.365
2611,1740,GET,true,16.309
2612,2196,GET,true,18.064
2613,9292,GET,true,20.138
2614,4680,GET,true,16.646
2615,589824,GET,true,196.977
2616,1420,GET,true,35.666
2617,2044,PUT,false,36.206
2618,66715648,GET,true,24775.166
2619,1532,GET,true,84.065
2620,1064960,GET,true,347.975
2621,4524,GET,true,48.309
2622,38322176,GET,true,13090.771
2623,2310144,GET,true,851.845
2624,2056,PUT,false,66.881
2625,1982464,GET,true,708.487
2626,128548864,GET,true,52342.168
2627,1368,GET,true,80.024
2628,1368,GET,true,21.663
2629,1364,GET,true,17.59
2630,82509824,PUT,false,43676.3
2631,7168,GET,true,53.775
2632,63488000,GET,true,23867.312
2633,163840,GET,true,119.334
2634,5619712,GET,true,1784.949
2635,1132,PUT,false,57.949
2636,1032192,GET,true,422.501
2637,8060928,GET,true,2876.004
2638,8060928,GET,true,2673.49
2639,14991360,GET,true,4821.637
2640,65536,GET,true,51.69
2641,7847936,GET,true,2716.285
2642,4072,GET,true,53.124
2643,16384,GET,true,29.477
2644,19152896,GET,true,6311.94
2645,262144,GET,true,119.932
2646,4592,GET,true,47.742
2647,2012,GET,true,26.493
2648,1076,GET,true,20.396
2649,16384,GET,true,25.125
2650,5932,GET,true,21.51
2651,1560,GET,true,19.737
2652,1408,GET,true,19.715
2653,1152,GET,true,25.873
2654,671744,GET,true,238.061
2655,41910272,GET,true,11936.049
2656,3044,GET,true,63.054
2657,49807360,GET,true,16875.403
2658,16384,GET,true,68.353
2659,7212,GET,true,34.438
2660,12284,GET,true,24.651
2661,1500,GET,true,21.904
2662,21037056,GET,true,7928.18
2663,294912,GET,true,130.25
2664,163840,GET,true,97.303
2665,76300288,GET,true,26071.323
2666,16384,GET,true,66.382
2667,1327104,GET,true,456.195
2668,6897664,GET,true,2531.381
2669,4940,GET,true,54.417
2670,5488,GET,true,26.659
2671,1916928,GET,true,676.239
2672,6732,GET,true,67.711
2673,9588,GET,true,28.236
2674,475136,GET,true,153.074
2675,4812,GET,true,40.16
2676,3900,GET,true,25.844
2677,2628,GET,true,31.072
2678,12820,GET,true,27.852
2679,589824,GET,true,201.76
2680,6480,GET,true,25.359
2681,9338880,GET,true,3141.349
2682,9142272,GET,true,2784.548
2683,15368192,GET,true,4895.907
2684,244334592,GET,true,87262.904
2685,196608,GET,true,121.284
2686,13840,GET,true,30.782
2687,316375040,GET,true,101329.834
2688,1228800,GET,true,439.919
2689,3412,GET,true,47.113
2690,9128,GET,true,27.131
2691,39337984,GET,true,13060.952
2692,2640,GET,true,51.299
2693,1015808,GET,true,400.834
2694,33783808,GET,true,11763.9
2695,294912,GET,true,142.204
2696,82493440,PUT,false,46521.538
2697,2628,GET,true,48.636
2698,58015744,GET,true,21013.935
2699,1720,GET,true,67.463
2700,57769984,GET,true,17874.544
2701,2628,GET,true,73.987
2702,278528,GET,true,112.672
2703,9584,GET,true,42.931
2704,100810752,GET,true,33612.904
2705,196608,GET,true,117.916
2706,114688,GET,true,74.858
2707,45940736,GET,true,16544.161
2708,21659648,GET,true,7105.923
2709,1584,GET,true,43.144
2710,2620,GET,true,29.656
2711,2048,GET,true,24.768
2712,13296,GET,true,21.526
2713,491520,GET,true,164.769
2714,14988,GET,true,53.643
2715,1192,GET,true,19.606
2716,1064960,GET,true,348.047
2717,2097152,GET,true,2213.327
2718,1132,GET,true,40.499
2719,1132,GET,true,19.316
2720,1772,GET,true,18.956
2721,6604,GET,true,20.097
2722,14237696,GET,true,3747.778
2723,25640960,GET,true,7930.659
2724,4259840,GET,true,1475.01
2725,819200,GET,true,255.874
2726,2628,GET,true,39.547
2727,2080768,GET,true,759.681
2728,2628,GET,true,49.591
2729,2628,GET,true,22.154
2730,6932,GET,true,20.054
2731,1712,GET,true,17.807
2732,16973824,GET,true,5638.551
2733,5648,GET,true,57.212
2734,32768,GET,true,25.959
2735,21692416,GET,true,7036.77
2736,6111232,GET,true,2077.15
2737,12156,GET,true,45.234
2738,1788,GET,true,24.284
2739,4756,GET,true,18.776
2740,1156,GET,true,16.923
2741,83935232,GET,true,29731.51
2742,2628,GET,true,65.843
2743,13448,GET,true,24.87
2744,12284,GET,true,17.687
2745,3211264,GET,true,1030.438
2746,262144,GET,true,114.433
2747,1425408,GET,true,467.312
2748,8320,GET,true,42.825
2749,46891008,GET,true,15570.645
2750,12820,GET,true,49.621
2751,19152896,GET,true,6246.0
2752,622592,GET,true,221.469
2753,1048576,GET,true,345.14
2754,90095616,GET,true,29676.874
2755,314621952,GET,true,100717.207
2756,84246528,GET,true,29934.667
2757,16384,GET,true,66.256
2758,99467264,GET,true,33200.632
2759,12284,GET,true,56.961
2760,1372,GET,true,36.285
2761,9633792,GET,true,3159.482
2762,4652,GET,true,51.135
2763,16384,GET,true,25.596
2764,2608,GET,true,21.427
