58833.522,GET,26443776
1227.623,GET,2310144
16998.273,GET,40943616
1214.383,GET,2195456
2243.653,GET,4931584
12322.812,GET,30720000
126.917,GET,114688
8378.925,GET,20365312
61006.015,PUT,65536
6743.273,GET,16187392
5902.157,GET,15548416
4542.389,GET,10764288
5515.001,GET,14663680
9040.875,GET,23822336
85.396,GET,16384
841.7,GET,1900544
20905.261,GET,54394880
650.759,GET,851968
304.947,GET,671744
919.73,GET,2080768
1407.273,GET,3342336
1384.398,GET,3342336
357.343,GET,819200
863.245,GET,2097152
44.165,GET,32768
47.296,GET,65536
33752.088,GET,86900736
929.49,GET,2080768
793.93,GET,1900544
11044.752,GET,28606464
51929.706,GET,132939776
4152.522,GET,9338880
7019.132,GET,17743872
22107.572,GET,55967744
5911.602,GET,14663680
3967.109,GET,10764288
856.168,GET,1966080
25881.315,GET,62947328
7024.807,GET,16187392
1264.555,GET,2195456
21413.761,GET,54394880
143.233,GET,32768
44164.545,GET,110198784
1415.268,GET,3162112
5989.761,GET,14663680
1433.623,GET,3342336
22619.868,PUT,33767424
954.079,GET,2310144
23578.67,GET,51478528
1462.244,GET,2490368
147.029,GET,114688
25293.332,GET,55197696
125.407,GET,16384
190.279,GET,294912
62.281,GET,32768
1604.884,GET,2949120
1450.944,GET,2785280
2036.175,PUT,2228224
23871.302,GET,54394880
113.752,GET,65536
47.192,GET,16384
8049.723,GET,17743872
139.035,GET,196608
931.686,GET,1916928
63.843,GET,16384
22850.875,GET,54394880
165.111,GET,147456
371.397,GET,671744
87.582,GET,65536
120.417,GET,196608
11181.534,GET,26443776
98.852,GET,32768
3411.249,GET,7028736
536.507,GET,1064960
5160.798,GET,10764288
74.413,GET,65536
6934.952,GET,15269888
3984.898,GET,7946240
53.975,GET,16384
1110.165,GET,2195456
69.088,GET,65536
55.336,GET,16384
4380.309,PUT,5390336
39.178,GET,16384
28.0,GET,16384
765.426,GET,2097152
583.488,PUT,671744
149917.538,GET,358039552
182.403,GET,16384
5146.402,GET,10764288
2445.288,GET,4964352
1668.352,GET,3342336
924.112,GET,1916928
7162.861,GET,16187392
1195.502,GET,2310144
38936.549,GET,88768512
378.101,GET,589824
62.274,GET,16384
63.406,GET,32768
76894.072,GET,182452224
131.44,GET,16384
7765.202,GET,16187392
4525.859,GET,9388032
4871.989,GET,10272768
4975.597,GET,10272768
2386.923,GET,4833280
1795.391,GET,3768320
140459.59,GET,357416960
7206.677,GET,15548416
1655.204,GET,3342336
498.193,GET,1064960
7420.585,GET,17743872
6475.91,GET,13565952
384.151,GET,819200
312.81,GET,671744
11508.08,GET,26918912
4150.176,GET,9240576
1045.306,GET,2310144
6769.157,PUT,9240576
118.013,GET,294912
32.392,GET,16384
278.712,GET,819200
653.139,GET,1900544
20995.347,GET,52412416
104352.782,PUT,170737664
922.353,GET,2080768
825.109,GET,1916928
66645.441,GET,170737664
974.296,GET,1966080
1044.488,GET,2310144
21371.193,GET,52412416
192.487,GET,294912
319.982,GET,671744
7875.981,GET,17743872
1561.712,GET,3342336
6092.885,GET,14663680
649.058,GET,1376256
44.672,GET,16384
62.345,GET,65536
21921.141,GET,54394880
94.797,GET,16384
6729.968,GET,16154624
21468.58,GET,54394880
8432.326,PUT,11059200
20605.036,GET,51478528
21851.096,GET,54394880
21467.172,GET,54394880
68.071,GET,16384
396.417,GET,1064960
187.553,GET,557056
22076.828,GET,52412416
8246.19,GET,20316160
12714.703,GET,30720000
7106.183,GET,16187392
4275.51,GET,9764864
1490.831,GET,3342336
1044.461,GET,2310144
3940.9,GET,9027584
51.992,GET,16384
154.492,GET,294912
1125.811,GET,2490368
330.166,GET,720896
152.385,GET,294912
513.416,GET,1146880
850.336,GET,1900544
63.861,GET,65536
6441.467,GET,15548416
40062.656,GET,86900736
1110.39,GET,2080768
14018.968,GET,33767424
386.239,GET,737280
163.127,GET,294912
20465.006,GET,51478528
41159.07,GET,107085824
11893.869,GET,30720000
70.9,GET,32768
4406.38,GET,10764288
49.794,GET,16384
20653.836,GET,52412416
41959.158,GET,110215168
20298.893,GET,54394880
864.241,GET,1916928
13300.171,GET,30720000
404.184,GET,819200
2161.56,GET,5160960
1549.052,GET,3817472
371.37,GET,819200
856.45,GET,2097152
58519.098,GET,151633920
896.402,GET,1982464
943.765,GET,2310144
1357.169,GET,3342336
1277.19,GET,2949120
20364.266,GET,54394880
163.389,GET,262144
1062.213,GET,2490368
8478.079,GET,21528576
138349.083,GET,367247360
31346.041,GET,83017728
967.901,GET,2195456
50.678,GET,16384
40.576,GET,16384
44.254,GET,16384
344.909,GET,819200
2702.365,GET,6520832
47.188,GET,16384
19409.809,GET,52412416
1472.9,GET,3342336
7783.969,GET,19791872
20180.151,GET,54394880
6242.29,GET,16187392
5573.855,GET,16187392
2277.189,GET,5816320
936.055,GET,2310144
3515.387,GET,9682944
927.57,GET,2310144
882.063,GET,2310144
753.965,GET,1966080
828.047,GET,2162688
3677.384,GET,9879552
274.229,GET,655360
3542.392,GET,10764288
770.517,GET,1900544
53.363,GET,65536
39.839,GET,16384
18541.09,GET,51478528
19671.826,GET,51478528
2596.815,GET,6504448
3547.227,GET,9420800
138.898,GET,294912
6844.213,GET,17743872
30528.089,GET,86065152
192.023,PUT,163840
3859.198,GET,10698752
74.978,GET,32768
8438.605,GET,23248896
872.047,GET,2080768
5560.814,GET,15548416
740.662,GET,1900544
875.83,GET,2310144
55593.616,GET,151633920
105.866,GET,16384
5960.59,GET,15024128
46.221,GET,16384
753.373,GET,1982464
941.566,GET,2490368
276.221,GET,671744
18247.207,GET,51478528
1537.537,GET,3817472
19740.665,GET,52412416
70.743,GET,16384
143.092,GET,294912
52.817,GET,65536
41.844,GET,32768
78.288,GET,147456
54.913,GET,65536
10195.48,GET,26443776
645.903,GET,1507328
4706.68,GET,11862016
760.455,GET,1982464
691.541,GET,1818624
20045.289,GET,55967744
17642.647,GET,47415296
69.587,GET,16384
11932.819,GET,30539776
328.362,GET,655360
785.193,GET,1982464
10017.559,GET,27688960
307.04,GET,655360
11420.963,GET,30720000
861.897,GET,2080768
18373.049,GET,51478528
20307.427,GET,54394880
12469.563,GET,32653312
67.383,GET,16384
306.783,GET,704512
289.626,GET,704512
11914.369,GET,32653312
46067.303,GET,125108224
161.189,GET,278528
128.061,GET,278528
4406.728,GET,9764864
46.181,GET,16384
87143.007,GET,238272512
77.02,GET,32768
549.217,PUT,671744
851.639,GET,2097152
40.263,GET,16384
128.636,GET,278528
1146.568,GET,2949120
879.394,GET,2310144
52.489,GET,65536
35187.157,GET,95682560
69.831,GET,16384
346.825,GET,819200
830.56,GET,2080768
733.036,GET,1916928
37.783,GET,16384
20566.461,GET,55197696
2265.631,GET,5652480
274.345,GET,671744
798.086,GET,2097152
18174.745,GET,49577984
5878.74,GET,14663680
1309.02,GET,3342336
3461.125,GET,9027584
950.669,GET,2310144
55491.032,GET,151633920
6591.427,GET,17743872
1611.897,GET,4259840
872.899,GET,2310144
3444.88,GET,9338880
3322.926,GET,9027584
84.826,GET,147456
81264.807,GET,194838528
967.079,GET,2310144
266.28,GET,655360
135.794,GET,294912
4108.953,GET,9027584
4111.845,GET,10764288
3980.619,GET,10764288
875.516,GET,2310144
5685.505,GET,16187392
3508.198,GET,9519104
19574.083,GET,54394880
104.549,GET,147456
66641.124,GET,182452224
18849.145,GET,51478528
29010.138,GET,78348288
33218.944,PUT,54394880
3946.843,GET,9568256
7956.663,GET,22675456
851.923,GET,2195456
5197.337,GET,14663680
346.499,GET,819200
464.423,GET,1179648
55323.456,GET,151633920
13225.083,GET,35553280
3256.254,GET,8159232
62.178,GET,65536
722.797,GET,1900544
38.457,GET,16384
6931.399,GET,17743872
1308.808,GET,3342336
274.119,GET,671744
3545.791,GET,10764288
851.61,GET,2097152
11175.048,GET,30720000
20232.248,GET,54394880
171.634,GET,294912
5983.147,GET,16187392
876.851,GET,2310144
3541.962,GET,9388032
20298.522,GET,54394880
1370.969,GET,3342336
40.579,GET,16384
271.857,GET,671744
877.538,GET,2310144
136.559,GET,294912
416.097,GET,1064960
1305.429,GET,3342336
340.407,GET,819200
5725.294,GET,15548416
44.293,GET,32768
328.739,GET,819200
40.122,GET,32768
786.623,GET,2080768
36.921,GET,16384
266.421,GET,655360
3709.025,GET,9830400
775.033,GET,1916928
44.408,GET,32768
13490.7,GET,36601856
20306.179,GET,54394880
828.9,GET,1982464
5380.183,GET,14663680
42.254,GET,16384
20768.405,GET,54394880
70.172,GET,32768
49127.196,GET,132939776
3949.322,GET,9879552
7926.67,GET,22102016
32334.685,GET,86900736
4299.222,GET,10764288
5594.487,GET,14663680
15829.651,GET,43368448
304.557,GET,655360
20047.116,GET,52920320
59.625,GET,16384
843.781,GET,2080768
39.893,GET,16384
132.375,GET,294912
6750.961,GET,19169280
3991.604,GET,10190848
59.874,GET,65536
19215.48,GET,51478528
43968.249,GET,117899264
178.152,GET,294912
40.917,GET,16384
776.149,GET,1916928
273.203,GET,655360
1143.41,GET,2949120
47.118,GET,49152
274.356,GET,671744
14213.774,GET,36782080
68.902,GET,16384
5416.033,GET,14663680
10022.375,GET,26443776
82.4,GET,65536
20462.319,GET,54394880
3386.646,GET,9338880
857.615,GET,2097152
829.351,GET,2162688
7012.312,GET,17743872
25397.495,GET,68943872
19546.076,GET,52412416
20844.983,GET,54394880
20159.606,GET,52412416
73.402,GET,16384
4639.789,GET,12664832
1126.183,GET,2949120
809.229,GET,2080768
33185.305,PUT,54394880
44.422,GET,16384
2712.389,GET,9388032
645.474,GET,1867776
38.882,GET,32768
31194.116,GET,86900736
118.65,PUT,65536
394.587,GET,901120
40395.781,PUT,65699840
121.243,GET,147456
3361.618,GET,9338880
5873.117,GET,16187392
61.914,GET,65536
885.39,GET,2310144
50.733,GET,65536
24583.987,GET,67305472
5753.937,GET,15548416
62.299,GET,32768
19476.017,GET,51478528
12163.38,GET,30720000
72.466,GET,16384
20596.621,GET,54394880
31932.203,PUT,54394880
2674.726,GET,9338880
176.743,GET,655360
5746.314,GET,16187392
3877.131,GET,9027584
4080.29,GET,10764288
877.898,GET,2310144
881.504,GET,2310144
1319.032,GET,3522560
37.45,GET,16384
84.083,PUT,32768
9653.104,GET,28229632
617.859,GET,1490944
18988.47,GET,51478528
3615.492,GET,7946240
41.846,GET,16384
52.786,GET,65536
24433.296,GET,65880064
67.998,GET,16384
302.464,GET,704512
83.039,GET,147456
38.257,GET,16384
6886.086,GET,19578880
809.558,GET,2097152
3082.271,GET,7946240
144.105,GET,294912
2562.066,GET,6782976
47153.273,GET,128532480
71.357,GET,16384
21000.23,GET,54394880
65.031,GET,32768
33.158,GET,16384
285.962,GET,655360
40.544,GET,16384
825.198,GET,2080768
80.722,GET,147456
881.305,GET,2310144
38.274,GET,16384
34.965,GET,16384
41.554,GET,32768
862.963,GET,2228224
1876.931,GET,4833280
43.435,GET,32768
7264.575,GET,20398080
144.544,GET,294912
3635.437,GET,9388032
896.753,GET,2195456
4991.454,PUT,7241728
246.574,GET,901120
1902.63,GET,4931584
48.85,GET,49152
36.583,GET,16384
37.313,GET,16384
4261.103,GET,11059200
507.237,PUT,671744
889.273,GET,2310144
5125.577,GET,14663680
61.546,GET,65536
442.673,GET,1064960
5897.629,GET,15548416
443.326,GET,1064960
907.0,GET,2310144
4405.028,GET,11747328
10771.888,GET,30720000
66.981,GET,32768
41.733,GET,16384
6347.97,GET,16187392
20362.513,GET,54394880
73.669,GET,32768
633.784,GET,1507328
837.087,GET,2113536
1134.157,GET,2949120
38.029,GET,16384
1280.106,GET,3342336
371.986,GET,884736
901.02,GET,2375680
333.217,GET,819200
350.709,GET,884736
50.149,GET,65536
16309.47,GET,43204608
372.01,GET,819200
265.956,GET,655360
21620.858,GET,55967744
16562.091,GET,43368448
837.01,GET,1982464
19987.838,GET,52412416
78.065,GET,32768
11635.587,GET,30720000
3083.004,GET,9027584
39.477,GET,16384
5678.347,GET,16187392
881.259,GET,2195456
136.087,GET,294912
37.476,GET,16384
8120.398,GET,22331392
937.122,GET,2310144
789.637,GET,2080768
32094.276,PUT,54394880
44.396,GET,32768
26.722,GET,49152
20.849,GET,16384
20.37,GET,16384
615.201,GET,2195456
4085.388,GET,13910016
1299.504,GET,4931584
847.955,GET,2097152
3314.235,GET,9338880
5729.661,GET,16187392
1265.855,GET,3342336
39.091,GET,16384
138.333,GET,311296
583.519,GET,1507328
1675.212,GET,4341760
607.485,GET,1507328
38.489,GET,16384
879.064,GET,2310144
725.786,GET,1900544
35.756,GET,16384
263.997,GET,655360
1116.048,GET,2949120
19923.9,GET,53280768
3746.215,GET,9338880
49311.205,GET,132939776
51365.305,PUT,83017728
18751.457,GET,51478528
68.62,GET,16384
46.803,GET,49152
445.651,GET,1064960
8565.003,GET,22740992
3603.987,GET,9338880
1834.992,GET,4734976
11657.656,GET,30720000
1380.664,GET,3440640
1494.574,GET,3981312
38.291,GET,16384
331.353,GET,819200
51.024,GET,65536
417.484,GET,1064960
7034.315,GET,19791872
61.504,GET,65536
2261.865,GET,5865472
4562.863,GET,10764288
768.969,GET,1900544
13108.661,GET,37994496
181.567,GET,344064
770.558,GET,1900544
50236.244,GET,135217152
88756.92,GET,238272512
2041.96,GET,4964352
321.069,GET,737280
42.677,GET,16384
39875.829,GET,107757568
76.869,GET,16384
19864.752,GET,52412416
80.463,GET,65536
755.483,GET,1818624
9390.021,GET,26443776
62.625,GET,32768
10850.795,GET,27918336
63.969,GET,16384
348.595,GET,819200
54.387,GET,65536
6655.058,GET,19578880
51.593,GET,16384
56240.202,GET,151633920
379.771,GET,819200
32621.351,GET,87965696
827.546,GET,1982464
152.187,GET,327680
38.18,GET,16384
8887.786,GET,22904832
1399.617,GET,3522560
937.801,GET,2490368
82.706,GET,147456
732.006,GET,1916928
20529.15,GET,54394880
789.029,GET,1916928
10240.949,GET,26443776
20694.566,GET,54394880
3667.199,GET,10240000
32388.614,GET,86900736
5910.647,GET,15548416
4626.493,GET,10764288
844.355,GET,2080768
835.474,GET,2195456
32690.905,GET,86900736
151.376,GET,147456
1013.968,GET,2310144
19616.508,GET,51478528
800.975,GET,1900544
6034.645,GET,16187392
49.12,GET,16384
20327.768,GET,54394880
21047.632,GET,54394880
14260.566,PUT,23822336
24803.395,GET,65699840
19853.166,GET,52477952
75.003,GET,32768
343.532,GET,819200
289.431,GET,655360
8292.218,GET,22102016
3221.755,GET,9519104
7071.664,GET,19791872
82998.532,GET,225198080
907.643,GET,1982464
3815.038,GET,9617408
419.114,GET,1064960
3399.753,GET,9027584
286.213,GET,671744
43.984,GET,16384
1156.764,GET,2949120
32184.139,PUT,54394880
984.293,GET,3457024
216.377,GET,819200
4422.51,GET,15548416
32446.247,GET,86900736
3931.884,GET,10764288
277.478,GET,671744
43.003,GET,16384
2239.61,PUT,3162112
11074.227,GET,30720000
66.753,GET,16384
44.591,GET,16384
145.435,GET,294912
841.462,GET,2097152
139.683,GET,294912
5819.011,GET,16187392
29627.266,GET,78348288
11687.532,GET,30720000
20919.463,GET,54394880
1992.715,GET,4931584
881.089,GET,2310144
188.788,GET,65536
48934.598,GET,132939776
4366.194,GET,10780672
1620.891,PUT,2244608
90.25,GET,294912
795.823,GET,2080768
39.594,GET,16384
792.133,GET,2080768
31862.469,GET,86900736
20984.694,GET,54394880
1021.214,GET,2490368
270.866,GET,655360
731.692,GET,1916928
9679.505,GET,26443776
3253.109,GET,9633792
1147.964,GET,2949120
16138.021,GET,43499520
961.954,GET,2310144
39.507,GET,16384
25661.614,PUT,43499520
37.658,GET,16384
627.38,GET,2310144
65824.728,PUT,110198784
19189.564,GET,51478528
19970.395,GET,52412416
956.446,PUT,1867776
339.88,GET,1146880
458.711,PUT,1048576
5975.114,GET,14385152
40813.677,GET,110198784
57.527,GET,16384
19.514,GET,16384
806.674,GET,1982464
40.751,GET,16384
6125.94,GET,15368192
10941.006,GET,28606464
115.396,GET,147456
43.759,GET,16384
9315.425,GET,23822336
944.217,GET,2310144
1280.9,GET,3342336
138.806,GET,294912
734.011,GET,1916928
135.373,GET,294912
708.531,GET,1867776
7594.122,GET,20365312
856.126,GET,2195456
10031.455,PUT,15368192
7586.494,GET,19578880
51038.3,GET,140279808
1992.145,GET,4833280
37.55,GET,16384
40203.489,GET,107757568
794.414,GET,1900544
130.812,GET,278528
38.473,GET,16384
48.729,GET,65536
6502.757,GET,16187392
5549.168,GET,16187392
858.925,GET,2244608
8558.65,GET,23822336
74.322,GET,65536
42.09,GET,32768
550.311,PUT,671744
341.513,GET,819200
486.209,PUT,671744
26.138,GET,32768
10571.996,GET,30720000
67.333,GET,16384
1170.851,GET,2949120
32726.704,GET,86900736
858.84,GET,2080768
82.23,GET,147456
327.3,GET,819200
37.238,GET,16384
725.149,GET,1900544
836.085,GET,2195456
3083.979,GET,9027584
37.286,GET,16384
19086.93,GET,51478528
1366.317,GET,3342336
85.272,GET,147456
31376.369,GET,83247104
19197.759,GET,51478528
73.335,GET,65536
11947.482,GET,30720000
60.651,GET,32768
436.475,GET,1064960
752.763,GET,1900544
134.175,GET,294912
1961.375,GET,5160960
6119.003,GET,17121280
81034.885,PUT,132939776
20183.077,GET,54394880
9783.29,GET,26443776
5507.038,GET,15548416
50.308,GET,16384
774.399,GET,1966080
9151.319,GET,26443776
51.165,GET,16384
340.979,GET,819200
788.023,GET,1982464
7211.798,GET,21954560
18670.286,GET,51478528
634.95,GET,1507328
4103.015,GET,9175040
836.246,GET,2097152
1357.584,GET,3522560
82.424,GET,147456
5715.971,GET,16187392
5070.06,GET,13598720
32243.858,GET,86900736
367.174,GET,819200
901.672,GET,2310144
271.513,GET,671744
62379.245,GET,170737664
68.07,GET,16384
865.335,GET,2080768
140.322,GET,294912
14053.944,GET,38174720
4279.046,GET,9338880
19471.845,GET,52412416
912.13,GET,2195456
32680.162,GET,86900736
932.07,GET,2244608
86786.604,GET,236584960
19160.324,GET,51478528
32734.691,GET,86900736
13474.854,GET,36601856
5725.761,GET,14663680
61.075,GET,49152
9847.657,GET,26443776
32746.732,GET,89079808
63.599,GET,16384
53.728,GET,65536
815.204,GET,1982464
37.404,GET,16384
1368.333,GET,3522560
1216.512,GET,3244032
42.089,GET,16384
881.267,GET,2310144
3619.416,GET,9338880
1290.996,GET,3325952
273.017,GET,671744
4033.257,GET,10764288
32491.787,GET,86900736
52.388,GET,16384
39997.608,GET,107757568
341.377,GET,737280
5864.284,GET,14663680
128653.671,GET,357482496
464.523,GET,1048576
6073.246,GET,16580608
43986.995,GET,117899264
17810.304,PUT,28557312
706.076,GET,2490368
6882.95,GET,17743872
749.553,GET,1916928
3483.709,GET,9338880
132.461,GET,278528
42.354,GET,16384
132.812,GET,294912
5163.422,GET,12517376
52564.818,PUT,87965696
39.724,GET,16384
550.323,GET,1982464
22.435,GET,16384
937.558,GET,3522560
20.069,GET,16384
3001.706,GET,10698752
84.654,GET,278528
821.06,GET,2097152
3006.098,GET,8142848
44225.211,GET,121733120
808.127,GET,1982464
1507.949,GET,3522560
871.452,GET,2195456
3862.959,GET,9879552
31755.205,GET,86900736
718.33,GET,1622016
15715.517,GET,43499520
1349.127,GET,3342336
32677.376,GET,86900736
63.287,GET,16384
8122.137,GET,21872640
167.417,GET,344064
918.419,GET,2310144
51.312,GET,65536
874.706,GET,2310144
20373.281,GET,55967744
66.422,GET,32768
35.832,GET,16384
6065.084,GET,16580608
796.251,GET,1982464
321.506,GET,819200
19987.59,GET,54394880
372.824,GET,819200
40.071,GET,16384
20701.22,GET,54394880
3984.736,GET,11059200
1255.671,GET,3342336
540.203,PUT,671744
745.827,GET,1966080
328.24,GET,819200
49.387,PUT,16384
839.398,GET,2228224
843.478,GET,2244608
5806.767,GET,15548416
20335.114,GET,54394880
50.258,GET,16384
1342.978,GET,3342336
3543.152,GET,9027584
39.924,GET,16384
917.289,GET,2310144
36.883,GET,16384
784.949,GET,2080768
15760.447,GET,42483712
5717.131,GET,15548416
20010.01,GET,54394880
62.791,GET,16384
3515.926,GET,9027584
267.422,GET,655360
840.281,GET,2195456
3994.202,GET,11976704
81.668,GET,147456
3161.018,GET,8388608
19738.187,GET,54394880
20507.009,GET,54394880
3680.727,GET,9240576
44.645,GET,16384
716.93,GET,1818624
341.35,GET,851968
718.943,GET,1900544
79.946,GET,147456
6209.08,GET,17743872
32366.417,GET,86900736
356.48,GET,819200
775.307,GET,1982464
19585.721,GET,52412416
945.863,GET,2310144
877.36,GET,2310144
519.69,GET,1343488
529.81,GET,1376256
19313.088,GET,51478528
163.644,GET,294912
3637.241,GET,9338880
5366.008,GET,14663680
32.874,GET,16384
45.576,GET,65536
19086.892,GET,52412416
12963.882,PUT,22102016
1709.635,GET,6062080
5581.233,GET,15548416
344.289,GET,819200
323.982,GET,819200
191.442,GET,458752
33968.287,PUT,54394880
18228.12,GET,51478528
67.394,GET,16384
743.531,PUT,1048576
35.857,GET,65536
27.288,GET,65536
32243.854,GET,86900736
901.224,GET,2080768
133.923,GET,294912
81.008,GET,147456
10858.622,GET,30720000
19147.308,GET,51478528
948.946,GET,2310144
32777.652,GET,86900736
60.848,GET,65536
432.318,GET,1048576
42.591,GET,32768
750.741,GET,1916928
32772.676,GET,86900736
10295.136,GET,27688960
520.29,PUT,671744
35.085,GET,32768
31166.531,GET,84459520
15500.066,GET,40943616
10009.478,GET,26443776
19082.26,GET,51478528
124160.196,GET,342114304
339.595,GET,704512
769.552,PUT,1048576
292.241,GET,737280
4022.408,GET,10272768
3837.067,GET,10272768
129.523,GET,278528
38.907,GET,16384
3618.379,GET,10272768
286.057,GET,671744
327.77,GET,819200
285.043,GET,704512
1901.534,GET,4964352
88.529,GET,163840
39.763,GET,16384
11614.486,GET,32653312
12031.178,GET,32653312
18369.642,GET,49577984
12246.4,GET,32653312
162090.212,GET,448905216
832.045,PUT,1048576
24568.769,GET,65699840
86714.623,GET,238272512
82.408,GET,49152
35316.08,GET,94404608
10641.998,GET,27688960
464.256,GET,1064960
292.892,GET,720896
1933.711,GET,4964352
43.193,GET,16384
3405.688,GET,10272768
3317.885,GET,10272768
38.969,GET,16384
2323.01,GET,6160384
38.567,GET,16384
271.554,GET,671744
54.261,GET,49152
1344.311,GET,3342336
5124.406,GET,14663680
5971.967,GET,16187392
945.613,GET,2490368
1979.918,GET,5144576
842.639,GET,2097152
722.38,GET,1916928
747.279,GET,1982464
728.693,GET,1916928
20293.078,GET,54394880
11566.898,GET,30720000
309.31,GET,671744
978.158,GET,2490368
20613.098,GET,54394880
2069.026,GET,5160960
4117.316,GET,10764288
9347.707,GET,26443776
382.608,GET,655360
7542.28,GET,22052864
8603.548,GET,26443776
88.125,GET,114688
6577.453,GET,17743872
50.686,GET,16384
2267.1,GET,5996544
15678.795,GET,42680320
11069.305,GET,30720000
793.164,PUT,1048576
86718.724,GET,238272512
31689.703,GET,86900736
50.985,GET,32768
1318.897,GET,3342336
4147.007,GET,9388032
1374.71,GET,3522560
24060.898,GET,65699840
24418.459,GET,65880064
323.156,GET,704512
162437.833,GET,447889408
485.223,GET,1064960
900.514,GET,2310144
337.634,GET,851968
51.058,GET,65536
39.52,GET,16384
39.985,GET,32768
1206.2,GET,3162112
423.006,GET,1064960
36.386,GET,16384
51.565,GET,65536
868.613,GET,2310144
38.41,GET,16384
129489.013,GET,357416960
10036.846,GET,26443776
32575.18,GET,86900736
303.245,GET,671744
758.539,GET,1900544
20363.561,GET,54394880
33631.281,GET,88801280
956.889,GET,2310144
555.257,GET,1441792
86568.3,GET,238272512
128651.124,GET,357482496
3041.034,GET,7684096
19432.741,GET,52412416
4377.502,GET,11059200
333.279,GET,819200
7624.414,GET,20840448
162.891,GET,327680
133.234,GET,294912
84.186,GET,163840
4521.165,GET,13598720
10077.118,GET,28442624
4116.534,GET,10764288
945.909,GET,2490368
5918.24,PUT,9519104
105.183,GET,344064
8792.421,GET,25116672
965.086,GET,2310144
723.141,GET,1900544
14773.158,GET,41828352
19134.373,GET,51478528
5384.772,GET,13598720
5002.032,GET,13123584
734.195,GET,1916928
6161.777,GET,17743872
291.631,GET,671744
44.583,GET,32768
926.097,GET,2375680
53.74,GET,65536
869.542,GET,2310144
41.983,GET,16384
527.486,GET,1376256
7852.042,PUT,11059200
602.89,GET,2310144
524.734,GET,2080768
20293.929,GET,54394880
3711.168,GET,10469376
64.915,GET,65536
6726.113,GET,19791872
6691.088,GET,17924096
48.396,GET,16384
30389.169,GET,83017728
11417.354,GET,30720000
19581.528,GET,52412416
381.585,GET,851968
4340.57,GET,11059200
6222.889,GET,16187392
45.294,GET,32768
19037.366,GET,52412416
62.567,GET,32768
20539.774,GET,54394880
20829.386,GET,55967744
133.025,GET,163840
40.388,GET,16384
20570.398,GET,54394880
6533.787,GET,16187392
3266.515,GET,8568832
1250.023,GET,3342336
723.376,GET,1900544
37.647,GET,16384
32620.684,GET,86900736
895.369,GET,2162688
3750.806,GET,10764288
5522.173,GET,14663680
470.056,GET,1146880
9763.209,GET,26443776
3407.157,GET,9027584
728.586,GET,1916928
131.897,GET,147456
32768.314,GET,86900736
1402.687,GET,3342336
39.17,GET,16384
12316.022,GET,33898496
1979.571,GET,5062656
3754.34,GET,9879552
882.632,GET,2310144
3525.021,GET,9338880
3510.758,GET,9338880
792.24,GET,2097152
5687.808,GET,14663680
48.945,GET,32768
37.57,GET,16384
1305.683,GET,3342336
40.406,GET,16384
9304.733,GET,26443776
56.216,GET,16384
1310.18,GET,3342336
6029.081,GET,16187392
844.684,GET,2097152
39.852,GET,16384
10607.701,GET,30720000
5221.314,GET,14663680
3879.832,GET,9027584
1310.661,GET,3342336
134.593,GET,294912
136.794,GET,294912
31471.107,GET,86900736
79.016,GET,65536
1359.108,GET,3342336
1306.402,GET,3457024
9169.269,GET,26443776
11295.226,GET,30720000
20320.04,GET,54394880
873.274,GET,2097152
20156.417,GET,54394880
61.679,GET,16384
75.268,GET,131072
5924.789,GET,16187392
44.422,GET,16384
352.527,GET,819200
4040.586,GET,9371648
21314.696,GET,57720832
30523.116,PUT,49577984
6869.424,GET,20365312
164.195,PUT,196608
5351.266,GET,14417920
506.461,GET,1277952
6005.655,GET,17743872
3562.437,GET,9338880
10835.299,GET,30720000
782.697,GET,1900544
3169.535,GET,9027584
9335.84,GET,26443776
301.342,GET,671744
5535.152,GET,16187392
46.958,GET,16384
18720.804,GET,51478528
904.503,GET,2195456
63.184,GET,16384
276.772,GET,671744
19221.428,GET,52412416
2152.9,GET,5390336
40.401,GET,16384
297.971,GET,671744
335.451,GET,819200
42.798,GET,32768
35.797,GET,16384
969.797,GET,2490368
3791.246,GET,11157504
3431.95,GET,9338880
19630.217,GET,53903360
9578.236,GET,26443776
48.031,GET,16384
18824.127,GET,51478528
865.071,GET,2097152
10624.532,GET,29868032
20248.209,GET,54394880
6245.012,GET,15548416
776.711,GET,1900544
10600.487,GET,30720000
1407.694,GET,3522560
433.749,GET,1064960
47.08,GET,32768
1102.289,GET,2949120
853.214,GET,2244608
32529.087,GET,86900736
81.233,PUT,16384
884.276,GET,2195456
11906.543,GET,30720000
299.538,GET,671744
99.529,GET,196608
52.764,GET,65536
35.279,GET,16384
5483.082,GET,15548416
958.162,GET,2490368
266.791,GET,655360
874.837,GET,2310144
492.747,GET,1277952
783.978,GET,2080768
39.713,GET,16384
3706.978,GET,9879552
69.246,GET,49152
36.506,GET,16384
1302.041,GET,3342336
170.532,GET,393216
828.923,GET,2195456
77.941,GET,147456
11863.707,GET,33767424
19097.876,GET,51478528
20473.154,GET,54394880
19196.067,GET,52412416
893.848,GET,2097152
884.728,GET,2310144
66739.146,GET,182452224
26758.798,GET,72876032
32874.977,GET,86900736
900.949,GET,2195456
5911.474,GET,16187392
266.554,GET,655360
5482.744,GET,16187392
865.877,GET,2097152
1350.137,PUT,1916928
308.129,PUT,671744
58.143,PUT,114688
1108.433,GET,2899968
420.423,GET,1064960
831.229,GET,2195456
34410.348,GET,91504640
338.769,GET,737280
20375.638,GET,54394880
3585.49,GET,9027584
19495.787,GET,52412416
29646.713,GET,78348288
10307.419,GET,27688960
1935.404,GET,4931584
131.305,GET,278528
37.517,GET,16384
29513.983,GET,78348288
71.481,GET,16384
33.004,GET,16384
136.494,GET,278528
