0,2628,GET,false,12.458
1,1368,GET,true,28.928
2,5948,GET,false,18.193
3,3896,GET,true,15.627
4,16384,GET,true,17.224
5,25640960,GET,false,3936.072
6,1836,GET,true,18.799
7,22609920,GET,false,3471.346
8,5648,GET,false,11.534
9,1388,GET,false,10.072
10,1132,GET,true,16.928
11,2056,GET,false,11.087
12,11120,GET,false,13.032
13,2056,GET,false,11.446
14,2196,GET,false,11.26
15,5420,GET,true,16.603
16,1835008,GET,false,287.593
17,2228224,PUT,false,808.419
18,19070976,GET,true,3969.114
19,1372,GET,true,18.479
20,2876,GET,false,10.692
21,7984,GET,false,12.313
22,16384,GET,false,11.738
23,4898816,GET,false,756.562
24,15826944,GET,true,2733.187
25,1292,GET,true,17.033
26,5232,PUT,false,58.347
27,2832,GET,false,10.292
28,2628,GET,true,15.254
29,2632,GET,false,13.036
30,458752,GET,false,75.927
31,688128,PUT,false,256.6
32,5420,GET,false,10.961
33,12156,GET,false,10.846
34,2628,GET,false,10.171
35,1372,GET,false,9.089
36,8585216,PUT,false,2871.019
37,82493440,GET,true,14254.499
38,1292,PUT,false,47.493
39,1744,PUT,false,30.382
40,15716,GET,true,23.809
41,1392640,GET,false,219.972
42,314654720,PUT,false,118928.635
43,1336,GET,true,25.955
44,147456,GET,false,29.231
45,16172,GET,true,18.275
46,23478272,GET,false,3601.987
47,1916928,GET,false,301.192
48,1753088,PUT,false,456.333
49,2628,GET,true,16.196
50,95813632,GET,true,16922.924
51,99876864,GET,false,15303.478
52,6728,GET,false,11.936
53,1776,GET,true,22.155
54,82509824,GET,true,18075.344
55,2628,GET,false,10.496
56,5136,GET,true,17.142
57,74891264,GET,true,35485.649
58,1032,GET,false,21.6
59,16384,GET,false,14.003
60,5420,GET,true,30.801
61,2628,GET,false,12.06
62,25034752,PUT,false,19393.049
63,16384,GET,false,15.93
64,1900,GET,true,20.501
65,6756,GET,false,12.058
66,1492,GET,true,16.041
67,11368,GET,false,12.91
68,16384,GET,true,16.776
69,6012928,GET,true,1073.036
70,18825216,GET,true,3145.929
71,278528,GET,true,84.351
72,6720,GET,true,16.893
73,32768,GET,true,19.464
74,2056,GET,true,13.556
75,2824,GET,false,10.906
76,51576832,GET,true,8657.631
77,74366976,PUT,false,21515.707
78,13910016,GET,false,2139.764
79,2605056,GET,true,1221.414
80,4592,GET,false,12.776
81,13484032,GET,false,2073.2
82,6316,GET,false,12.443
83,16068,PUT,false,33.357
84,54394880,GET,false,8341.748
85,61063168,GET,false,9366.203
86,196608,GET,true,73.349
87,1152,GET,true,37.518
88,61030400,GET,false,9356.817
89,373112832,GET,false,57153.37
90,5236,GET,true,16.762
91,7880704,GET,false,1214.19
92,64733184,GET,true,34003.771
93,5062656,GET,false,788.386
94,66945024,GET,false,10259.644
95,1132,GET,true,27.835
96,1788,GET,false,12.315
97,1388,GET,false,11.452
98,2628,GET,false,11.388
99,16384,GET,false,12.31
100,122093568,PUT,false,35286.197
101,12156,GET,false,15.511
102,983040,GET,true,244.021
103,49152,GET,true,33.832
104,6720,GET,true,18.126
105,1156,GET,false,12.465
106,13972,GET,false,12.974
107,884736,PUT,false,451.117
108,82509824,GET,false,12650.831
109,32768,GET,true,27.614
110,2212,GET,true,14.052
111,61014016,GET,false,9354.669
112,1428,GET,true,15.682
113,81920,GET,false,19.814
114,1372,GET,true,14.273
115,1376,GET,true,14.368
116,589824,GET,false,97.254
117,2628,GET,false,11.281
118,3220,GET,false,10.745
119,2056,GET,false,10.931
120,1372,GET,true,14.389
121,2628,GET,false,10.297
122,7900,GET,true,14.732
123,1900544,GET,false,297.447
124,8260,GET,false,13.218
125,22609920,GET,false,3470.055
126,2748,GET,true,14.88
127,100073472,GET,false,15333.746
128,18530304,GET,false,2844.593
129,2628,GET,true,14.598
130,1080,GET,false,10.32
131,16629760,GET,true,3504.678
132,1156,GET,true,17.734
133,16068,GET,true,36.198
134,8120,GET,false,10.219
135,76365824,GET,false,11707.738
136,34455552,GET,true,29404.267
137,1620,GET,true,40.866
138,5455872,GET,false,843.969
139,1988,GET,false,14.111
140,2628,GET,true,18.47
141,12284,GET,false,12.394
142,41893888,GET,false,6423.841
143,10348,GET,false,11.492
144,82493440,GET,false,12642.159
145,5232,GET,false,11.723
146,2056,GET,false,10.296
147,82493440,GET,true,18665.875
148,83574784,GET,false,12807.119
149,13058048,GET,false,2007.881
150,10649600,GET,false,1639.781
151,479412224,GET,true,93979.01
152,6716,GET,false,11.696
153,2056,GET,true,17.966
154,17186816,GET,true,3096.653
155,6740,PUT,false,33.876
156,16384,GET,false,11.895
157,1824,GET,false,9.202
158,6728,GET,true,15.562
159,147456,GET,true,44.517
160,2628,GET,true,14.143
161,6792,PUT,false,24.477
162,1376,GET,false,16.109
163,44220416,GET,true,8508.156
164,2608,GET,true,17.06
165,2196,GET,true,12.473
166,1372,GET,true,11.187
167,16384,GET,true,14.996
168,2628,GET,true,12.317
169,180224,GET,true,47.777
170,1376,GET,true,13.494
171,1192,GET,true,12.608
172,82493440,GET,false,12640.679
173,2523136,GET,true,480.342
174,2064384,GET,true,432.096
175,22102016,GET,true,3723.083
176,2608,GET,false,9.821
177,16384,GET,true,16.749
178,84525056,GET,false,12954.275
179,2628,GET,true,13.557
180,6780,GET,true,12.575
181,14188544,GET,false,2182.561
182,2056,GET,false,9.086
183,7476,GET,true,13.399
184,8060928,GET,true,1387.753
185,1368,GET,true,14.269
186,6724,GET,true,13.054
187,2056,PUT,false,25.851
188,67092480,GET,false,10282.923
189,2572288,GET,true,498.05
190,1188,GET,true,12.714
191,2097152,GET,true,401.971
192,15974400,GET,true,2639.592
193,163840,GET,false,30.69
194,16384,GET,false,10.457
195,16384,GET,false,9.857
196,7360,GET,false,9.053
197,16384,GET,false,9.979
198,2628,GET,false,8.109
199,5420,GET,false,8.486
200,7180,GET,false,8.269
201,51200000,GET,false,7850.834
202,4524,GET,true,13.441
203,3248,GET,false,8.351
204,802816,GET,false,128.399
205,2256,GET,false,7.903
206,1308,GET,true,11.603
207,1372,GET,false,8.227
208,1244,GET,true,12.019
209,1132,GET,true,10.723
210,2056,GET,false,8.566
211,2208,GET,false,8.335
212,1244,GET,true,8.813
213,2360,GET,true,11.698
214,6740,PUT,false,25.982
215,7416,GET,false,10.124
216,2056,GET,true,13.086
217,4688,GET,false,9.173
218,2056,GET,false,8.512
219,5136,GET,true,12.282
220,27017216,GET,false,4145.335
221,67092480,GET,false,10281.895
222,6728,GET,false,10.2
223,884736,GET,false,140.425
224,294912,GET,false,50.16
225,278528,GET,false,48.018
226,1804,GET,true,15.89
227,12264,GET,false,10.247
228,18202624,GET,true,2976.497
229,6908,GET,true,14.632
230,2056,GET,false,9.715
231,3376,GET,false,9.013
232,36995072,GET,true,6021.652
233,2506752,GET,true,795.256
234,1835008,GET,true,11933.497
235,84459520,GET,false,12944.605
236,2628,GET,false,9.465
237,2000,GET,false,8.091
238,2632,GET,false,9.074
239,10010624,GET,true,1921.563
240,2000,PUT,false,24.493
241,12845056,GET,true,2204.034
242,6460,GET,true,15.057
243,2736,GET,true,12.183
244,12156,GET,false,10.38
245,2364,GET,true,12.689
246,2000,PUT,false,21.509
247,2056,GET,true,12.158
248,2192,GET,true,11.843
249,6736,GET,false,10.028
250,1420,GET,false,7.893
251,2628,GET,true,12.996
252,2628,GET,false,7.768
253,2344,GET,true,11.891
254,32768,GET,false,10.912
255,16384,GET,false,9.679
256,6111232,GET,false,941.782
257,2604,GET,true,13.012
258,2056,PUT,false,20.813
259,13090816,GET,true,2670.306
260,82509824,GET,true,14969.223
261,6708,GET,false,15.247
262,2040,GET,false,10.66
263,24608768,GET,true,4072.771
264,1820,GET,false,11.343
265,82493440,PUT,false,21875.676
266,2216,GET,false,15.453
267,1800,GET,false,10.141
268,2129920,GET,false,332.767
269,1780,PUT,false,32.856
270,16384,GET,true,22.433
271,33505280,GET,false,5140.688
272,2212,GET,true,17.494
273,19152896,GET,true,4027.818
274,1132,PUT,false,30.336
275,1436,GET,false,11.425
276,16384,GET,false,12.281
277,6708,GET,false,11.912
278,2224,PUT,false,22.908
279,1800,GET,true,16.74
280,1240,GET,false,11.298
281,43171840,GET,true,8310.676
282,1132,GET,false,13.097
283,1508,GET,false,11.413
284,22102016,GET,true,3604.923
285,6536,PUT,false,29.025
286,43171840,GET,false,6619.634
287,4684,GET,true,16.727
288,4576,GET,false,10.361
289,8585216,GET,false,1321.495
290,11010048,GET,true,1893.276
291,1128,GET,true,15.848
292,19070976,PUT,false,5256.243
293,6724,GET,true,18.598
294,2628,GET,true,14.943
295,12284,GET,true,15.973
296,1156,GET,true,14.453
297,1988,GET,true,12.826
298,2996,GET,true,14.199
299,8040,GET,true,15.803
300,4684,GET,true,14.33
301,19070976,GET,false,2927.81
302,1772,GET,true,14.819
303,479461376,GET,true,162921.683
304,5420,GET,true,33.373
305,1980,GET,false,18.386
306,6720,GET,true,17.705
307,1336,GET,false,13.202
308,1236,GET,false,11.417
309,10764288,GET,false,1658.895
310,2097152,GET,false,327.082
311,2252,GET,true,17.279
312,1040,GET,false,12.774
313,2628,GET,false,10.907
314,1980,GET,false,13.311
315,1064960,GET,true,10941.817
316,163840,GET,false,31.103
317,42483712,GET,true,9418.853
318,9292,GET,false,13.281
319,2208,GET,false,11.057
320,1460,GET,true,16.261
321,1152,GET,false,11.721
322,2252,GET,false,10.509
323,163840,GET,true,94.42
324,65536,GET,true,74.374
325,9544,GET,true,18.236
326,4752,GET,true,17.571
327,6720,GET,false,12.013
328,3004,GET,true,15.377
329,3020,GET,false,11.2
330,1528,GET,true,18.19
331,819200,GET,false,131.466
332,7120,GET,true,15.676
333,139378688,GET,false,21357.314
334,16384,PUT,false,35.965
335,44056576,GET,false,6756.056
336,1460,GET,true,14.256
337,1500,GET,true,12.546
338,72679424,GET,true,15807.036
339,8248,GET,false,13.21
340,1128,GET,false,10.472
341,12156,GET,false,11.234
342,2056,GET,true,14.501
343,2832,GET,false,11.102
344,1132,PUT,false,25.045
345,82493440,GET,true,15579.095
346,65536,GET,false,19.551
347,2996,GET,false,11.42
348,4524,GET,false,10.709
349,4680,GET,false,11.375
350,1388,GET,true,23.031
351,4708,GET,true,14.783
352,1504,GET,false,11.377
353,30523392,GET,true,5028.452
354,1988,GET,false,11.392
355,79560704,GET,false,12194.656
356,1916928,GET,true,407.983
357,46891008,GET,true,8400.924
358,6748,GET,false,13.252
359,2572288,GET,false,399.439
360,29949952,GET,false,4595.687
361,4688,GET,true,18.829
362,4688,GET,true,11.332
363,2628,GET,true,15.203
364,3244,GET,false,10.589
365,2996,GET,false,10.473
366,1536,GET,true,14.899
367,690372608,GET,true,107533.456
368,32768,GET,true,30.778
369,4164,GET,true,15.779
370,16384,GET,false,13.931
371,1277952,GET,false,202.231
372,1624,GET,true,15.308
373,92979200,GET,true,16144.963
374,1152,GET,false,12.454
375,10576,GET,true,22.001
376,22822912,GET,true,3842.918
377,314081280,GET,true,49128.047
378,2628,GET,false,13.784
379,2628,GET,true,23.506
380,7676,GET,true,17.299
381,3044,GET,false,14.23
382,2628,GET,true,14.911
383,54394880,GET,false,8358.29
384,16384,GET,false,14.562
385,2628,GET,true,15.66
386,11692,GET,false,11.976
387,1932,GET,false,11.027
388,1128,GET,true,13.773
389,1900544,GET,false,297.11
390,1356,GET,false,11.22
391,7676,GET,true,16.709
392,2200,GET,false,11.717
393,82493440,GET,true,36393.944
394,30883840,GET,true,18162.294
395,2056,GET,true,27.757
396,1068,GET,true,15.804
397,82493440,GET,false,12641.917
398,2608,GET,true,17.183
399,1728,GET,true,14.506
400,1348,PUT,false,27.691
401,2628,GET,true,14.99
402,11943936,GET,false,1835.869
403,4128768,GET,false,638.312
404,1128,GET,false,11.422
405,16384,GET,false,12.855
406,16384,GET,true,17.884
407,1228800,GET,true,297.904
408,2964,GET,true,14.81
409,1900544,GET,false,296.731
410,360448,GET,false,61.148
411,606208,GET,false,98.638
412,1372,GET,false,10.569
413,1356,GET,true,14.494
414,6608,GET,false,12.29
415,7248,GET,false,11.572
416,1228800,GET,false,194.277
417,1256,GET,true,18.236
418,163840,GET,true,44.093
419,2628,GET,false,12.561
420,2600,GET,true,20.027
421,63848448,GET,false,9786.921
422,129925120,GET,true,57722.571
423,1160,GET,true,34.253
424,16384,GET,false,18.571
425,1256,GET,false,11.437
426,12284,GET,false,12.376
427,46891008,GET,true,20393.226
428,83918848,GET,true,18935.729
429,12392,GET,false,14.099
430,950272,GET,false,152.43
431,92979200,GET,true,54622.369
432,2632,GET,false,17.209
433,150093824,GET,false,22994.365
434,4684,GET,true,25.755
435,42336256,GET,true,9382.038
436,52477952,GET,true,10308.366
437,6580,GET,false,16.0
438,12156,GET,true,25.148
439,109051904,GET,true,23569.056
440,16384,GET,false,13.697
441,16384,GET,true,19.069
442,2344,GET,false,10.041
443,10862592,GET,false,1672.99
444,2584,GET,false,12.444
445,1520,GET,false,10.713
446,671744,GET,false,108.938
447,16629760,GET,true,3235.497
448,770048,GET,false,124.175
449,1212416,GET,true,620.449
450,1988,GET,false,10.872
451,35487744,GET,false,5446.462
452,2628,GET,true,15.709
453,4580,GET,true,13.694
454,7536640,GET,true,1328.588
455,2310144,GET,false,359.647
456,3220,GET,false,10.142
457,10196,GET,true,16.846
458,1232,GET,true,12.448
459,3024,GET,false,9.084
460,1064960,GET,false,168.342
461,3940,GET,false,9.326
462,2056,GET,true,12.241
463,12284,GET,false,9.887
464,1316,GET,false,8.49
465,2628,GET,true,13.54
466,16384,GET,false,10.307
467,1148,GET,false,9.0
468,2628,GET,true,12.469
469,96550912,GET,true,17907.811
470,51281920,GET,true,9741.211
471,23887872,GET,true,3935.425
472,278528,GET,false,49.902
473,1916928,GET,false,300.14
474,5455872,GET,true,947.753
475,1152,GET,true,19.14
476,18513920,GET,false,2842.804
477,2996,GET,false,11.797
478,2628,GET,true,16.256
479,2256,GET,true,13.918
480,2340,GET,false,11.079
481,1368,GET,true,13.83
482,1156,GET,true,12.75
483,1179648,GET,false,187.022
484,1327104,GET,true,270.626
485,2824,GET,true,14.218
486,819200,GET,false,131.656
487,327680,GET,false,55.331
488,7847936,GET,false,1212.993
489,6078464,GET,true,1052.992
490,8060928,GET,false,1257.049
491,983040,GET,true,220.5
492,2812,GET,true,15.234
493,73416704,GET,false,11256.347
494,868352,GET,false,138.788
495,11714560,GET,true,1956.072
496,38699008,PUT,false,15531.425
497,2628,GET,false,13.371
498,163840,GET,true,78.144
499,18874368,GET,false,2911.722
500,1144,PUT,false,52.058
501,5232,GET,false,13.382
502,4500,PUT,false,28.861
503,10747904,GET,true,2337.919
504,4708,GET,false,11.795
505,12156,GET,true,19.336
506,10764288,GET,false,1659.604
507,983040,GET,false,156.638
508,16384,GET,true,16.597
509,4500,GET,false,11.055
510,2604,GET,true,14.031
511,9388032,GET,true,8826.054
512,16384,GET,false,13.86
513,4080,GET,false,12.152
514,196493312,GET,true,39144.072
515,6932,GET,true,31.919
516,11517952,GET,true,27452.36
517,262144,GET,false,48.087
518,819200,GET,true,12345.601
519,12284,GET,true,21.914
520,109051904,GET,false,16714.253
521,278528,GET,false,49.161
522,29065216,GET,true,4849.802
523,4260,GET,false,12.105
524,22282240,GET,false,3419.412
525,1996,GET,false,9.052
526,819200,GET,false,131.523
527,2628,GET,false,9.488
528,1156,GET,true,13.565
529,671744,GET,true,629.572
530,3424,GET,true,16.033
531,6455296,GET,true,12729.283
532,2824,GET,true,14.745
533,3063808,GET,false,476.565
534,2632,GET,true,13.523
535,6932,GET,false,9.189
536,3342336,GET,false,517.679
537,2080768,GET,true,11304.468
538,84295680,GET,false,12917.719
539,163840,GET,false,30.681
540,2628,GET,false,8.854
541,2072,GET,true,12.903
542,2056,PUT,false,28.163
543,70533120,GET,false,10810.256
544,16384,GET,true,18.393
545,131072,GET,true,25999.737
546,2056,PUT,false,23.547
547,58015744,GET,true,32522.471
548,6111232,GET,false,945.159
549,1152,GET,true,31.302
550,2552,GET,true,15.367
551,3044,GET,true,14.77
552,4340,GET,true,15.463
553,1179648,GET,false,188.204
554,7084,GET,true,17.207
555,4164,GET,false,12.039
556,163840,GET,true,44.067
557,2628,GET,true,16.062
558,4252,GET,true,15.608
559,22282240,GET,false,3429.713
560,7476,GET,false,13.292
561,4172,GET,true,18.121
562,8264,GET,false,14.168
563,32768,GET,true,19.082
564,191496192,GET,true,34719.636
565,1156,GET,true,30.107
566,6736,GET,true,17.802
567,4704,GET,true,15.712
568,2416,GET,false,13.244
569,1146880,GET,false,181.298
570,40828928,GET,true,31180.264
571,16004,GET,true,29.874
572,21970944,GET,false,3372.844
573,1032,GET,false,11.603
574,11321344,GET,false,1741.418
575,1424,GET,true,16.81
576,4276,GET,false,11.889
577,61046784,GET,false,9357.791
578,16416768,GET,false,2533.598
579,1584,GET,false,11.767
580,111788032,GET,false,17128.652
581,2188,GET,false,11.739
582,9536,GET,true,17.386
583,3044,GET,true,14.441
584,2056,GET,false,10.136
585,1752,GET,true,13.606
586,28868608,GET,false,4441.171
587,1988,GET,false,11.621
588,163840,GET,true,92.228
589,1984,GET,false,42.522
590,1372,GET,false,24.113
591,1132,GET,false,23.281
592,111509504,GET,true,17641.771
593,2012,GET,true,46.38
594,129695744,GET,false,19877.592
595,82509824,PUT,false,25096.847
596,1036,GET,true,28.893
597,58310656,GET,false,8939.161
598,1372,GET,false,14.378
599,3112,GET,false,11.521
600,3376,GET,false,12.456
601,4868,GET,true,19.546
602,33177600,GET,false,5091.842
603,3188,GET,true,18.142
604,110231552,GET,false,16892.437
605,278528,GET,true,86.606
606,15708,GET,true,19.088
607,66994176,GET,false,10280.791
608,5236,GET,false,11.736
609,82493440,GET,true,14882.636
610,7180,GET,true,26.55
611,2608,GET,false,14.417
612,33619968,GET,true,5561.725
613,2056,GET,true,17.091
614,16384,PUT,false,33.026
615,688128,PUT,false,246.501
616,28196864,GET,false,4326.956
617,29360128,GET,true,4770.609
618,3448,GET,false,18.873
619,18481152,GET,true,3034.722
620,2812,GET,false,10.186
621,72679424,GET,true,11576.639
622,45940736,GET,true,7409.939
623,12156,GET,false,14.578
624,7008,GET,true,20.598
625,2056,GET,false,11.424
626,2056,GET,true,15.372
627,1372,GET,false,10.641
628,2056,GET,false,11.104
629,82493440,GET,true,13114.959
630,2628,GET,false,13.795
631,16384,GET,false,11.516
632,2056,GET,false,10.87
633,32768,PUT,false,982.345
634,6740,GET,false,13.35
635,13910016,GET,false,2137.272
636,458752,PUT,false,9932.798
637,15056896,GET,true,27538.302
638,67092480,GET,false,10285.733
639,16384,GET,false,13.815
640,33931264,GET,false,5204.812
641,1584,GET,false,10.3
642,32768,GET,false,12.469
643,6792,GET,true,19.765
644,4708,GET,false,11.428
645,6748,GET,true,16.1
646,983040,GET,false,156.079
647,3096576,GET,false,481.956
648,2628,GET,true,14.615
649,7476,GET,true,15.428
650,1572864,GET,false,246.899
651,49496064,GET,false,7590.261
652,8126464,GET,false,1279.584
653,12284,GET,false,11.073
654,65536,GET,true,26.007
655,43499520,GET,false,6670.375
656,1372,GET,false,9.253
657,2056,GET,false,10.479
658,819200,GET,false,130.889
659,7476,GET,true,18.667
660,9544,GET,false,11.425
661,44974080,GET,true,9843.533
662,82493440,GET,true,15621.039
663,6732,GET,false,16.147
664,63291392,GET,true,10761.122
665,124272640,GET,true,57167.533
666,1982464,GET,false,314.199
667,2056,GET,false,14.609
668,4524,GET,false,13.228
669,8184,GET,true,25.609
670,2056,GET,true,14.35
671,4384,PUT,false,28.082
672,2628,GET,false,11.376
673,1244,GET,false,10.566
674,16384,GET,true,17.536
675,1448,GET,true,13.794
676,47579136,GET,false,7298.751
677,819200,GET,false,132.52
678,2056,GET,false,12.225
679,32768,GET,false,13.5
680,1584,GET,true,16.864
681,6736,GET,true,15.803
682,82493440,GET,true,35494.069
683,1372,GET,false,20.542
684,16384,GET,true,30.986
685,2056,GET,true,18.653
686,146898944,GET,true,41267.312
687,12284,GET,false,21.016
688,53510144,GET,false,8201.572
689,2628,GET,false,12.484
690,2360,GET,true,24.977
691,8040,PUT,false,31.395
692,2056,GET,true,15.578
693,2056,GET,true,14.969
694,2056,GET,true,14.359
695,2608,GET,false,11.197
696,1780,GET,true,15.703
697,1452,GET,false,11.517
698,2195456,GET,false,343.132
699,1828,GET,false,12.101
700,2097152,GET,false,327.069
701,18825216,GET,true,3144.655
702,3044,GET,true,16.481
703,2420,GET,false,11.382
704,13467648,GET,false,2069.09
705,49152,GET,true,21.879
706,311296,GET,true,85.445
707,2208,GET,true,14.185
708,23248896,GET,true,3891.141
709,1308,GET,true,13.516
710,1828,GET,false,9.096
711,12156,GET,false,11.238
712,32210944,GET,false,4941.35
713,2608,GET,false,9.437
714,2056,GET,false,8.609
715,1900,GET,true,13.996
716,237371392,GET,false,36362.864
717,2196,GET,false,9.779
718,2056,GET,true,13.268
719,82509824,GET,true,23893.512
720,60063744,GET,false,9210.021
721,2188,GET,true,27.164
722,59719680,GET,true,9581.3
723,1356,GET,false,12.931
724,148471808,GET,false,22758.734
725,82493440,GET,true,15730.786
726,6720,GET,false,14.779
727,10196,GET,false,54.152
728,2056,GET,true,27.476
729,2628,GET,true,14.955
730,3940,GET,true,15.448
731,13500416,GET,true,2901.249
732,12284,GET,true,20.151
733,82509824,GET,false,12645.556
734,12284,GET,false,13.534
735,82493440,GET,true,13194.444
736,146030592,GET,false,22375.341
737,294912,GET,true,145.476
738,1500,GET,false,10.904
739,4684,GET,false,11.871
740,479412224,GET,true,74701.933
741,20725760,GET,false,3183.177
742,4524,GET,true,29.381
743,1980,GET,false,13.026
744,380583936,GET,false,58296.088
745,2628,GET,false,12.551
746,2628,GET,true,23.991
747,1772,GET,true,14.554
748,3220,GET,false,10.835
749,7984,GET,true,16.056
750,2056,GET,true,11.969
751,8272,GET,true,14.793
752,6364,GET,false,10.911
753,65454080,GET,false,10035.366
754,66191360,GET,false,10146.896
755,3220,GET,true,16.265
756,3522560,GET,true,768.026
757,1356,GET,false,10.879
758,10576,GET,false,12.582
759,4756,GET,true,16.997
760,1336,GET,true,14.068
761,81920,GET,false,18.047
762,6864,GET,true,15.768
763,1292,GET,false,11.126
764,6720,GET,true,14.903
765,2628,GET,true,12.937
766,6724,GET,false,11.417
767,2056,GET,false,10.197
768,360448,GET,true,102.483
769,109051904,GET,true,19732.772
770,7476,GET,false,15.158
771,11714560,GET,true,2427.658
772,74366976,GET,true,35320.164
773,1696,GET,false,20.291
774,1372,GET,true,27.059
775,14388,GET,true,15.823
776,19873792,GET,true,16872.876
777,8224768,GET,true,1569.568
778,16646144,GET,false,2561.045
779,58245120,GET,false,8927.554
780,75988992,GET,false,11648.483
781,16384,GET,false,12.469
782,2560,GET,false,10.791
783,2056,GET,false,10.572
784,6732,GET,true,19.036
785,65536,PUT,false,279.001
786,4489216,GET,true,12441.338
787,6736,GET,false,13.007
788,12740,GET,true,16.539
789,16384,GET,true,16.119
790,12582912,GET,false,1933.055
791,6744,GET,false,11.17
792,1372,GET,true,14.697
793,6756,GET,true,14.441
794,7488,GET,false,10.978
795,19693568,GET,false,3024.074
796,1784,GET,false,10.181
797,1780,GET,false,9.892
798,7700480,GET,false,1186.087
799,2256,GET,true,14.73
800,13500416,GET,true,26839.571
801,1294336,GET,true,25446.483
802,5764,GET,false,12.049
803,12284,GET,true,19.791
804,6716,GET,false,10.466
805,82493440,GET,false,12642.472
806,82509824,GET,false,12649.217
807,671744,GET,false,108.754
808,20561920,GET,false,3155.887
809,3864,GET,false,10.12
810,6720,GET,false,11.308
811,1128,GET,false,8.922
812,1392640,GET,true,347.052
813,11157504,GET,true,2245.077
814,19251200,GET,false,2955.723
815,12284,GET,true,20.392
816,1364,GET,true,11.602
817,28770304,PUT,false,7662.201
818,4592,GET,false,13.914
819,2060,GET,true,23.329
820,163840,GET,false,32.04
821,1388,GET,false,12.174
822,2628,GET,false,10.906
823,296321024,GET,false,45406.738
824,17793024,GET,true,3027.36
825,16384,GET,true,22.869
826,2056,GET,false,10.587
827,2056,GET,false,10.271
828,11692,GET,true,16.097
829,2608,GET,false,10.065
830,12820,GET,true,15.749
831,17416192,GET,true,2929.411
832,819200,GET,false,131.516
833,1916928,GET,false,299.513
834,3457024,GET,false,536.106
835,4524,GET,false,10.265
836,1772,GET,false,9.472
837,16384,GET,false,11.286
838,2056,GET,false,10.868
839,1064960,GET,true,223.238
840,19775488,GET,false,3036.322
841,294912,GET,false,51.52
842,294912,GET,true,104.839
843,6712,GET,true,17.061
844,1368,GET,false,9.029
845,1900544,GET,false,296.476
846,2056,GET,false,10.523
847,2144,GET,false,9.917
848,24625152,GET,false,3778.948
849,9776,GET,true,16.144
850,1156,GET,true,13.213
851,82493440,GET,true,13972.341
852,36962304,GET,true,30642.429
853,5136,GET,true,29.673
854,16384,GET,true,19.115
855,2752,GET,true,16.068
856,5536,GET,false,12.997
857,215007232,GET,true,53836.406
858,5600,GET,false,19.799
859,2628,GET,false,14.378
860,82493440,GET,true,13204.07
861,25640960,GET,true,4319.699
862,12284,GET,true,22.978
863,99598336,GET,true,15714.117
864,4104,GET,false,13.929
865,3396,PUT,false,34.763
866,2628,GET,true,17.314
867,6740,GET,true,15.025
868,16384,GET,false,18.309
869,6732,GET,false,11.405
870,2628,GET,false,10.488
871,7520256,GET,false,1159.065
872,10977280,GET,false,1691.387
873,28770304,PUT,false,8235.031
874,2196,GET,false,13.373
875,5232,GET,true,23.644
876,2628,GET,true,15.747
877,12284,GET,true,16.885
878,786432,GET,false,127.135
879,2628,GET,false,10.415
880,12284,GET,true,23.362
881,2850816,GET,false,443.249
882,262144,GET,false,46.382
883,42319872,GET,true,18326.096
884,3044,GET,true,19.769
885,8863744,GET,false,1364.297
886,3368,GET,false,10.935
887,4080,GET,true,15.512
888,27672576,GET,false,4245.05
889,6724,GET,true,16.03
890,146112512,GET,false,22388.604
891,2632,GET,true,14.531
892,1152,GET,false,9.918
893,148471808,GET,true,33762.974
894,2056,GET,false,9.851
895,7584,GET,true,15.123
896,2628,GET,true,12.464
897,4688,PUT,false,24.796
898,12284,GET,true,14.379
899,16384,GET,false,10.818
900,1232,GET,false,8.28
901,1294336,GET,false,204.218
902,4680,GET,true,13.623
903,1232,GET,true,11.991
904,7180,GET,true,12.006
905,56475648,GET,true,10488.292
906,671744,GET,true,875.369
907,2112,GET,false,24.93
908,1804,GET,false,11.577
909,1032,GET,true,17.048
910,82509824,GET,false,12646.707
911,9191424,GET,true,26335.645
912,26460160,GET,true,5584.14
913,82493440,GET,false,12641.807
914,3440640,GET,false,533.341
915,2375680,GET,false,370.418
916,16384,GET,true,20.712
917,3407872,GET,false,527.629
918,14286848,GET,false,2193.948
919,1784,GET,false,10.977
920,1474560,GET,true,26101.448
921,82509824,PUT,false,24787.33
922,2473984,GET,false,386.426
923,2965504,GET,true,633.601
924,5008,GET,false,14.1
925,1692,GET,true,28.856
926,2628,GET,true,15.552
927,372080640,GET,true,69045.756
928,16384,GET,true,34.462
929,2056,GET,true,16.541
930,1364,GET,false,15.841
931,26247168,GET,false,4026.363
932,4833280,GET,true,26815.495
933,33210368,GET,false,5096.38
934,6732,GET,false,12.11
935,82509824,GET,true,18281.012
936,10576,GET,true,18.569
937,21692416,GET,true,3689.71
938,12845056,GET,false,1973.455
939,1988,GET,false,9.144
940,82509824,GET,true,15174.117
941,16384,GET,false,15.677
942,2224,GET,true,25.53
943,65536,GET,true,26.234
944,12156,GET,false,12.345
945,2632,GET,true,15.527
946,1156,GET,true,13.648
947,2616,GET,true,14.16
948,1356,GET,true,14.236
949,1736704,GET,true,338.088
950,2000,PUT,false,28.896
951,35094528,GET,true,30220.719
952,524288,GET,false,89.053
953,524288,GET,true,12876.992
954,524288,GET,false,86.695
955,4684,GET,true,18.939
956,5700,GET,false,11.021
957,1336,GET,true,14.028
958,42319872,GET,true,7115.788
959,360448,PUT,false,169.298
960,6604,GET,true,19.466
961,1132,PUT,false,23.704
962,8840,GET,false,12.876
963,14991360,GET,false,2310.858
964,32768,GET,true,22.128
965,92979200,GET,false,14246.505
966,16384,GET,false,13.146
967,2628,GET,false,10.604
968,16384,GET,false,12.526
969,3227648,GET,true,1103.462
970,1212416,GET,false,192.393
971,1760,GET,false,11.303
972,100073472,GET,false,15336.557
973,2552,GET,true,14.612
974,2752,GET,true,13.799
975,2252,GET,false,9.469
976,163840,PUT,false,92.21
977,1372,GET,true,19.94
978,2628,GET,false,9.662
979,6596,GET,true,13.955
980,2628,GET,true,12.853
981,2200,GET,true,12.071
982,3432,GET,false,9.032
983,89014272,GET,false,13641.05
984,2000,PUT,false,22.474
985,69222400,GET,true,11478.036
986,1132,GET,true,22.747
987,25346048,GET,true,4163.067
988,65536,GET,true,27.418
989,6536,GET,false,12.091
990,294912,GET,false,51.27
991,1028,GET,false,11.49
992,163840,GET,true,43.501
993,16384,GET,false,13.098
994,2628,GET,false,11.027
995,6736,PUT,false,27.862
996,1872,GET,true,15.324
997,12284,GET,true,15.131
998,4868,GET,false,10.563
999,6471680,GET,false,998.29
1000,1420,PUT,false,24.385
1001,42450944,GET,true,7306.365
1002,42450944,GET,true,31372.61
1003,81920,GET,false,22.374
1004,16384,GET,true,27.423
1005,1368,GET,false,9.335
1006,1132,GET,true,16.518
1007,2200,GET,true,13.894
1008,12861440,GET,true,13924.529
1009,4756,GET,true,18.943
1010,1624,GET,false,11.861
1011,58621952,GET,false,8985.683
1012,5772,GET,false,12.171
1013,4052,GET,true,16.499
1014,21643264,GET,false,3324.154
1015,2472,GET,true,14.464
1016,1132,GET,true,13.697
1017,7476,GET,true,14.843
1018,5236,GET,false,12.093
1019,4587520,GET,true,842.055
1020,1524,GET,false,11.702
1021,2310144,GET,false,359.827
1022,66945024,GET,false,10270.451
1023,2628,GET,true,16.551
1024,163840,GET,false,31.793
1025,163840,GET,true,88.397
1026,10576,GET,true,58.82
1027,2608,GET,false,14.803
1028,42319872,GET,true,6915.038
1029,4592,GET,false,12.753
1030,2072,GET,true,19.324
1031,13910016,GET,false,2137.599
1032,5455872,GET,false,841.858
1033,106987520,GET,false,24818.401
1034,15564800,GET,true,2682.332
1035,3336,GET,true,21.218
1036,1372,GET,false,12.444
1037,2144,GET,true,15.839
1038,16384,GET,false,13.046
1039,180600832,GET,true,35541.881
1040,1277952,GET,false,205.757
1041,49152,GET,false,16.997
1042,2608,GET,false,12.042
1043,2608,GET,false,10.651
1044,9544,GET,true,27.815
1045,1064960,GET,true,222.242
1046,3376,GET,false,12.305
1047,2260,GET,false,10.87
1048,1356,GET,false,10.931
1049,3063808,GET,false,475.656
1050,4580,GET,false,12.051
1051,16384,GET,true,19.238
1052,7416,GET,true,16.688
1053,21954560,GET,true,4571.329
1054,16384,GET,true,19.808
1055,110477312,GET,true,55532.233
1056,2144,GET,false,15.102
1057,21692416,GET,true,16425.383
1058,17743872,GET,true,10755.423
1059,262144,GET,false,47.652
1060,19054592,GET,true,3212.635
1061,4688,PUT,false,32.525
1062,51249152,GET,false,7857.993
1063,9273344,GET,true,1595.979
1064,5232,GET,false,10.754
1065,163840,PUT,false,110.014
1066,8684,GET,true,18.217
1067,7416,PUT,false,22.271
1068,150061056,GET,false,23003.124
1069,1152,GET,false,9.025
1070,33996800,GET,false,5212.482
1071,2044,GET,false,8.121
1072,10747904,GET,true,1837.853
1073,1032192,GET,true,214.876
1074,2080768,GET,true,392.966
1075,7847936,GET,true,26701.099
1076,1996,GET,true,15.118
1077,671744,GET,true,12580.367
1078,120307712,GET,false,18431.828
1079,49152,GET,true,22.721
1080,8601600,GET,true,26907.014
1081,16384,GET,false,11.647
1082,8684,GET,true,12.951
1083,6616,GET,true,13.607
1084,6736,PUT,false,22.23
1085,5936,GET,false,9.188
1086,6732,PUT,false,21.073
1087,27721728,GET,false,4255.919
1088,2628,GET,false,9.111
1089,10731520,GET,true,2203.589
1090,1097728,GET,false,173.986
1091,2624,GET,false,8.648
1092,1589248,GET,true,9890.282
1093,35733504,GET,true,6434.864
1094,29507584,GET,false,4528.675
1095,1424,GET,false,9.868
1096,1156,GET,false,9.402
1097,16384,GET,false,10.49
1098,2628,GET,true,14.573
1099,753664,GET,true,25883.351
1100,111788032,GET,true,25856.294
1101,1508,GET,false,10.134
1102,1508,GET,true,13.149
1103,4684,GET,true,13.319
1104,409600,GET,false,68.573
1105,753664,GET,true,165.262
1106,16384,GET,true,18.137
1107,131072,GET,true,738.122
1108,16384,GET,true,16.743
1109,6732,GET,true,13.563
1110,16384,GET,false,11.04
1111,2004,GET,true,11.386
1112,1500,GET,false,7.812
1113,1468,GET,true,11.488
1114,1132,GET,true,12.396
1115,16384,GET,true,13.076
1116,17743872,GET,true,13760.936
1117,1420,GET,false,10.372
1118,1500,GET,false,9.494
1119,2000,PUT,false,23.276
1120,61063168,GET,false,9359.892
1121,1420,GET,true,14.271
1122,12861440,GET,true,26606.34
1123,12713984,GET,false,1952.493
1124,3864,GET,true,14.292
1125,46891008,PUT,false,13970.291
1126,2628,GET,false,15.65
1127,2608,GET,false,11.655
1128,75448320,GET,false,11564.407
1129,43171840,GET,false,6619.703
1130,1916928,GET,true,431.411
1131,49545216,GET,false,7598.099
1132,4684,PUT,false,32.144
1133,1988,GET,false,11.308
1134,16384,GET,false,12.794
1135,2555904,GET,false,397.954
1136,671744,GET,true,146.984
1137,3044,GET,false,11.095
1138,1132,GET,true,16.873
1139,12808,GET,false,11.857
1140,65536,GET,true,23.738
1141,2628,GET,false,10.068
1142,107118592,GET,true,55035.773
1143,2628,GET,false,17.619
1144,38699008,GET,false,5934.085
1145,16384,GET,false,13.534
1146,2056,GET,false,11.429
1147,2260,GET,true,25.147
1148,12156928,GET,true,7427.334
1149,2820,GET,false,12.258
1150,1376,GET,false,11.558
1151,2628,GET,true,15.898
1152,82493440,GET,true,15265.303
1153,33816576,GET,false,5190.313
1154,2605056,GET,true,607.726
1155,2060,GET,true,23.374
1156,3436,GET,true,15.701
1157,16384,GET,false,13.368
1158,18513920,GET,false,2843.958
1159,1156,GET,false,11.159
1160,1868,GET,true,20.604
1161,239747072,GET,true,52481.722
1162,10289152,GET,false,1588.962
1163,1152,GET,true,14.529
1164,98304,GET,true,31.624
1165,82493440,GET,false,12643.773
1166,54394880,GET,true,10987.643
1167,7496,GET,false,11.783
1168,2056,GET,true,22.49
1169,1804,GET,true,12.977
1170,16384,GET,false,10.79
1171,1368,GET,true,12.432
1172,3012,GET,false,8.996
1173,6455296,GET,false,996.472
1174,10576,GET,false,9.843
1175,57950208,GET,false,8892.545
1176,82493440,GET,true,36389.864
1177,2628,GET,false,20.606
1178,19070976,GET,true,14579.758
1179,2832,GET,false,13.381
1180,45875200,GET,false,7032.451
1181,671744,PUT,false,222.279
1182,1856,GET,false,12.772
1183,84246528,GET,true,35339.081
1184,6764,GET,true,33.66
1185,1132,GET,false,16.267
1186,20529152,GET,true,14452.358
1187,82493440,GET,false,12642.506
1188,82493440,GET,true,15251.043
1189,5062656,PUT,false,1594.875
1190,12156928,PUT,false,3513.656
1191,67092480,GET,true,10814.946
1192,6732,GET,true,25.173
1193,57425920,GET,false,8803.579
1194,2056,GET,true,16.967
1195,6716,GET,true,16.409
1196,1984,GET,false,12.222
1197,9633792,GET,true,27251.573
1198,3260416,GET,false,505.193
1199,131858432,GET,true,44524.883
1200,7488,GET,false,47.322
1201,13467648,GET,true,2414.206
1202,141983744,GET,true,28961.769
1203,12284,GET,false,30.301
1204,95813632,GET,true,16752.41
1205,6716,GET,true,60.666
1206,65536,PUT,false,225.544
1207,6684672,GET,false,1031.779
1208,12828672,GET,true,13465.251
1209,8568,GET,true,23.123
1210,9192,GET,false,13.671
1211,72679424,GET,true,13887.028
1212,11960320,GET,true,27529.626
1213,7520256,GET,false,1158.012
1214,7241728,PUT,false,13324.059
1215,41992192,GET,true,30163.173
1216,2628,GET,true,34.203
1217,1664,GET,false,16.106
1218,82509824,GET,true,35188.509
1219,2056,GET,false,24.008
1220,1753088,GET,false,275.284
1221,2056,PUT,false,42.075
1222,2012,GET,false,11.878
1223,83935232,GET,true,29908.929
1224,65536,GET,false,20.208
1225,169852928,GET,false,26021.54
1226,12284,GET,false,13.136
1227,2832,GET,false,9.702
1228,148471808,GET,true,60060.573
1229,1784,GET,false,18.869
1230,6740,GET,true,32.53
1231,6324224,GET,false,981.607
1232,1372,GET,true,18.665
1233,12284,GET,true,17.571
1234,10289152,GET,false,1582.816
1235,16384,GET,true,21.188
1236,2628,GET,false,11.876
1237,16384,GET,true,18.276
1238,2176,GET,false,10.49
1239,6720,GET,false,14.228
1240,2056,GET,true,14.39
1241,294912,GET,true,9833.442
1242,12156,GET,true,18.988
1243,13792,GET,true,16.36
1244,7180,GET,true,16.437
1245,2310144,GET,false,360.554
1246,1452,GET,false,12.627
1247,16384,GET,true,17.895
1248,5348,PUT,false,36.393
1249,2097152,GET,true,12625.195
1250,2832,GET,false,12.157
1251,12284,GET,true,17.492
1252,2428,GET,false,13.38
1253,23035904,PUT,false,6670.428
1254,1428,GET,true,19.584
1255,12156,GET,false,13.83
1256,6716,GET,false,11.344
1257,3044,GET,false,9.941
1258,1804,GET,true,19.795
1259,10284,PUT,false,29.916
1260,1060,GET,true,14.938
1261,1988,GET,false,11.155
1262,2260,GET,false,11.277
1263,1356,GET,false,11.569
1264,2340,GET,false,11.21
1265,6744,GET,false,10.99
1266,6712,GET,true,15.943
1267,4080,GET,true,15.219
1268,278528,GET,true,81.004
1269,61095936,GET,false,9367.224
1270,84246528,GET,false,12912.868
1271,2628,GET,false,10.532
1272,1732,GET,true,14.847
1273,12284,GET,false,11.953
1274,2556,GET,false,11.652
1275,4576,GET,true,13.995
1276,1448,GET,true,17.204
1277,41893888,GET,false,6424.089
1278,1425408,GET,false,224.88
1279,2200,GET,true,14.8
1280,6740,GET,true,14.657
1281,16384,GET,true,16.473
1282,1032192,GET,false,163.41
1283,1128,GET,false,10.447
1284,2628,GET,true,14.72
1285,7416,GET,true,16.201
1286,4404,GET,false,10.796
1287,10665984,GET,true,2217.048
1288,2628,GET,false,9.672
1289,16384,GET,false,12.308
1290,32899072,GET,false,5045.277
1291,9633792,GET,true,1912.756
1292,1327104,GET,true,316.73
1293,38092800,GET,false,5841.283
1294,1508,PUT,false,29.348
1295,2628,GET,true,15.451
1296,16384,GET,true,15.695
1297,2056,GET,false,8.413
1298,1132,GET,true,12.681
1299,1132,GET,true,14.937
1300,16384,GET,true,15.263
1301,49545216,GET,false,7595.891
1302,1240,GET,false,8.313
1303,16384,GET,false,11.03
1304,1500,GET,true,13.928
1305,1132,GET,true,13.605
1306,16384,GET,false,10.282
1307,163840,GET,false,30.796
1308,1388,GET,true,11.485
1309,3407872,GET,true,715.838
1310,6724,GET,true,23.907
1311,5608,GET,false,11.323
1312,4964,GET,true,12.234
1313,2744,GET,true,11.84
1314,2056,GET,true,12.855
1315,1420,GET,true,11.676
1316,1508,GET,false,8.534
1317,389038080,GET,true,136304.967
1318,6732,GET,true,37.352
1319,4648,GET,true,20.556
1320,7028,GET,false,16.002
1321,22282240,GET,true,14631.198
1322,7476,GET,false,18.592
1323,2224,GET,true,18.099
1324,25804800,GET,false,3962.105
1325,82493440,GET,true,34865.93
1326,2628,GET,false,25.335
1327,163840,GET,true,94.907
1328,14052,GET,false,26.774
1329,2208,GET,true,40.48
1330,2208,GET,true,17.043
1331,65536,GET,true,26.264
1332,237371392,GET,true,61088.852
1333,13068,GET,true,20.439
1334,4752,GET,false,10.362
1335,1132,GET,false,11.337
1336,2176,GET,false,10.988
1337,7488,GET,false,15.85
1338,12156,GET,true,16.512
1339,3256,GET,true,14.667
1340,82509824,GET,true,16901.566
1341,7984,PUT,false,39.403
1342,3997696,GET,false,619.469
1343,16384,GET,true,15.92
1344,82493440,GET,true,15670.285
1345,294912,GET,false,53.45
1346,4524,GET,false,13.644
1347,819200,GET,true,191.421
1348,2112,GET,false,12.52
1349,2340,GET,true,22.509
1350,6728,GET,false,12.563
1351,2144,GET,true,14.462
1352,2608,GET,false,11.132
1353,9191424,GET,false,1413.858
1354,2608,GET,true,19.164
1355,2604,GET,false,11.298
1356,9544,GET,true,16.94
1357,6740,GET,true,14.935
1358,1916928,GET,false,300.278
1359,2056,GET,false,12.86
1360,32768,GET,false,12.993
1361,2628,GET,true,14.413
1362,147456,GET,false,28.662
1363,2628,GET,true,14.666
1364,16384,GET,false,12.874
1365,49152,GET,true,22.329
1366,2036,GET,true,15.173
1367,12582912,PUT,false,3889.314
1368,6712,GET,true,16.859
1369,6732,GET,true,14.534
1370,8428,GET,true,15.588
1371,1179648,GET,true,242.862
1372,2628,GET,false,12.513
1373,54394880,GET,true,32481.724
1374,16482304,GET,true,14576.454
1375,10576,GET,true,23.229
1376,4864,GET,true,14.024
1377,13484032,GET,false,2071.938
1378,1132,GET,true,18.298
1379,4600,GET,false,12.062
1380,2256,GET,true,14.953
1381,1372,GET,true,14.825
1382,38699008,GET,true,6809.369
1383,12156,GET,true,20.432
1384,36388864,GET,false,5581.377
1385,7416,GET,true,16.04
1386,12284,GET,false,12.825
1387,2628,GET,false,11.76
1388,1261568,GET,false,199.164
1389,917504,GET,true,199.535
1390,2056,GET,true,15.976
1391,2212,GET,false,12.62
1392,1244,PUT,false,621.5
1393,1784,GET,true,17.073
1394,2596,GET,false,11.929
1395,62373888,GET,true,33423.9
1396,2188,GET,false,21.445
1397,1584,GET,false,11.207
1398,3312,GET,true,22.645
1399,2112,GET,true,14.221
1400,3044,GET,true,17.309
1401,163840,GET,false,32.53
1402,278528,GET,false,48.304
1403,2628,GET,true,14.129
1404,2344,GET,true,12.981
1405,2310144,GET,false,359.681
1406,3396,GET,false,11.424
1407,4296,GET,false,16.365
1408,4684,GET,false,11.77
1409,16384,GET,true,17.667
1410,9544,GET,true,15.349
1411,1368,GET,true,13.761
1412,82493440,GET,true,29179.566
1413,82493440,GET,false,12644.602
1414,6732,GET,false,12.275
1415,2996,GET,false,10.212
1416,7716864,GET,true,26949.294
1417,1164,GET,false,10.224
1418,12763136,GET,false,1962.39
1419,6736,GET,true,16.467
1420,16384,GET,true,14.938
1421,13942784,GET,true,12769.574
1422,5992,GET,false,9.291
1423,61407232,GET,false,9413.062
1424,2080768,GET,true,390.415
1425,2056,PUT,false,33.584
1426,66945024,GET,true,34294.216
1427,70451200,GET,false,10803.052
1428,6708,GET,true,27.793
1429,120242176,GET,false,18425.325
1430,4688,GET,true,20.272
1431,101875712,GET,false,15610.152
1432,1460,GET,true,17.174
1433,4688,GET,false,11.462
1434,13598720,GET,true,2416.151
1435,16384,GET,true,18.477
1436,12484608,GET,true,26439.492
1437,16384,GET,false,13.012
1438,344064,GET,false,58.511
1439,2008,GET,true,16.743
1440,344064,GET,true,25596.897
1441,163840,PUT,false,101.389
1442,49545216,GET,true,8896.466
1443,18825216,GET,true,3724.178
1444,6916,GET,true,19.838
1445,72679424,GET,true,11808.559
1446,2628,GET,false,14.218
1447,2608,GET,false,11.909
1448,7164,PUT,false,39.369
1449,2056,GET,true,20.152
1450,7416,GET,true,15.194
1451,54394880,GET,false,8337.615
1452,1920,GET,false,11.624
1453,458752,GET,false,76.112
1454,82493440,GET,true,15628.2
1455,12156,GET,true,28.454
1456,6720,PUT,false,40.141
1457,217694208,GET,true,83732.402
1458,1900544,GET,true,12689.103
1459,12582912,PUT,false,3764.079
1460,622592,GET,false,102.547
1461,2628,GET,false,12.513
1462,3252,GET,true,21.662
1463,26443776,GET,true,4425.618
1464,163840,GET,true,89.169
1465,163840,GET,true,98.346
1466,2490368,GET,false,392.963
1467,163840,GET,false,34.203
1468,2100,PUT,false,58.517
1469,1148,GET,false,12.904
1470,2340,GET,true,16.654
1471,9601024,GET,true,1971.438
1472,1896,GET,false,13.244
1473,1212416,GET,true,254.301
1474,81920,GET,false,18.689
1475,32768,GET,true,19.745
1476,83918848,GET,false,12862.435
1477,16384,GET,true,17.245
1478,2812,GET,true,12.729
1479,1900544,GET,false,298.292
1480,11010048,GET,false,1692.804
1481,1784,GET,false,10.105
1482,4064,GET,true,13.23
1483,2628,GET,false,9.535
1484,66945024,GET,false,10270.072
1485,65536,GET,true,25.029
1486,2620,GET,true,12.675
1487,1132,GET,true,12.591
1488,1132,GET,true,15.922
1489,14396,GET,false,11.352
1490,45940736,GET,true,9570.852
1491,18513920,GET,true,3166.177
1492,114688,GET,false,23.015
1493,16384,GET,true,16.281
1494,2572288,GET,true,26343.143
1495,4684,GET,true,14.768
1496,7016,GET,true,12.856
1497,16384,GET,false,10.306
1498,9502720,GET,true,13716.779
1499,114688,GET,true,29.182
1500,34291712,GET,false,5258.765
1501,16384,GET,true,16.862
1502,504938496,GET,false,77340.866
1503,1152,GET,false,9.441
1504,2252,GET,false,8.242
1505,2736128,GET,false,424.305
1506,2912,GET,false,10.945
1507,1784,GET,false,6.744
1508,4128,GET,false,8.645
1509,82493440,GET,true,18132.061
1510,1132,GET,false,9.305
1511,82493440,GET,true,15684.385
1512,22528000,PUT,false,7224.535
1513,11862016,GET,false,1825.516
1514,1412,GET,true,24.506
1515,3948,PUT,false,30.669
1516,1372,GET,false,12.468
1517,2056,PUT,false,26.781
1518,2696,GET,true,16.633
1519,20856832,GET,true,3468.854
1520,2056,GET,false,11.996
1521,57753600,GET,true,9267.492
1522,77643776,GET,false,11899.301
1523,16384,GET,true,21.131
1524,1156,GET,false,11.102
1525,82509824,GET,false,12645.36
1526,82493440,GET,false,12643.393
1527,2056,GET,false,9.877
1528,9772,PUT,false,33.806
1529,10988,GET,false,11.881
1530,49152,GET,true,21.224
1531,1364,GET,false,9.886
1532,6932,GET,false,10.626
1533,68599808,GET,true,34656.235
1534,6744,GET,true,32.977
1535,1832,GET,true,17.568
1536,11976704,GET,true,14259.3
1537,54394880,GET,true,17059.848
1538,1982464,GET,true,25945.191
1539,13942784,GET,true,2867.768
1540,12928,GET,false,15.165
1541,239747072,GET,true,47133.517
1542,2628,GET,false,24.784
1543,1980,GET,false,12.353
1544,13942784,GET,false,2150.156
1545,2608,GET,true,28.982
1546,196608,GET,true,50.504
1547,5013504,GET,false,774.964
1548,34504704,GET,true,6510.821
1549,1788,GET,false,14.876
1550,16384,GET,true,21.325
1551,3220,GET,false,10.857
1552,1364,GET,true,16.943
1553,6460,GET,true,17.227
1554,1336,GET,false,12.518
1555,7416,GET,true,15.232
1556,16384,GET,false,13.351
1557,1132,GET,true,14.17
1558,16384,GET,true,17.819
1559,61046784,GET,true,13640.419
1560,2628,GET,false,12.595
1561,1146880,GET,false,182.63
1562,16384,GET,true,19.228
1563,8240,GET,true,15.436
1564,5804,GET,false,10.284
1565,41910272,GET,true,9258.671
1566,33996800,GET,true,7125.453
1567,7372,GET,false,11.75
1568,15433728,GET,true,27974.673
1569,2256,GET,true,14.782
1570,12156,GET,true,13.983
1571,7708,GET,true,15.22
1572,4868,GET,false,9.12
1573,32768,GET,false,12.172
1574,1152,PUT,false,35.847
1575,1851392,GET,false,289.204
1576,18137088,GET,false,2783.602
1577,25640960,GET,false,3933.761
1578,98828288,GET,true,18323.289
1579,802816,GET,true,185.501
1580,1772,GET,true,20.765
1581,9544,GET,true,15.885
1582,50757632,GET,true,11220.171
1583,2340,GET,true,17.326
1584,12200,GET,false,12.652
1585,65536,GET,false,17.158
1586,1236,GET,true,14.555
1587,98304,GET,false,20.883
1588,2686976,GET,false,417.246
1589,1966080,GET,true,432.59
1590,15764,GET,false,15.862
1591,13942784,GET,false,2143.056
1592,2097152,GET,false,328.851
1593,139395072,GET,false,21356.983
1594,458752,GET,false,76.542
1595,458752,GET,true,118.793
1596,98025472,GET,true,18829.223
1597,16384,GET,false,15.329
1598,4812,GET,true,22.997
1599,6464,GET,true,19.119
1600,8421376,GET,false,1297.47
1601,655360,GET,true,149.84
1602,13112,GET,false,12.968
1603,1589248,GET,true,315.927
1604,2310144,GET,true,443.0
1605,1966080,GET,true,375.039
1606,5920,GET,true,15.731
1607,2628,GET,true,13.911
1608,2628,GET,true,15.004
1609,5560,GET,false,11.008
1610,16384,GET,true,19.123
1611,3896,GET,true,13.667
1612,16629760,GET,false,2554.363
1613,3342336,GET,false,518.414
1614,1044,GET,false,9.705
1615,23756800,GET,false,3645.769
1616,2310144,GET,false,360.53
1617,2044,GET,false,10.219
1618,21037056,GET,true,4386.41
1619,3342336,GET,true,636.7
1620,32768,GET,false,12.299
1621,21528576,GET,false,3307.107
1622,507904,GET,false,83.807
1623,1032192,GET,true,218.864
1624,2056,GET,true,14.673
1625,6160384,GET,false,949.582
1626,110215168,GET,true,19472.87
1627,983040,GET,false,158.412
1628,13904,GET,false,12.13
1629,6078464,GET,true,1265.012
1630,8159232,GET,false,1261.361
1631,16384,GET,false,15.287
1632,2628,GET,true,23.495
1633,16384,GET,true,17.516
1634,42319872,GET,true,8932.582
1635,2012,GET,false,12.295
1636,1772,GET,false,13.753
1637,868352,GET,true,239.444
1638,671744,GET,true,171.445
1639,63488000,GET,false,9731.911
1640,16384,GET,false,12.09
1641,819200,GET,true,187.538
1642,4352,GET,false,10.04
1643,12284,GET,true,17.803
1644,14221312,GET,true,27966.893
1645,39141376,GET,true,19820.239
1646,6586368,GET,false,1018.473
1647,6111232,GET,false,942.299
1648,16384,GET,true,24.546
1649,93470720,GET,false,14326.871
1650,1988,GET,false,11.696
1651,29048832,GET,true,29387.318
1652,16384,GET,true,25.589
1653,1584,GET,false,10.498
1654,4688,GET,false,12.18
1655,294912,GET,true,12265.476
1656,12284,GET,true,18.104
1657,4684,GET,false,10.609
1658,1368,GET,false,11.411
1659,165380096,GET,true,62017.802
1660,3044,GET,false,20.62
1661,3864,GET,false,14.606
1662,82509824,GET,false,12649.444
1663,7672,GET,false,12.83
1664,2628,GET,true,27.466
1665,2628,GET,false,11.424
1666,7048,GET,true,16.525
1667,1452,GET,true,14.185
1668,327680,GET,true,25132.166
1669,16384,GET,false,13.472
1670,1277952,GET,false,201.891
1671,2628,GET,false,11.021
1672,146112512,GET,false,22386.179
1673,2628,GET,true,16.118
1674,153845760,GET,true,34866.871
1675,14968,GET,true,18.385
1676,43302912,GET,false,6643.215
1677,41828352,GET,true,7633.765
1678,3031040,GET,false,471.18
1679,6992,GET,true,17.52
1680,1896,GET,false,10.48
1681,2800,GET,false,10.248
1682,1132,GET,true,13.312
1683,1676,GET,false,10.572
1684,5136,GET,false,11.0
1685,5960,GET,true,15.783
1686,6736,GET,false,9.925
1687,142458880,GET,false,21826.596
1688,1753088,GET,false,274.999
1689,2832,GET,false,9.354
1690,1372,GET,true,13.815
1691,1152,GET,true,13.183
1692,2628,GET,false,9.591
1693,1772,GET,false,9.183
1694,6732,GET,false,11.111
1695,1336,GET,false,9.883
1696,5764,GET,true,13.297
1697,2056,GET,false,10.324
1698,1832,GET,false,8.441
1699,2532,GET,true,12.144
1700,4524,GET,true,13.394
1701,5716,GET,true,13.85
1702,99876864,GET,true,22483.388
1703,16384,GET,false,11.2
1704,32768,GET,true,19.434
1705,2736128,GET,true,580.718
1706,262144,GET,true,80.106
1707,12284,GET,false,9.714
1708,12156,GET,false,10.518
1709,8716288,GET,true,1565.654
1710,19070976,GET,false,2927.365
1711,47185920,GET,false,7234.969
1712,180224,GET,true,87.937
1713,786432,GET,true,203.554
1714,82493440,GET,true,13109.537
1715,111788032,GET,true,17615.245
1716,9772,GET,false,16.172
1717,1388,GET,false,13.321
1718,22364160,PUT,false,5476.981
1719,6724,GET,true,43.344
1720,25788416,GET,true,15099.582
1721,2056,GET,true,27.472
1722,16384,GET,true,19.055
1723,2256,GET,true,15.741
1724,622592,GET,true,25541.237
1725,16384,GET,true,19.474
1726,2676,GET,false,13.621
1727,10576,GET,false,12.433
1728,5236,GET,true,18.882
1729,3944,GET,true,15.818
1730,7241728,PUT,false,2308.1
1731,82493440,GET,false,12645.463
1732,41959424,PUT,false,12712.968
1733,18513920,GET,true,3141.454
1734,1804,PUT,false,33.379
1735,3156,GET,true,21.016
1736,4915200,GET,true,873.308
1737,163840,PUT,false,113.836
1738,36192256,GET,true,6250.624
1739,2608,GET,false,12.416
1740,2404,GET,false,10.333
1741,6732,GET,false,11.404
1742,7929856,GET,true,1601.382
1743,1753088,GET,false,276.97
1744,83935232,GET,true,36315.96
1745,1864,GET,false,21.573
1746,42336256,GET,false,6505.022
1747,12188,GET,true,28.281
1748,6732,GET,false,13.445
1749,82493440,GET,false,12641.861
1750,1196032,GET,false,189.67
1751,2056,GET,false,11.181
1752,23150592,GET,false,3553.952
1753,6720,GET,true,20.502
1754,1824,GET,false,11.887
1755,25346048,GET,true,5384.744
1756,1172,GET,true,16.774
1757,16384,GET,true,19.241
1758,2780,PUT,false,28.649
1759,4784128,GET,true,866.242
1760,4882432,GET,true,887.425
1761,2056,GET,true,14.605
1762,3120,GET,false,10.44
1763,154386432,GET,true,34734.984
1764,147456,GET,false,29.611
1765,1132,GET,false,10.102
1766,2628,GET,true,14.758
1767,3555328,GET,true,666.794
1768,1152,GET,true,13.491
1769,638976,GET,true,140.519
1770,1156,GET,true,13.445
1771,4872,GET,true,12.51
1772,2056,GET,true,12.838
1773,1368,GET,false,8.973
1774,1128,GET,false,8.924
1775,1988,GET,true,12.541
1776,7416,GET,false,9.401
1777,4684,GET,true,13.163
1778,3376,GET,false,10.089
1779,12976128,GET,false,1997.412
1780,147456,GET,false,29.497
1781,16384,GET,true,15.208
1782,819200,GET,false,131.539
1783,82493440,GET,true,15204.106
1784,2608,GET,false,14.225
1785,7180,GET,false,15.284
1786,8040,GET,true,26.296
1787,16384,GET,true,16.15
1788,2424,PUT,false,26.708
1789,100859904,GET,true,54311.755
1790,95813632,GET,true,32071.337
1791,6732,GET,false,14.797
1792,16384,GET,false,13.132
1793,7676,GET,true,28.166
1794,6724,GET,false,11.114
1795,2144,GET,false,11.376
1796,2360,PUT,false,33.204
1797,16384,GET,true,17.538
1798,1064960,GET,true,228.439
1799,100073472,GET,true,18953.15
1800,1132,GET,false,18.401
1801,59572224,GET,true,9605.73
1802,4684,PUT,false,33.865
1803,12877824,GET,true,2195.694
1804,81166336,GET,true,12982.317
1805,12156,GET,false,12.424
1806,2192,GET,true,20.04
1807,2604,GET,false,10.19
1808,6728,GET,true,16.734
1809,2056,GET,true,13.674
1810,1277952,GET,true,268.039
1811,2628,GET,true,14.954
1812,83935232,GET,true,14133.506
1813,82493440,GET,false,12644.871
1814,6712,GET,true,24.402
1815,1756,GET,false,12.294
1816,6716,GET,false,12.193
1817,54394880,GET,true,32890.961
1818,16384,GET,true,32.113
1819,6732,GET,false,16.115
1820,148471808,GET,true,41778.251
1821,2060,GET,false,19.744
1822,129925120,GET,true,26078.64
1823,49152,GET,false,19.324
1824,6708,GET,false,13.455
1825,82509824,GET,true,36101.73
1826,327680,GET,false,59.481
1827,2608,GET,false,11.885
1828,311296,GET,false,53.132
1829,43171840,PUT,false,33399.438
1830,2628,GET,false,14.206
1831,32768,GET,false,13.958
1832,32768,GET,true,31.146
1833,6740,GET,false,12.431
1834,2056,GET,true,15.995
1835,128565248,GET,false,19697.689
1836,1368,PUT,false,27.084
1837,294912,GET,false,51.611
1838,1376,GET,true,16.15
1839,2832,GET,true,14.555
1840,2056,GET,false,11.095
1841,1460,GET,true,14.389
1842,2340,GET,true,14.553
1843,2056,GET,true,14.508
1844,8784,PUT,false,21.969
1845,6728,GET,false,12.687
1846,2056,GET,false,10.63
1847,2056,GET,false,11.124
1848,2604,GET,false,11.15
1849,2584,GET,true,15.911
1850,16384,GET,true,16.441
1851,12156928,GET,false,1868.113
1852,10576,GET,true,16.997
1853,1496,GET,true,12.954
1854,1500,GET,true,13.093
1855,1628,GET,true,14.041
1856,12984,GET,false,12.014
1857,5688,GET,false,10.345
1858,2608,GET,false,10.178
1859,3044,GET,true,14.296
1860,2608,GET,false,10.893
1861,16384,GET,true,17.387
1862,112279552,GET,true,23024.824
1863,131072,GET,true,364.409
1864,10460,GET,false,16.737
1865,82493440,GET,true,29032.211
1866,1156,GET,true,20.156
1867,6792,GET,true,16.175
1868,3129344,GET,true,584.064
1869,1744,GET,true,15.731
1870,2056,GET,true,13.295
1871,82509824,GET,true,15621.617
1872,16384,GET,true,29.1
1873,221036544,GET,false,33867.666
1874,65536,GET,false,17.852
1875,4500,GET,false,11.36
1876,82493440,GET,false,12641.668
1877,11688,GET,true,18.12
1878,285114368,GET,true,55058.64
1879,19152896,GET,true,3158.792
1880,70811648,GET,true,34590.567
1881,3252,GET,false,20.013
1882,82509824,PUT,false,40502.594
1883,109051904,GET,true,23729.834
1884,819200,GET,true,184.391
1885,2228224,GET,true,896.387
1886,1028,GET,true,18.709
1887,294912,GET,true,11850.13
1888,16384,GET,false,12.311
1889,3044,GET,true,16.004
1890,237371392,GET,true,48281.019
1891,245760,GET,false,43.806
1892,3324,GET,false,8.893
1893,2732,GET,true,12.975
1894,131072,GET,true,544.674
1895,12284,GET,true,15.393
1896,7872,GET,true,12.773
1897,1372,GET,false,8.978
1898,737280,GET,true,12059.438
1899,49152,GET,false,13.228
1900,6932,GET,true,14.264
1901,2384,GET,false,8.529
1902,2608,GET,true,11.007
1903,16384,GET,false,9.242
1904,6732,GET,true,11.852
1905,49152,GET,false,12.909
1906,20676608,GET,true,3515.903
1907,6604,GET,false,9.56
1908,16384,GET,true,14.959
1909,32768,GET,true,17.992
1910,9388032,GET,true,1762.236
1911,16384,GET,true,16.557
1912,120733696,GET,false,18497.04
1913,2340,GET,false,8.673
1914,2832,GET,false,8.154
1915,22102016,GET,false,3392.917
1916,6732,GET,true,13.836
1917,10764288,GET,false,1660.267
1918,2056,GET,false,8.244
1919,17743872,GET,true,2983.054
1920,2628,GET,false,9.069
1921,22364160,PUT,false,5824.622
1922,7143424,GET,false,1100.83
1923,2604,GET,false,8.077
1924,16384,GET,false,10.194
1925,9912320,GET,true,1729.958
1926,1372,GET,true,14.478
1927,11112,GET,true,13.844
1928,1372,GET,false,6.687
1929,409600,GET,true,107.768
1930,4660,GET,true,13.732
1931,12156,GET,true,12.984
1932,2628,GET,false,7.889
1933,2608,GET,false,8.196
1934,2056,GET,false,7.859
1935,82493440,GET,true,13184.256
1936,71237632,GET,false,10920.652
1937,172605440,GET,true,63268.484
1938,802816,GET,false,132.031
1939,1753088,GET,true,12630.086
1940,2628,GET,false,12.699
1941,21790720,GET,true,4403.125
1942,2200,GET,true,21.283
1943,120733696,GET,true,42793.965
1944,12204,GET,true,37.597
1945,1064960,GET,true,12549.161
1946,65536,GET,true,27.136
1947,23461888,GET,true,4930.148
1948,1388,GET,false,12.831
1949,18530304,GET,false,2849.587
1950,1452,GET,true,18.116
1951,1956,GET,false,12.864
1952,16384,GET,true,19.955
1953,1132,GET,false,11.403
1954,7241728,GET,false,1114.886
1955,12284,GET,true,16.17
1956,1984,GET,false,11.04
1957,32768,GET,false,14.055
1958,1372,GET,true,13.919
1959,16384,GET,true,16.487
1960,2008,GET,true,13.813
1961,49152,GET,false,14.537
1962,1982464,GET,true,389.011
1963,110247936,GET,false,16891.411
1964,1288,GET,true,22.913
1965,84213760,GET,false,12904.525
1966,16384,GET,true,16.682
1967,7760,GET,true,14.2
1968,2024,GET,true,13.115
1969,3044,GET,true,13.647
1970,2628,GET,false,12.755
1971,16384,GET,false,11.179
1972,360448,PUT,false,172.58
1973,2056,GET,false,11.415
1974,83689472,GET,false,12825.982
1975,82493440,GET,false,12642.129
1976,72679424,GET,false,11139.389
1977,2140,PUT,false,26.242
1978,48857088,PUT,false,14923.279
1979,14344,GET,true,27.959
1980,2200,GET,false,13.185
1981,2310144,GET,true,563.38
1982,1760,GET,true,17.753
1983,2080768,GET,true,467.611
1984,392806400,GET,true,68578.308
1985,3342336,GET,true,733.518
1986,3156,GET,true,27.445
1987,96403456,GET,false,14775.91
1988,3044,GET,false,14.716
1989,2628,GET,true,22.352
1990,6716,GET,false,12.628
1991,46563328,GET,false,7139.692
1992,46563328,GET,true,10237.937
1993,1480,GET,false,13.088
1994,1732,GET,false,11.711
1995,1480,GET,true,20.033
1996,28311552,GET,true,4803.242
1997,8519680,GET,false,1311.628
1998,237371392,GET,false,36362.078
1999,237371392,GET,false,36361.131
2000,1388,GET,false,8.63
2001,1500,GET,true,14.416
2002,41893888,GET,true,8969.105
2003,1240,GET,false,10.186
2004,1240,GET,false,5.97
2005,8040,GET,true,14.502
2006,29851648,GET,true,5021.396
2007,16384,GET,false,12.111
2008,1310720,GET,false,206.55
2009,688128,GET,true,155.749
2010,12820,GET,false,10.125
2011,1136,GET,false,8.465
2012,334020608,GET,false,51164.235
2013,82493440,GET,true,14871.037
2014,2628,GET,false,13.937
2015,586235904,GET,true,192636.18
2016,1152,GET,false,21.518
2017,1428,GET,false,11.038
2018,16384,GET,true,31.874
2019,1132,GET,true,14.597
2020,163840,GET,true,49.163
2021,1068,GET,false,11.817
2022,79560704,GET,true,22131.958
2023,4572,GET,false,21.89
2024,98828288,GET,true,30683.418
2025,6078464,GET,false,942.998
2026,4576,GET,false,14.864
2027,17809408,GET,false,2734.348
2028,16384,GET,true,29.582
2029,4708,GET,false,12.494
2030,32768,GET,true,19.47
2031,16384,GET,false,13.489
2032,4592,GET,false,11.895
2033,21528576,GET,true,3672.981
2034,622592,GET,true,271.104
2035,1144,GET,true,15.36
2036,12156,GET,false,11.676
2037,1032192,GET,true,11990.719
2038,38699008,GET,true,30206.154
2039,21528576,GET,true,3599.084
2040,16384,PUT,false,33.561
2041,2056,GET,true,15.425
2042,23658496,GET,true,4667.345
2043,10092,GET,true,18.826
2044,3248,GET,false,12.668
2045,22102016,GET,true,3742.559
2046,6604,GET,false,11.507
2047,16384,GET,true,18.637
2048,1728,GET,true,12.945
2049,82509824,GET,false,12645.613
2050,131072,PUT,false,938.24
2051,83492864,GET,false,12796.521
2052,16384,GET,false,10.719
2053,692256768,GET,true,117492.488
2054,4358144,PUT,false,1440.742
2055,6432,GET,false,13.972
2056,54542336,GET,false,8364.337
2057,2832,GET,true,25.759
2058,1360,GET,true,14.626
2059,9576,GET,true,16.115
2060,6748,GET,false,11.806
2061,3044,GET,true,14.631
2062,1654784,GET,true,323.029
2063,6111232,GET,true,1080.665
2064,212992,GET,false,39.997
2065,2000,GET,false,11.44
2066,2608,GET,true,15.487
2067,5619712,GET,false,870.85
2068,8792,GET,false,11.858
2069,655360,GET,false,106.452
2070,17743872,GET,false,2726.172
2071,82509824,GET,false,12647.466
2072,1504,GET,false,10.64
2073,8248,PUT,false,26.206
2074,163840,GET,false,31.056
2075,2208,GET,false,10.385
2076,3144,GET,false,11.341
2077,294912,GET,true,91.618
2078,1784,GET,false,9.677
2079,82509824,GET,true,18327.247
2080,6568,GET,false,11.094
2081,2195456,GET,true,535.656
2082,13942784,GET,false,2142.623
2083,5700,GET,false,9.726
2084,2000,GET,false,8.133
2085,9192,GET,false,9.159
2086,16384,GET,true,19.758
2087,7856,GET,true,13.068
2088,294912,GET,true,568.288
2089,6140,GET,true,15.899
2090,3888,GET,false,9.548
2091,524288,GET,true,11988.717
2092,1784,GET,false,9.617
2093,360448,GET,true,106.54
2094,2648,GET,false,9.733
2095,82657280,GET,false,12667.867
2096,5232,GET,false,10.374
2097,2208,GET,true,13.802
2098,2628,GET,false,8.203
2099,9240,GET,false,9.151
2100,1336,GET,true,11.856
2101,65536,GET,true,24.864
2102,2195456,GET,true,440.649
2103,5232,GET,false,9.744
2104,1076,GET,true,12.614
2105,16384,GET,true,13.687
2106,16384,GET,true,14.119
2107,9617408,GET,false,1489.535
2108,4587520,GET,false,708.787
2109,23887872,GET,true,4029.501
2110,7212,GET,true,14.878
2111,2192,GET,true,11.032
2112,65536,GET,true,23.49
2113,1712,GET,false,8.485
2114,2608,GET,false,8.465
2115,8820,GET,false,8.844
2116,6460,GET,false,9.083
2117,2608,GET,false,8.304
2118,2628,GET,false,8.052
2119,2044,GET,false,7.417
2120,9338880,GET,false,1442.786
2121,2628,GET,false,8.566
2122,409600,GET,true,104.847
2123,409600,GET,true,656.813
2124,507904,GET,true,12070.833
2125,458752,GET,true,112.821
2126,2195456,GET,true,597.198
2127,2776,GET,true,17.836
2128,13942784,GET,true,13578.367
2129,129646592,GET,true,23579.149
2130,13920,GET,false,54.645
2131,2628,GET,false,13.639
2132,26443776,GET,true,4313.004
2133,1396,GET,true,21.754
2134,1572,GET,false,12.483
2135,5604,GET,false,12.649
2136,1980,GET,false,13.008
2137,1156,GET,false,11.971
2138,45023232,GET,false,6901.215
2139,131072,GET,true,610.388
2140,3194880,GET,true,12592.519
2141,1372,GET,true,18.529
2142,6984,GET,true,15.077
2143,9532,GET,false,13.198
2144,16384,GET,false,13.168
2145,23330816,GET,false,3583.883
2146,10320,PUT,false,52.716
2147,70434816,GET,false,10794.149
2148,2616,GET,true,14.434
2149,1252,GET,true,12.739
2150,3220,GET,false,10.328
2151,12284,GET,false,12.569
2152,16384,GET,false,11.04
2153,2506752,GET,true,544.21
2154,1364,GET,false,11.408
2155,1304,GET,true,12.955
2156,2628,GET,true,12.228
2157,2040,GET,true,11.892
2158,1152,GET,true,12.06
2159,65536,GET,false,16.979
2160,294912,GET,true,82.012
2161,45940736,GET,true,9599.706
2162,12156,GET,false,13.158
2163,16384,GET,true,16.775
2164,294912,GET,false,50.495
2165,1408,GET,true,12.684
2166,3896,GET,false,11.185
2167,2056,GET,false,9.306
2168,16384,GET,true,15.663
2169,2441216,GET,false,380.062
2170,16384,GET,true,14.824
2171,16384,GET,false,11.425
2172,6536,GET,false,10.822
2173,1500,PUT,false,32.455
2174,1132,GET,false,10.592
2175,82509824,PUT,false,23753.021
2176,4063232,GET,false,633.994
2177,262144,GET,true,130.328
2178,2252,GET,true,22.468
2179,51298304,GET,true,10448.841
2180,6736,GET,true,20.706
2181,16384,GET,false,14.429
2182,4668,GET,false,11.336
2183,12156,GET,true,16.597
2184,16384,GET,true,488.42
2185,114688,GET,false,26.856
2186,21626880,GET,true,3545.263
2187,314081280,GET,false,48111.629
2188,314621952,GET,true,66811.918
2189,32768,GET,false,13.169
2190,10576,GET,true,18.165
2191,4476,GET,false,9.389
2192,2200,GET,true,11.642
2193,1256,GET,false,8.648
2194,7620,GET,false,9.144
2195,2628,GET,true,12.264
2196,2097152,GET,false,326.327
2197,1988,GET,true,12.832
2198,37224448,GET,false,5707.49
2199,479461376,GET,false,73439.878
2200,3044,GET,true,18.593
2201,1196032,GET,false,189.833
2202,8804,GET,false,10.856
2203,3716,GET,true,12.532
2204,7196,GET,true,13.425
2205,84213760,GET,true,15852.222
2206,2196,GET,false,16.46
2207,6744,GET,false,11.79
2208,2064,GET,false,14.376
2209,22020096,GET,true,4553.955
2210,3407872,GET,true,630.499
2211,13631488,GET,true,2384.57
2212,1520,GET,false,12.071
2213,2628,GET,false,10.892
2214,2004,GET,false,10.453
2215,447938560,GET,true,70438.741
2216,622592,GET,false,103.189
2217,6500,GET,true,24.93
2218,16384,GET,true,18.032
2219,2300,GET,false,11.225
2220,4668,GET,true,15.752
2221,21037056,GET,true,28659.624
2222,5772,GET,true,20.247
2223,97484800,GET,true,40626.029
2224,1132,GET,false,16.907
2225,7036,GET,false,13.822
2226,1212416,GET,false,192.075
2227,83918848,GET,false,12861.152
2228,2608,GET,false,12.131
2229,2608,GET,true,29.157
2230,9175040,GET,false,1416.342
2231,1523712,GET,false,239.038
2232,278528,GET,true,25626.854
2233,2060,GET,false,12.93
2234,1372,GET,false,11.764
2235,16384,GET,true,20.944
2236,147456,GET,true,75.31
2237,2628,GET,true,42.26
2238,82509824,GET,true,15714.742
2239,16728064,GET,false,2571.287
2240,77578240,GET,true,14472.033
2241,19513344,GET,false,2999.055
2242,8984,GET,true,27.286
2243,16384,GET,false,14.088
2244,4272,GET,false,12.059
2245,56475648,GET,true,12367.721
2246,2628,GET,true,18.33
2247,4080,GET,false,13.074
2248,3768320,GET,false,583.983
2249,205438976,GET,true,37777.971
2250,2212,GET,true,29.603
2251,2056,GET,false,12.882
2252,2628,GET,false,12.758
2253,107118592,GET,true,54856.627
2254,126271488,PUT,false,52648.417
2255,1372,GET,true,27.967
2256,33931264,GET,false,5203.949
2257,53395456,GET,true,32526.531
2258,16629760,GET,false,2561.233
2259,8847360,GET,true,11853.449
2260,4588,GET,false,13.272
2261,8863744,GET,true,12346.765
2262,82493440,GET,false,12644.574
2263,1372,GET,false,14.03
2264,8585216,GET,true,25964.145
2265,74760192,GET,true,13924.867
2266,573440,GET,false,96.147
2267,6720,GET,false,13.96
2268,802816,GET,false,129.07
2269,1896,GET,false,10.842
2270,6724,GET,false,12.774
2271,688128,GET,true,207.727
2272,32768,GET,false,14.851
2273,82493440,GET,false,12642.749
2274,65536,GET,true,37.268
2275,27344896,GET,true,5801.364
2276,1724,PUT,false,31.362
2277,704512,GET,false,113.988
2278,12284,GET,false,10.948
2279,1980,GET,true,16.424
2280,278528,GET,true,79.789
2281,126271488,GET,false,19350.664
2282,1152,GET,true,15.644
2283,10464,PUT,false,27.413
2284,65699840,PUT,false,19239.071
2285,2056,GET,false,16.199
2286,4997120,GET,true,7418.884
2287,2628,GET,true,24.56
2288,2628,GET,false,12.63
2289,269516800,GET,true,93224.227
2290,6728,GET,false,18.193
2291,688128,GET,false,112.429
2292,2176,GET,true,27.756
2293,82509824,GET,true,51610.331
2294,6740,GET,true,28.433
2295,2056,GET,false,14.273
2296,7476,GET,false,13.828
2297,8404992,GET,false,1314.445
2298,294912,GET,true,117.47
2299,16973824,GET,true,27446.906
2300,2208,GET,true,22.02
2301,6736,PUT,false,27.489
2302,2832,GET,false,12.677
2303,2628,GET,false,11.391
2304,32768,GET,false,13.682
2305,2628,GET,true,14.75
2306,3044,GET,false,10.784
2307,7496,PUT,false,83.254
2308,1296,GET,false,12.671
2309,12284,GET,true,19.834
2310,901120,GET,true,212.327
2311,2732,GET,true,17.712
2312,13500416,GET,false,2076.918
2313,1088,GET,false,9.926
2314,2628,GET,true,15.259
2315,6455296,GET,false,995.578
2316,2640,GET,false,10.994
2317,262144,GET,false,46.781
2318,1228800,GET,true,285.478
2319,110067712,GET,true,24905.677
2320,2628,GET,true,14.51
2321,3044,GET,true,12.352
2322,12284,GET,true,14.559
2323,9776,GET,false,10.047
2324,6708,GET,false,9.969
2325,6728,GET,false,9.418
2326,1132,GET,false,10.069
2327,458752,GET,false,77.754
2328,2056,GET,false,10.078
2329,245760,GET,true,82.748
2330,4080,GET,true,38.317
2331,5956,GET,false,10.886
2332,19070976,PUT,false,5839.391
2333,262144,GET,true,7027.2
2334,2628,GET,true,15.814
2335,15351808,GET,true,2976.517
2336,4380,GET,true,15.848
2337,1564,GET,true,12.851
2338,7364,GET,false,9.717
2339,360448,PUT,false,139.78
2340,7180,GET,true,13.955
2341,2404,GET,true,12.521
2342,1356,GET,false,9.644
2343,6584,GET,true,12.303
2344,1372,GET,true,11.247
2345,1028,GET,false,9.358
2346,4724,GET,true,12.626
2347,1132,GET,false,6.545
2348,32768,GET,false,11.554
2349,16629760,GET,false,2556.686
2350,2200,GET,true,12.289
2351,102432768,GET,true,40125.849
2352,6728,GET,true,33.679
2353,1128,GET,true,20.429
2354,5236,GET,false,14.864
2355,2344,GET,true,16.252
2356,2260,GET,true,15.714
2357,15351808,GET,false,2360.785
2358,23183360,GET,false,3561.683
2359,1624,GET,true,19.243
2360,94830592,GET,true,20265.635
2361,3396,GET,false,12.888
2362,5420,GET,false,11.149
2363,1984,GET,false,11.705
2364,53641216,GET,true,9211.28
2365,9544,GET,false,14.018
2366,101859328,PUT,false,30503.057
2367,3571712,GET,true,725.541
2368,245760,GET,true,100.055
2369,1584,GET,true,38.476
2370,82493440,GET,false,12645.362
2371,1980,GET,false,13.676
2372,16384,GET,false,14.568
2373,6740,GET,true,25.114
2374,4592,GET,true,14.833
2375,12988,GET,true,16.771
2376,819200,GET,true,282.988
2377,2628,GET,true,16.992
2378,1156,GET,false,12.377
2379,1916928,GET,true,13244.75
2380,2628,GET,true,17.852
2381,137396224,GET,true,28439.499
2382,1152,GET,false,21.31
2383,2428,GET,true,29.025
2384,1114112,GET,true,235.479
2385,2252,GET,true,18.978
2386,2628,GET,false,12.076
2387,5236,GET,true,15.812
2388,2628,GET,true,19.351
2389,8273920,GET,true,1597.081
2390,3268,GET,false,12.462
2391,6736,GET,false,13.422
2392,3252,GET,true,17.763
2393,123404288,GET,true,57248.054
2394,65699840,PUT,false,31625.971
2395,80691200,GET,false,12381.345
2396,28196864,GET,false,4330.298
2397,2628,GET,true,25.885
2398,6720,GET,false,12.903
2399,1900544,GET,true,373.439
2400,2604,GET,false,12.364
2401,2608,GET,false,11.864
2402,8323072,GET,true,1457.843
2403,1916928,GET,true,768.46
2404,294912,GET,false,52.192
2405,82493440,GET,false,12645.613
2406,36552704,GET,true,29694.765
2407,311296,GET,false,56.62
2408,10576,GET,false,13.831
2409,1476,GET,false,14.654
2410,82493440,GET,false,12644.38
2411,1372,GET,false,12.968
2412,2996,GET,false,11.969
2413,819200,GET,false,131.877
2414,2628,GET,false,11.108
2415,16384,GET,false,12.275
2416,2608,GET,false,11.407
2417,9027584,GET,false,1408.665
2418,2304,GET,true,24.689
2419,2056,GET,false,12.906
2420,76365824,PUT,false,23005.186
2421,2740,GET,true,30.506
2422,7488,GET,false,15.518
2423,2056,GET,false,11.12
2424,5708,GET,true,15.351
2425,7241728,PUT,false,2159.578
2426,458752,PUT,false,149.871
2427,2056,GET,false,11.833
2428,1372,GET,true,15.121
2429,1080,GET,false,11.153
2430,1828,GET,false,10.789
2431,2832,GET,false,10.463
2432,2056,GET,false,10.804
2433,16384,GET,false,12.775
2434,28475392,GET,true,29383.774
2435,8260,GET,true,22.5
2436,3884,GET,false,14.61
2437,2060,GET,false,12.109
2438,1804,GET,true,14.057
2439,8784,GET,false,12.078
2440,229359616,GET,false,35134.268
2441,1368,GET,false,10.999
2442,2097152,GET,false,326.634
2443,1916928,GET,false,299.452
2444,26443776,GET,true,4363.827
2445,19152896,GET,true,3198.953
2446,2344,GET,false,11.727
2447,4592,GET,true,16.191
2448,70549504,GET,false,10814.666
2449,3044,GET,true,15.472
2450,2628,GET,false,10.861
2451,819200,GET,true,25399.895
2452,278528,GET,true,89.441
2453,6912,GET,true,15.816
2454,6864896,GET,true,26340.83
2455,655360,GET,true,159.128
2456,6736,GET,true,15.186
2457,5212,GET,true,14.791
2458,12284,GET,false,10.845
2459,1896,GET,false,10.309
2460,1772,GET,false,9.787
2461,109690880,GET,true,25248.508
2462,2056,GET,true,14.781
2463,7900,PUT,false,28.787
2464,2628,GET,true,14.138
2465,2628,GET,false,9.225
2466,237371392,GET,false,36363.314
2467,15777792,GET,false,2422.837
2468,3555328,GET,true,667.294
2469,2056,GET,true,12.759
2470,1900544,GET,true,365.8
2471,3220,GET,false,8.984
2472,6724,GET,true,13.236
2473,294912,GET,false,50.086
2474,62308352,GET,false,9549.644
2475,2310144,GET,true,462.313
2476,327680,GET,false,55.498
2477,2628,GET,true,12.639
2478,1132,GET,false,8.978
2479,2056,GET,true,11.644
2480,12284,GET,true,12.967
2481,6912,GET,true,11.63
2482,6728,GET,true,12.318
2483,8784,GET,true,13.398
2484,2060,GET,false,8.796
2485,1916928,GET,false,298.624
2486,2628,GET,true,11.314
2487,81920,GET,false,17.861
2488,10764288,GET,true,1888.471
2489,6736,GET,true,14.89
2490,128172032,GET,false,19640.014
2491,1316,GET,true,13.675
2492,19070976,PUT,false,5620.744
2493,32768,GET,true,19.915
2494,64471040,GET,true,24528.437
2495,1364,GET,true,14.569
2496,1324,GET,true,12.149
2497,163840,GET,true,65.091
2498,1860,GET,true,33.325
2499,4496,GET,true,14.255
2500,3480,GET,true,13.641
2501,1372,GET,true,11.049
2502,2056,GET,true,12.678
2503,15632,GET,false,10.844
2504,2056,GET,false,9.115
2505,12284,GET,true,12.994
2506,3868,GET,false,8.424
2507,16384,GET,true,13.888
2508,1277952,GET,false,201.409
2509,6724,GET,false,9.546
2510,1988,GET,false,9.05
2511,27869184,GET,true,5937.518
2512,61161472,GET,false,9374.619
2513,16384,GET,false,10.872
2514,1276,GET,true,17.449
2515,2404,GET,false,8.894
2516,245760,GET,false,43.328
2517,3436,GET,false,8.528
2518,49152,GET,false,13.487
2519,1520,GET,false,8.872
2520,6720,GET,false,8.737
2521,67010560,GET,false,10271.004
2522,1420,PUT,false,22.681
2523,2056,GET,true,13.144
2524,148471808,GET,false,22744.855
2525,163233792,GET,true,33210.276
2526,6720,GET,true,30.135
2527,14636,GET,true,17.997
2528,4684,GET,true,14.928
2529,1800,GET,true,15.539
2530,16384,GET,true,17.489
2531,8248,GET,true,14.917
2532,1152,GET,false,12.258
2533,16187392,GET,false,2490.798
2534,2628,GET,true,18.115
2535,2744,PUT,false,29.46
2536,186712064,GET,true,33824.201
2537,6720,GET,true,27.894
2538,2192,GET,false,14.862
2539,1460,GET,true,14.886
2540,2342912,GET,true,439.572
2541,2628,GET,false,11.093
2542,2632,GET,true,15.683
2543,2628,GET,true,13.872
2544,4358144,PUT,false,1159.116
2545,1376,GET,true,15.171
2546,13910016,GET,true,2394.02
2547,82493440,GET,false,12641.273
2548,5232,GET,false,12.747
2549,182272000,GET,false,27924.952
2550,2208,GET,false,9.311
2551,16384,GET,false,11.476
2552,6748,PUT,false,26.243
2553,4680,PUT,false,21.538
2554,18513920,GET,true,3113.273
2555,8437760,GET,false,1297.87
2556,2620,GET,true,13.477
2557,2628,GET,false,9.095
2558,32768,GET,false,12.617
2559,7856,GET,false,9.738
2560,12845056,GET,true,2608.113
2561,835584,GET,true,188.441
2562,7416,GET,true,15.818
2563,12156,GET,true,14.029
2564,2000,GET,true,12.216
2565,1356,GET,false,9.702
2566,25690112,GET,false,3942.444
2567,1132,GET,true,13.722
2568,1916928,GET,true,1060.305
2569,2056,GET,true,15.278
2570,409600,GET,false,68.065
2571,84803584,GET,false,12994.397
2572,3833856,GET,true,827.955
2573,147456,GET,true,62.432
2574,5184,GET,true,34.785
2575,2628,GET,false,11.863
2576,8320,GET,true,19.869
2577,6664,GET,false,8.891
2578,1372,GET,true,11.35
2579,8836,GET,true,13.357
2580,884736,GET,true,649.867
2581,50413568,PUT,false,13797.455
2582,27279360,GET,true,4635.592
2583,2612,GET,false,14.123
2584,29949952,GET,false,4594.385
2585,12284,GET,false,14.714
2586,6824,GET,false,12.514
2587,2113536,GET,true,414.912
2588,2628,GET,true,20.2
2589,7416,GET,true,20.896
2590,2056,GET,true,14.331
2591,6716,GET,true,14.376
2592,2208,GET,true,13.986
2593,5992,PUT,false,27.057
2594,82493440,GET,false,12641.404
2595,2056,GET,true,15.443
2596,1480,GET,false,9.827
2597,2144,GET,false,10.928
2598,868352,GET,false,139.041
2599,2342912,PUT,false,655.14
2600,16384,GET,false,13.622
2601,4680,GET,false,10.352
2602,2208,GET,true,14.725
2603,1500,GET,false,11.027
2604,1420,GET,true,12.029
2605,5236,GET,true,13.206
2606,1420,GET,false,10.596
2607,1896,GET,false,8.915
2608,163840,GET,true,64.864
2609,1132,GET,true,32.181
2610,2828,GET,true,16.38
2611,1740,GET,true,12.9
2612,2196,GET,true,12.578
2613,9292,GET,false,11.723
2614,4680,GET,true,12.374
2615,589824,GET,true,133.977
2616,1420,GET,true,12.573
2617,2044,PUT,false,20.487
2618,66715648,GET,true,10710.273
2619,1532,GET,false,13.327
2620,1064960,GET,true,257.453
2621,4524,GET,false,11.341
2622,38322176,GET,false,5901.737
2623,2310144,GET,false,359.572
2624,2056,PUT,false,27.939
2625,1982464,GET,false,310.619
2626,128548864,GET,false,19696.211
2627,1368,GET,false,11.449
2628,1368,GET,true,16.874
2629,1364,GET,false,10.386
2630,82509824,PUT,false,30635.814
2631,7168,GET,true,30.457
2632,63488000,GET,true,22076.875
2633,163840,GET,true,98.777
2634,5619712,GET,true,13297.337
2635,1132,PUT,false,69.456
2636,1032192,GET,false,165.396
2637,8060928,GET,true,1517.939
2638,8060928,GET,false,1246.274
2639,14991360,GET,true,2587.921
2640,65536,GET,true,31.965
2641,7847936,GET,true,1531.713
2642,4072,GET,false,12.953
2643,16384,GET,true,18.712
2644,19152896,GET,false,2944.085
2645,262144,GET,false,46.725
2646,4592,GET,true,15.902
2647,2012,GET,true,15.161
2648,1076,GET,true,14.031
2649,16384,GET,false,12.024
2650,5932,GET,false,11.584
2651,1560,GET,true,13.9
2652,1408,GET,false,12.413
2653,1152,GET,false,11.243
2654,671744,GET,false,109.494
2655,41910272,GET,true,8452.322
2656,3044,GET,true,18.885
2657,49807360,GET,true,8784.036
2658,16384,GET,false,13.918
2659,7212,GET,false,11.238
2660,12284,GET,false,12.171
2661,1500,GET,false,9.354
2662,21037056,GET,true,3509.841
2663,294912,GET,false,51.681
2664,163840,GET,true,78.524
2665,76300288,GET,true,12042.158
2666,16384,GET,false,20.672
2667,1327104,GET,true,650.927
2668,6897664,GET,true,13958.107
2669,4940,GET,true,35.941
2670,5488,GET,false,25.358
2671,1916928,GET,false,301.382
2672,6732,GET,true,18.363
2673,9588,GET,true,17.701
2674,475136,GET,false,79.838
2675,4812,GET,true,16.016
2676,3900,GET,true,17.688
2677,2628,GET,true,14.095
2678,12820,GET,true,16.493
2679,589824,GET,true,147.4
2680,6480,GET,false,14.24
2681,9338880,GET,false,1452.837
2682,9142272,GET,true,1633.296
2683,15368192,GET,false,2369.012
2684,244334592,GET,true,47107.743
2685,196608,GET,true,50.236
2686,13840,GET,false,12.196
2687,316375040,GET,true,58055.172
2688,1228800,GET,true,248.688
2689,3412,GET,true,15.034
2690,9128,GET,false,10.436
2691,39337984,GET,false,6032.819
2692,2640,GET,false,8.171
2693,1015808,GET,false,162.289
2694,33783808,GET,true,6151.743
2695,294912,GET,true,728.277
2696,82493440,PUT,false,34677.507
2697,2628,GET,true,31.208
2698,58015744,GET,true,33205.705
2699,1720,GET,true,35.842
2700,57769984,GET,false,8857.747
2701,2628,GET,true,19.044
2702,278528,GET,false,49.742
2703,9584,GET,false,12.192
2704,100810752,GET,true,24857.489
2705,196608,GET,false,36.725
2706,114688,GET,false,24.059
2707,45940736,GET,false,7042.92
2708,21659648,GET,false,3323.773
2709,1584,GET,false,11.92
2710,2620,GET,true,15.234
2711,2048,GET,false,10.108
2712,13296,GET,true,15.557
2713,491520,GET,true,723.922
2714,14988,GET,false,12.258
2715,1192,GET,false,10.104
2716,1064960,GET,true,12091.061
2717,2097152,GET,false,327.206
2718,1132,GET,true,14.095
2719,1132,GET,false,8.111
2720,1772,GET,false,10.255
2721,6604,GET,false,9.861
2722,14237696,GET,true,2996.635
2723,25640960,GET,false,3933.365
2724,4259840,GET,true,753.807
2725,819200,GET,false,138.459
2726,2628,GET,true,14.369
2727,2080768,GET,false,325.044
2728,2628,GET,true,12.352
2729,2628,GET,false,10.336
2730,6932,GET,false,9.85
2731,1712,GET,true,12.167
2732,16973824,GET,true,3222.301
2733,5648,GET,true,14.304
2734,32768,GET,false,12.526
2735,21692416,GET,false,3337.098
2736,6111232,GET,false,942.662
2737,12156,GET,true,15.246
2738,1788,GET,false,8.95
2739,4756,GET,true,12.384
2740,1156,GET,true,11.566
2741,83935232,GET,true,36591.635
2742,2628,GET,true,38.925
2743,13448,GET,false,16.666
2744,12284,GET,true,18.117
2745,3211264,GET,true,12467.386
2746,262144,GET,true,86.27
2747,1425408,GET,false,225.306
2748,8320,GET,false,12.609
2749,46891008,GET,true,10396.901
2750,12820,GET,true,20.302
2751,19152896,GET,false,2947.703
2752,622592,GET,true,148.641
2753,1048576,GET,false,166.468
2754,90095616,GET,false,13805.798
2755,314621952,GET,true,65250.245
2756,84246528,GET,false,12911.627
2757,16384,GET,false,11.533
2758,99467264,GET,true,18599.081
2759,12284,GET,true,32.935
2760,1372,GET,false,13.963
2761,9633792,GET,true,27304.797
2762,4652,GET,false,13.607
2763,16384,GET,true,18.762
2764,2608,GET,true,13.812
