0,2628,GET,true,5.983
1,1368,GET,true,5.187
2,5948,GET,true,6.235
3,3896,GET,true,5.836
4,16384,GET,true,7.225
5,25640960,GET,true,3934.527
6,1836,GET,true,5.298
7,22609920,GET,true,4043.245
8,5648,GET,true,6.421
9,1388,GET,true,4.492
10,1132,GET,true,4.266
11,2056,GET,true,5.045
12,11120,GET,true,7.256
13,2056,GET,true,5.116
14,2196,GET,true,4.584
15,5420,GET,true,6.297
16,1835008,GET,true,697.873
17,2228224,PUT,false,1211.812
18,19070976,GET,true,3493.936
19,1372,GET,true,4.59
20,2876,GET,true,5.608
21,7984,GET,true,6.22
22,16384,GET,true,8.164
23,4898816,GET,true,772.96
24,15826944,GET,true,2978.637
25,1292,GET,true,4.599
26,5232,PUT,false,31.338
27,2832,GET,true,4.793
28,2628,GET,true,5.588
29,2632,GET,true,4.87
30,458752,GET,true,83.09
31,688128,PUT,false,328.953
32,5420,GET,true,5.403
33,12156,GET,true,6.858
34,2628,GET,true,5.297
35,1372,GET,true,4.571
36,8585216,PUT,false,3997.05
37,82493440,GET,true,12645.444
38,1292,PUT,false,30.926
39,1744,PUT,false,27.253
40,15716,GET,true,8.565
41,1392640,GET,true,229.806
42,314654720,PUT,false,155992.593
43,1336,GET,true,6.351
44,147456,GET,true,32.191
45,16172,GET,true,8.533
46,23478272,GET,true,3602.116
47,1916928,GET,true,712.645
48,1753088,PUT,false,814.877
49,2628,GET,true,5.823
50,95813632,GET,true,14680.535
51,99876864,GET,true,15303.735
52,6728,GET,true,6.92
53,1776,GET,true,5.358
54,82509824,GET,true,12647.945
55,2628,GET,true,5.268
56,5136,GET,true,6.098
57,74891264,GET,true,12034.89
58,1032,GET,true,4.892
59,16384,GET,true,7.571
60,5420,GET,true,5.74
61,2628,GET,true,5.148
62,25034752,PUT,false,12046.031
63,16384,GET,true,8.622
64,1900,GET,true,4.803
65,6756,GET,true,5.784
66,1492,GET,true,4.753
67,11368,GET,true,7.12
68,16384,GET,true,7.732
69,6012928,GET,true,1323.853
70,18825216,GET,true,3445.345
71,278528,GET,true,54.718
72,6720,GET,true,7.269
73,32768,GET,true,10.448
74,2056,GET,true,5.151
75,2824,GET,true,5.207
76,51576832,GET,true,8456.605
77,74366976,PUT,false,36647.898
78,13910016,GET,true,2136.71
79,2605056,GET,true,404.583
80,4592,GET,true,6.028
81,13484032,GET,true,2075.454
82,6316,GET,true,6.639
83,16068,PUT,false,15.242
84,54394880,GET,true,8893.514
85,61063168,GET,true,9381.167
86,196608,GET,true,39.057
87,1152,GET,true,4.301
88,61030400,GET,true,9914.698
89,373112832,GET,true,57152.902
90,5236,GET,true,6.96
91,7880704,GET,true,1609.405
92,64733184,GET,true,9937.522
93,5062656,GET,true,1172.827
94,66945024,GET,true,10269.742
95,1132,GET,true,4.7
96,1788,GET,true,5.075
97,1388,GET,true,4.353
98,2628,GET,true,4.799
99,16384,GET,true,8.606
100,122093568,PUT,false,60346.228
101,12156,GET,true,8.476
102,983040,GET,true,173.984
103,49152,GET,true,13.954
104,6720,GET,true,5.974
105,1156,GET,true,4.5
106,13972,GET,true,8.661
107,884736,PUT,false,413.558
108,82509824,GET,true,13199.09
109,32768,GET,true,10.782
110,2212,GET,true,4.439
111,61014016,GET,true,9350.908
112,1428,GET,true,4.629
113,81920,GET,true,19.794
114,1372,GET,true,4.588
115,1376,GET,true,4.809
116,589824,GET,true,111.638
117,2628,GET,true,4.993
118,3220,GET,true,5.578
119,2056,GET,true,4.567
120,1372,GET,true,4.282
121,2628,GET,true,4.98
122,7900,GET,true,6.335
123,1900544,GET,true,333.366
124,8260,GET,true,6.052
125,22609920,GET,true,3487.557
126,2748,GET,true,4.725
127,100073472,GET,true,15333.383
128,18530304,GET,true,3397.411
129,2628,GET,true,5.732
130,1080,GET,true,4.609
131,16629760,GET,true,3103.969
132,1156,GET,true,5.509
133,16068,GET,true,8.245
134,8120,GET,true,6.233
135,76365824,GET,true,12263.127
136,34455552,GET,true,5298.31
137,1620,GET,true,5.267
138,5455872,GET,true,1244.987
139,1988,GET,true,4.915
140,2628,GET,true,4.617
141,12284,GET,true,6.94
142,41893888,GET,true,6971.855
143,10348,GET,true,7.42
144,82493440,GET,true,12648.248
145,5232,GET,true,6.669
146,2056,GET,true,4.998
147,82493440,GET,true,12642.77
148,83574784,GET,true,12807.395
149,13058048,GET,true,2559.828
150,10649600,GET,true,1656.465
151,479412224,GET,true,73457.598
152,6716,GET,true,27.699
153,2056,GET,true,6.531
154,17186816,GET,true,2656.296
155,6740,PUT,false,29.13
156,16384,GET,true,9.176
157,1824,GET,true,6.151
158,6728,GET,true,7.135
159,147456,GET,true,32.691
160,2628,GET,true,5.432
161,6792,PUT,false,18.052
162,1376,GET,true,5.768
163,44220416,GET,true,6781.729
164,2608,GET,true,7.386
165,2196,GET,true,6.365
166,1372,GET,true,4.998
167,16384,GET,true,9.231
168,2628,GET,true,6.294
169,180224,GET,true,37.586
170,1376,GET,true,4.68
171,1192,GET,true,5.813
172,82493440,GET,true,12646.602
173,2523136,GET,true,797.326
174,2064384,GET,true,730.068
175,22102016,GET,true,3408.747
176,2608,GET,true,6.351
177,16384,GET,true,9.047
178,84525056,GET,true,12969.934
179,2628,GET,true,6.596
180,6780,GET,true,7.332
181,14188544,GET,true,2734.215
182,2056,GET,true,6.702
183,7476,GET,true,7.763
184,8060928,GET,true,1270.952
185,1368,GET,true,5.511
186,6724,GET,true,7.493
187,2056,PUT,false,14.679
188,67092480,GET,true,10851.766
189,2572288,GET,true,400.542
190,1188,GET,true,5.533
191,2097152,GET,true,733.584
192,15974400,GET,true,2453.044
193,163840,GET,true,34.127
194,16384,GET,true,7.489
195,16384,GET,true,8.245
196,7360,GET,true,6.377
197,16384,GET,true,8.003
198,2628,GET,true,5.326
199,5420,GET,true,6.527
200,7180,GET,true,6.875
201,51200000,GET,true,8392.233
202,4524,GET,true,7.184
203,3248,GET,true,5.44
204,802816,GET,true,145.847
205,2256,GET,true,5.212
206,1308,GET,true,5.2
207,1372,GET,true,4.631
208,1244,GET,true,4.127
209,1132,GET,true,4.568
210,2056,GET,true,4.829
211,2208,GET,true,4.782
212,1244,GET,true,3.747
213,2360,GET,true,5.091
214,6740,PUT,false,16.406
215,7416,GET,true,6.39
216,2056,GET,true,4.567
217,4688,GET,true,6.348
218,2056,GET,true,5.408
219,5136,GET,true,5.971
220,27017216,GET,true,4700.038
221,67092480,GET,true,10837.192
222,6728,GET,true,7.07
223,884736,GET,true,160.689
224,294912,GET,true,58.866
225,278528,GET,true,55.141
226,1804,GET,true,5.147
227,12264,GET,true,7.452
228,18202624,GET,true,2808.509
229,6908,GET,true,6.595
230,2056,GET,true,5.081
231,3376,GET,true,5.386
232,36995072,GET,true,5671.806
233,2506752,GET,true,421.919
234,1835008,GET,true,286.738
235,84459520,GET,true,12946.453
236,2628,GET,true,5.626
237,2000,GET,true,4.92
238,2632,GET,true,5.895
239,10010624,GET,true,1551.459
240,2000,PUT,false,15.918
241,12845056,GET,true,1988.065
242,6460,GET,true,6.356
243,2736,GET,true,5.028
244,12156,GET,true,7.369
245,2364,GET,true,5.4
246,2000,PUT,false,15.933
247,2056,GET,true,5.293
248,2192,GET,true,5.261
249,6736,GET,true,6.155
250,1420,GET,true,4.883
251,2628,GET,true,5.117
252,2628,GET,true,4.814
253,2344,GET,true,5.747
254,32768,GET,true,10.716
255,16384,GET,true,6.806
256,6111232,GET,true,941.218
257,2604,GET,true,5.469
258,2056,PUT,false,15.198
259,13090816,GET,true,2014.375
260,82509824,GET,true,12648.052
261,6708,GET,true,7.143
262,2040,GET,true,5.201
263,24608768,GET,true,3780.877
264,1820,GET,true,5.173
265,82493440,PUT,false,40759.068
266,2216,GET,true,7.424
267,1800,GET,true,4.947
268,2129920,GET,true,331.628
269,1780,PUT,false,16.355
270,16384,GET,true,8.992
271,33505280,GET,true,5142.5
272,2212,GET,true,5.707
273,19152896,GET,true,2939.658
274,1132,PUT,false,15.969
275,1436,GET,true,4.33
276,16384,GET,true,7.66
277,6708,GET,true,6.489
278,2224,PUT,false,14.398
279,1800,GET,true,4.488
280,1240,GET,true,4.854
281,43171840,GET,true,6618.26
282,1132,GET,true,4.625
283,1508,GET,true,4.757
284,22102016,GET,true,3390.439
285,6536,PUT,false,17.938
286,43171840,GET,true,6618.855
287,4684,GET,true,6.708
288,4576,GET,true,6.22
289,8585216,GET,true,1321.393
290,11010048,GET,true,1711.003
291,1128,GET,true,4.436
292,19070976,PUT,false,8952.434
293,6724,GET,true,6.749
294,2628,GET,true,5.113
295,12284,GET,true,8.268
296,1156,GET,true,5.897
297,1988,GET,true,4.898
298,2996,GET,true,5.454
299,8040,GET,true,7.776
300,4684,GET,true,5.676
301,19070976,GET,true,2942.986
302,1772,GET,true,5.82
303,479461376,GET,true,73441.085
304,5420,GET,true,6.152
305,1980,GET,true,6.068
306,6720,GET,true,6.321
307,1336,GET,true,4.924
308,1236,GET,true,4.079
309,10764288,GET,true,1671.675
310,2097152,GET,true,756.333
311,2252,GET,true,6.62
312,1040,GET,true,4.352
313,2628,GET,true,7.383
314,1980,GET,true,5.018
315,1064960,GET,true,196.571
316,163840,GET,true,33.652
317,42483712,GET,true,6514.423
318,9292,GET,true,6.972
319,2208,GET,true,4.739
320,1460,GET,true,4.38
321,1152,GET,true,4.914
322,2252,GET,true,5.226
323,163840,GET,true,35.36
324,65536,GET,true,16.505
325,9544,GET,true,6.253
326,4752,GET,true,5.624
327,6720,GET,true,6.589
328,3004,GET,true,5.775
329,3020,GET,true,5.788
330,1528,GET,true,4.619
331,819200,GET,true,151.064
332,7120,GET,true,6.979
333,139378688,GET,true,21367.938
334,16384,PUT,false,21.086
335,44056576,GET,true,6768.312
336,1460,GET,true,4.916
337,1500,GET,true,4.515
338,72679424,GET,true,11148.435
339,8248,GET,true,7.937
340,1128,GET,true,3.594
341,12156,GET,true,7.153
342,2056,GET,true,5.04
343,2832,GET,true,5.666
344,1132,PUT,false,14.747
345,82493440,GET,true,12641.657
346,65536,GET,true,16.35
347,2996,GET,true,6.044
348,4524,GET,true,5.825
349,4680,GET,true,5.508
350,1388,GET,true,5.015
351,4708,GET,true,6.076
352,1504,GET,true,4.893
353,30523392,GET,true,4681.309
354,1988,GET,true,5.614
355,79560704,GET,true,12211.616
356,1916928,GET,true,336.469
357,46891008,GET,true,7196.53
358,6748,GET,true,7.361
359,2572288,GET,true,399.85
360,29949952,GET,true,4593.628
361,4688,GET,true,7.298
362,4688,GET,true,5.104
363,2628,GET,true,4.944
364,3244,GET,true,5.429
365,2996,GET,true,5.256
366,1536,GET,true,5.071
367,690372608,GET,true,105742.386
368,32768,GET,true,11.788
369,4164,GET,true,6.492
370,16384,GET,true,7.524
371,1277952,GET,true,213.118
372,1624,GET,true,4.85
373,92979200,GET,true,14264.523
374,1152,GET,true,5.013
375,10576,GET,true,6.903
376,22822912,GET,true,3519.324
377,314081280,GET,true,48111.606
378,2628,GET,true,5.646
379,2628,GET,true,5.142
380,7676,GET,true,7.772
381,3044,GET,true,5.822
382,2628,GET,true,5.616
383,54394880,GET,true,8345.603
384,16384,GET,true,8.525
385,2628,GET,true,5.177
386,11692,GET,true,7.356
387,1932,GET,true,5.281
388,1128,GET,true,3.982
389,1900544,GET,true,296.862
390,1356,GET,true,4.894
391,7676,GET,true,6.081
392,2200,GET,true,4.83
393,82493440,GET,true,12641.289
394,30883840,GET,true,4756.957
395,2056,GET,true,5.28
396,1068,GET,true,4.742
397,82493440,GET,true,12645.683
398,2608,GET,true,5.845
399,1728,GET,true,4.948
400,1348,PUT,false,15.23
401,2628,GET,true,4.914
402,11943936,GET,true,2400.742
403,4128768,GET,true,638.914
404,1128,GET,true,4.572
405,16384,GET,true,8.247
406,16384,GET,true,7.491
407,1228800,GET,true,211.414
408,2964,GET,true,5.689
409,1900544,GET,true,297.181
410,360448,GET,true,67.83
411,606208,GET,true,114.867
412,1372,GET,true,4.28
413,1356,GET,true,4.844
414,6608,GET,true,6.96
415,7248,GET,true,6.823
416,1228800,GET,true,206.422
417,1256,GET,true,4.968
418,163840,GET,true,33.548
419,2628,GET,true,4.451
420,2600,GET,true,5.196
421,63848448,GET,true,9785.722
422,129925120,GET,true,19916.523
423,1160,GET,true,4.806
424,16384,GET,true,8.118
425,1256,GET,true,5.087
426,12284,GET,true,7.104
427,46891008,GET,true,7199.718
428,83918848,GET,true,13408.291
429,12392,GET,true,7.66
430,950272,GET,true,174.085
431,92979200,GET,true,14808.008
432,2632,GET,true,6.054
433,150093824,GET,true,23002.941
434,4684,GET,true,6.39
435,42336256,GET,true,7063.476
436,52477952,GET,true,8044.18
437,6580,GET,true,7.059
438,12156,GET,true,6.311
439,109051904,GET,true,16709.339
440,16384,GET,true,7.668
441,16384,GET,true,7.034
442,2344,GET,true,5.552
443,10862592,GET,true,1683.989
444,2584,GET,true,5.633
445,1520,GET,true,4.426
446,671744,GET,true,123.79
447,16629760,GET,true,2566.734
448,770048,GET,true,140.366
449,1212416,GET,true,204.897
450,1988,GET,true,4.836
451,35487744,GET,true,5453.584
452,2628,GET,true,5.022
453,4580,GET,true,6.334
454,7536640,GET,true,1167.991
455,2310144,GET,true,360.072
456,3220,GET,true,6.124
457,10196,GET,true,6.29
458,1232,GET,true,4.615
459,3024,GET,true,5.155
460,1064960,GET,true,191.323
461,3940,GET,true,5.599
462,2056,GET,true,4.293
463,12284,GET,true,8.746
464,1316,GET,true,4.695
465,2628,GET,true,4.257
466,16384,GET,true,8.78
467,1148,GET,true,4.239
468,2628,GET,true,4.969
469,96550912,GET,true,14794.199
470,51281920,GET,true,7864.062
471,23887872,GET,true,3687.594
472,278528,GET,true,54.479
473,1916928,GET,true,299.413
474,5455872,GET,true,857.496
475,1152,GET,true,4.747
476,18513920,GET,true,2842.964
477,2996,GET,true,5.142
478,2628,GET,true,4.827
479,2256,GET,true,4.502
480,2340,GET,true,4.471
481,1368,GET,true,4.467
482,1156,GET,true,4.424
483,1179648,GET,true,219.441
484,1327104,GET,true,219.873
485,2824,GET,true,5.28
486,819200,GET,true,151.937
487,327680,GET,true,61.486
488,7847936,GET,true,1227.629
489,6078464,GET,true,937.269
490,8060928,GET,true,1272.618
491,983040,GET,true,182.411
492,2812,GET,true,5.312
493,73416704,GET,true,11250.872
494,868352,GET,true,164.301
495,11714560,GET,true,1819.195
496,38699008,PUT,false,18710.607
497,2628,GET,true,5.692
498,163840,GET,true,34.083
499,18874368,GET,true,2915.238
500,1144,PUT,false,10.473
501,5232,GET,true,5.934
502,4500,PUT,false,11.357
503,10747904,GET,true,1669.236
504,4708,GET,true,6.313
505,12156,GET,true,8.415
506,10764288,GET,true,1670.908
507,983040,GET,true,183.732
508,16384,GET,true,7.495
509,4500,GET,true,6.546
510,2604,GET,true,4.908
511,9388032,GET,true,1443.982
512,16384,GET,true,9.403
513,4080,GET,true,5.659
514,196493312,GET,true,30114.577
515,6932,GET,true,7.371
516,11517952,GET,true,1778.964
517,262144,GET,true,50.627
518,819200,GET,true,149.34
519,12284,GET,true,6.56
520,109051904,GET,true,16719.1
521,278528,GET,true,54.192
522,29065216,GET,true,4461.416
523,4260,GET,true,6.399
524,22282240,GET,true,3442.31
525,1996,GET,true,5.353
526,819200,GET,true,151.237
527,2628,GET,true,4.373
528,1156,GET,true,4.253
529,671744,GET,true,124.228
530,3424,GET,true,5.521
531,6455296,GET,true,995.065
532,2824,GET,true,5.093
533,3063808,GET,true,475.607
534,2632,GET,true,5.399
535,6932,GET,true,6.467
536,3342336,GET,true,517.503
537,2080768,GET,true,324.765
538,84295680,GET,true,12933.842
539,163840,GET,true,35.516
540,2628,GET,true,4.727
541,2072,GET,true,4.725
542,2056,PUT,false,10.646
543,70533120,GET,true,10820.957
544,16384,GET,true,8.185
545,131072,GET,true,29.03
546,2056,PUT,false,10.467
547,58015744,GET,true,8904.736
548,6111232,GET,true,957.551
549,1152,GET,true,4.375
550,2552,GET,true,5.237
551,3044,GET,true,5.181
552,4340,GET,true,5.406
553,1179648,GET,true,202.89
554,7084,GET,true,6.909
555,4164,GET,true,6.127
556,163840,GET,true,34.804
557,2628,GET,true,4.658
558,4252,GET,true,5.899
559,22282240,GET,true,3418.944
560,7476,GET,true,7.464
561,4172,GET,true,5.88
562,8264,GET,true,6.706
563,32768,GET,true,11.377
564,191496192,GET,true,29335.914
565,1156,GET,true,5.457
566,6736,GET,true,7.011
567,4704,GET,true,5.995
568,2416,GET,true,4.592
569,1146880,GET,true,212.656
570,40828928,GET,true,6276.842
571,16004,GET,true,7.77
572,21970944,GET,true,3373.462
573,1032,GET,true,4.25
574,11321344,GET,true,1749.609
575,1424,GET,true,4.574
576,4276,GET,true,5.975
577,61046784,GET,true,9356.2
578,16416768,GET,true,2521.178
579,1584,GET,true,5.03
580,111788032,GET,true,17127.524
581,2188,GET,true,6.985
582,9536,GET,true,6.873
583,3044,GET,true,4.888
584,2056,GET,true,5.13
585,1752,GET,true,4.515
586,28868608,GET,true,4427.008
587,1988,GET,true,4.332
588,163840,GET,true,33.494
589,1984,GET,true,5.067
590,1372,GET,true,4.019
591,1132,GET,true,4.396
592,111509504,GET,true,17105.682
593,2012,GET,true,5.144
594,129695744,GET,true,19870.728
595,82509824,PUT,false,40712.838
596,1036,GET,true,4.856
597,58310656,GET,true,8953.934
598,1372,GET,true,4.029
599,3112,GET,true,6.291
600,3376,GET,true,6.405
601,4868,GET,true,6.059
602,33177600,GET,true,5107.132
603,3188,GET,true,5.691
604,110231552,GET,true,16905.645
605,278528,GET,true,54.455
606,15708,GET,true,7.997
607,66994176,GET,true,10282.846
608,5236,GET,true,6.749
609,82493440,GET,true,12644.212
610,7180,GET,true,6.786
611,2608,GET,true,4.878
612,33619968,GET,true,5172.001
613,2056,GET,true,6.292
614,16384,PUT,false,518.772
615,688128,PUT,false,325.242
616,28196864,GET,true,4326.663
617,29360128,GET,true,4503.932
618,3448,GET,true,5.413
619,18481152,GET,true,2837.448
620,2812,GET,true,4.576
621,72679424,GET,true,11139.023
622,45940736,GET,true,7060.277
623,12156,GET,true,7.088
624,7008,GET,true,6.371
625,2056,GET,true,4.519
626,2056,GET,true,4.874
627,1372,GET,true,4.444
628,2056,GET,true,4.491
629,82493440,GET,true,13223.285
630,2628,GET,true,5.662
631,16384,GET,true,8.104
632,2056,GET,true,4.791
633,32768,PUT,false,22.153
634,6740,GET,true,5.703
635,13910016,GET,true,2137.086
636,458752,PUT,false,218.206
637,15056896,GET,true,2314.987
638,67092480,GET,true,10299.63
639,16384,GET,true,8.124
640,33931264,GET,true,5206.322
641,1584,GET,true,5.191
642,32768,GET,true,11.04
643,6792,GET,true,6.008
644,4708,GET,true,5.774
645,6748,GET,true,6.451
646,983040,GET,true,184.288
647,3096576,GET,true,493.294
648,2628,GET,true,4.547
649,7476,GET,true,5.815
650,1572864,GET,true,249.877
651,49496064,GET,true,7587.539
652,8126464,GET,true,1269.222
653,12284,GET,true,6.853
654,65536,GET,true,16.039
655,43499520,GET,true,6686.124
656,1372,GET,true,4.252
657,2056,GET,true,4.709
658,819200,GET,true,149.825
659,7476,GET,true,5.463
660,9544,GET,true,6.786
661,44974080,GET,true,6895.406
662,82493440,GET,true,12667.584
663,6732,GET,true,6.883
664,63291392,GET,true,9702.056
665,124272640,GET,true,19608.214
666,1982464,GET,true,310.16
667,2056,GET,true,4.279
668,4524,GET,true,5.406
669,8184,GET,true,5.89
670,2056,GET,true,5.188
671,4384,PUT,false,11.383
672,2628,GET,true,4.575
673,1244,GET,true,4.431
674,16384,GET,true,7.821
675,1448,GET,true,4.404
676,47579136,GET,true,7304.031
677,819200,GET,true,150.508
678,2056,GET,true,4.552
679,32768,GET,true,10.224
680,1584,GET,true,4.23
681,6736,GET,true,6.211
682,82493440,GET,true,13042.175
683,1372,GET,true,4.509
684,16384,GET,true,7.904
685,2056,GET,true,5.012
686,146898944,GET,true,22524.747
687,12284,GET,true,7.432
688,53510144,GET,true,8201.635
689,2628,GET,true,5.205
690,2360,GET,true,4.867
691,8040,PUT,false,12.495
692,2056,GET,true,4.987
693,2056,GET,true,4.781
694,2056,GET,true,4.888
695,2608,GET,true,4.532
696,1780,GET,true,4.217
697,1452,GET,true,4.457
698,2195456,GET,true,341.956
699,1828,GET,true,4.705
700,2097152,GET,true,326.004
701,18825216,GET,true,2906.596
702,3044,GET,true,5.255
703,2420,GET,true,4.579
704,13467648,GET,true,2072.294
705,49152,GET,true,13.825
706,311296,GET,true,59.445
707,2208,GET,true,4.713
708,23248896,GET,true,3585.607
709,1308,GET,true,4.565
710,1828,GET,true,4.367
711,12156,GET,true,7.025
712,32210944,GET,true,4939.247
713,2608,GET,true,4.563
714,2056,GET,true,5.244
715,1900,GET,true,4.579
716,237371392,GET,true,36920.81
717,2196,GET,true,5.78
718,2056,GET,true,4.929
719,82509824,GET,true,12643.686
720,60063744,GET,true,9206.628
721,2188,GET,true,5.001
722,59719680,GET,true,9191.901
723,1356,GET,true,4.516
724,148471808,GET,true,22763.227
725,82493440,GET,true,12646.244
726,6720,GET,true,7.074
727,10196,GET,true,6.218
728,2056,GET,true,4.982
729,2628,GET,true,4.39
730,3940,GET,true,5.201
731,13500416,GET,true,2078.545
732,12284,GET,true,7.27
733,82509824,GET,true,12647.416
734,12284,GET,true,7.03
735,82493440,GET,true,12645.947
736,146030592,GET,true,22372.649
737,294912,GET,true,58.516
738,1500,GET,true,4.839
739,4684,GET,true,5.877
740,479412224,GET,true,73444.114
741,20725760,GET,true,3193.492
742,4524,GET,true,7.863
743,1980,GET,true,6.306
744,380583936,GET,true,58309.398
745,2628,GET,true,5.804
746,2628,GET,true,5.189
747,1772,GET,true,5.063
748,3220,GET,true,5.131
749,7984,GET,true,7.784
750,2056,GET,true,4.391
751,8272,GET,true,7.113
752,6364,GET,true,5.473
753,65454080,GET,true,10031.92
754,66191360,GET,true,10144.635
755,3220,GET,true,5.81
756,3522560,GET,true,546.204
757,1356,GET,true,5.797
758,10576,GET,true,7.047
759,4756,GET,true,5.439
760,1336,GET,true,4.264
761,81920,GET,true,19.312
762,6864,GET,true,6.042
763,1292,GET,true,4.294
764,6720,GET,true,5.942
765,2628,GET,true,4.419
766,6724,GET,true,6.229
767,2056,GET,true,5.003
768,360448,GET,true,69.023
769,109051904,GET,true,16708.298
770,7476,GET,true,6.894
771,11714560,GET,true,2354.263
772,74366976,GET,true,11411.516
773,1696,GET,true,5.328
774,1372,GET,true,4.369
775,14388,GET,true,7.766
776,19873792,GET,true,3613.83
777,8224768,GET,true,1278.26
778,16646144,GET,true,2557.046
779,58245120,GET,true,8947.331
780,75988992,GET,true,11661.622
781,16384,GET,true,8.69
782,2560,GET,true,5.409
783,2056,GET,true,5.147
784,6732,GET,true,6.173
785,65536,PUT,false,39.34
786,4489216,GET,true,694.269
787,6736,GET,true,6.974
788,12740,GET,true,7.532
789,16384,GET,true,7.499
790,12582912,GET,true,1948.087
791,6744,GET,true,6.168
792,1372,GET,true,4.648
793,6756,GET,true,6.199
794,7488,GET,true,7.08
795,19693568,GET,true,3039.341
796,1784,GET,true,4.809
797,1780,GET,true,4.938
798,7700480,GET,true,1201.553
799,2256,GET,true,5.174
800,13500416,GET,true,2075.341
801,1294336,GET,true,216.519
802,5764,GET,true,6.21
803,12284,GET,true,6.46
804,6716,GET,true,5.818
805,82493440,GET,true,12646.388
806,82509824,GET,true,12647.55
807,671744,GET,true,123.489
808,20561920,GET,true,3175.998
809,3864,GET,true,6.152
810,6720,GET,true,6.714
811,1128,GET,true,3.878
812,1392640,GET,true,227.327
813,11157504,GET,true,2288.851
814,19251200,GET,true,2968.41
815,12284,GET,true,7.236
816,1364,GET,true,4.094
817,28770304,PUT,false,13713.484
818,4592,GET,true,6.584
819,2060,GET,true,5.232
820,163840,GET,true,34.837
821,1388,GET,true,4.435
822,2628,GET,true,5.013
823,296321024,GET,true,45391.713
824,17793024,GET,true,2732.109
825,16384,GET,true,7.953
826,2056,GET,true,4.575
827,2056,GET,true,4.488
828,11692,GET,true,7.305
829,2608,GET,true,5.036
830,12820,GET,true,7.827
831,17416192,GET,true,2690.633
832,819200,GET,true,152.593
833,1916928,GET,true,298.833
834,3457024,GET,true,534.849
835,4524,GET,true,5.869
836,1772,GET,true,4.431
837,16384,GET,true,8.124
838,2056,GET,true,5.418
839,1064960,GET,true,194.545
840,19775488,GET,true,3052.658
841,294912,GET,true,57.849
842,294912,GET,true,52.163
843,6712,GET,true,5.729
844,1368,GET,true,4.406
845,1900544,GET,true,296.741
846,2056,GET,true,5.123
847,2144,GET,true,4.997
848,24625152,GET,true,3780.872
849,9776,GET,true,6.896
850,1156,GET,true,4.535
851,82493440,GET,true,12641.81
852,36962304,GET,true,5703.702
853,5136,GET,true,6.49
854,16384,GET,true,8.104
855,2752,GET,true,6.174
856,5536,GET,true,6.643
857,215007232,GET,true,33496.5
858,5600,GET,true,6.742
859,2628,GET,true,5.331
860,82493440,GET,true,12641.614
861,25640960,GET,true,3936.024
862,12284,GET,true,7.201
863,99598336,GET,true,15276.98
864,4104,GET,true,6.496
865,3396,PUT,false,13.605
866,2628,GET,true,4.357
867,6740,GET,true,6.599
868,16384,GET,true,8.07
869,6732,GET,true,6.481
870,2628,GET,true,4.843
871,7520256,GET,true,1159.076
872,10977280,GET,true,1710.685
873,28770304,PUT,false,13707.974
874,2196,GET,true,5.296
875,5232,GET,true,6.705
876,2628,GET,true,4.82
877,12284,GET,true,7.204
878,786432,GET,true,144.394
879,2628,GET,true,5.125
880,12284,GET,true,6.722
881,2850816,GET,true,452.571
882,262144,GET,true,51.657
883,42319872,GET,true,14805.491
884,3044,GET,true,9.31
885,8863744,GET,true,1364.217
886,3368,GET,true,5.823
887,4080,GET,true,6.182
888,27672576,GET,true,4246.086
889,6724,GET,true,7.458
890,146112512,GET,true,22403.234
891,2632,GET,true,6.83
892,1152,GET,true,5.004
893,148471808,GET,true,22746.387
894,2056,GET,true,6.05
895,7584,GET,true,6.928
896,2628,GET,true,5.431
897,4688,PUT,false,15.009
898,12284,GET,true,7.452
899,16384,GET,true,7.391
900,1232,GET,true,4.997
901,1294336,GET,true,214.401
902,4680,GET,true,5.944
903,1232,GET,true,4.915
904,7180,GET,true,6.84
905,56475648,GET,true,8658.092
906,671744,GET,true,125.274
907,2112,GET,true,4.974
908,1804,GET,true,4.669
909,1032,GET,true,4.945
910,82509824,GET,true,12647.051
911,9191424,GET,true,1435.411
912,26460160,GET,true,4058.776
913,82493440,GET,true,12645.194
914,3440640,GET,true,533.897
915,2375680,GET,true,369.861
916,16384,GET,true,7.677
917,3407872,GET,true,528.175
918,14286848,GET,true,2227.657
919,1784,GET,true,5.401
920,1474560,GET,true,237.913
921,82509824,PUT,false,40590.167
922,2473984,GET,true,418.476
923,2965504,GET,true,459.736
924,5008,GET,true,6.504
925,1692,GET,true,4.801
926,2628,GET,true,4.766
927,372080640,GET,true,56999.233
928,16384,GET,true,8.817
929,2056,GET,true,4.963
930,1364,GET,true,5.083
931,26247168,GET,true,4027.663
932,4833280,GET,true,766.073
933,33210368,GET,true,5103.368
934,6732,GET,true,6.829
935,82509824,GET,true,12645.952
936,10576,GET,true,7.81
937,21692416,GET,true,3330.414
938,12845056,GET,true,1984.06
939,1988,GET,true,4.619
940,82509824,GET,true,12644.288
941,16384,GET,true,8.416
942,2224,GET,true,5.521
943,65536,GET,true,16.622
944,12156,GET,true,7.188
945,2632,GET,true,4.756
946,1156,GET,true,4.211
947,2616,GET,true,4.753
948,1356,GET,true,3.923
949,1736704,GET,true,272.273
950,2000,PUT,false,14.122
951,35094528,GET,true,5404.174
952,524288,GET,true,97.575
953,524288,GET,true,97.047
954,524288,GET,true,89.37
955,4684,GET,true,6.494
956,5700,GET,true,5.462
957,1336,GET,true,3.947
958,42319872,GET,true,6504.999
959,360448,PUT,false,174.353
960,6604,GET,true,7.174
961,1132,PUT,false,12.283
962,8840,GET,true,6.522
963,14991360,GET,true,2302.702
964,32768,GET,true,11.521
965,92979200,GET,true,14266.712
966,16384,GET,true,11.627
967,2628,GET,true,5.184
968,16384,GET,true,8.144
969,3227648,GET,true,507.744
970,1212416,GET,true,202.418
971,1760,GET,true,5.202
972,100073472,GET,true,15334.232
973,2552,GET,true,5.222
974,2752,GET,true,5.817
975,2252,GET,true,4.529
976,163840,PUT,false,83.891
977,1372,GET,true,4.474
978,2628,GET,true,5.199
979,6596,GET,true,6.04
980,2628,GET,true,4.955
981,2200,GET,true,4.441
982,3432,GET,true,5.017
983,89014272,GET,true,13656.832
984,2000,PUT,false,12.215
985,69222400,GET,true,10620.096
986,1132,GET,true,4.466
987,25346048,GET,true,3914.904
988,65536,GET,true,16.9
989,6536,GET,true,5.977
990,294912,GET,true,58.38
991,1028,GET,true,4.712
992,163840,GET,true,33.822
993,16384,GET,true,7.246
994,2628,GET,true,5.152
995,6736,PUT,false,13.58
996,1872,GET,true,4.588
997,12284,GET,true,6.781
998,4868,GET,true,5.632
999,6471680,GET,true,997.855
1000,1420,PUT,false,11.821
1001,42450944,GET,true,6508.566
1002,42450944,GET,true,6506.523
1003,81920,GET,true,19.743
1004,16384,GET,true,8.245
1005,1368,GET,true,4.444
1006,1132,GET,true,4.373
1007,2200,GET,true,4.84
1008,12861440,GET,true,1985.717
1009,4756,GET,true,5.96
1010,1624,GET,true,5.204
1011,58621952,GET,true,8999.087
1012,5772,GET,true,6.347
1013,4052,GET,true,6.239
1014,21643264,GET,true,3338.776
1015,2472,GET,true,5.86
1016,1132,GET,true,3.933
1017,7476,GET,true,6.441
1018,5236,GET,true,5.903
1019,4587520,GET,true,709.704
1020,1524,GET,true,5.443
1021,2310144,GET,true,392.862
1022,66945024,GET,true,10269.662
1023,2628,GET,true,5.653
1024,163840,GET,true,34.357
1025,163840,GET,true,31.355
1026,10576,GET,true,6.761
1027,2608,GET,true,4.645
1028,42319872,GET,true,6488.032
1029,4592,GET,true,6.403
1030,2072,GET,true,4.751
1031,13910016,GET,true,2139.568
1032,5455872,GET,true,860.405
1033,106987520,GET,true,16392.197
1034,15564800,GET,true,2390.03
1035,3336,GET,true,5.403
1036,1372,GET,true,3.933
1037,2144,GET,true,5.199
1038,16384,GET,true,7.272
1039,180600832,GET,true,27682.781
1040,1277952,GET,true,210.776
1041,49152,GET,true,14.195
1042,2608,GET,true,5.688
1043,2608,GET,true,4.748
1044,9544,GET,true,6.541
1045,1064960,GET,true,196.073
1046,3376,GET,true,5.151
1047,2260,GET,true,5.4
1048,1356,GET,true,4.084
1049,3063808,GET,true,475.119
1050,4580,GET,true,5.975
1051,16384,GET,true,7.492
1052,7416,GET,true,6.735
1053,21954560,GET,true,3385.548
1054,16384,GET,true,8.322
1055,110477312,GET,true,16926.332
1056,2144,GET,true,5.051
1057,21692416,GET,true,3348.486
1058,17743872,GET,true,2723.379
1059,262144,GET,true,54.029
1060,19054592,GET,true,2942.006
1061,4688,PUT,false,13.442
1062,51249152,GET,true,7870.547
1063,9273344,GET,true,1446.929
1064,5232,GET,true,5.924
1065,163840,PUT,false,83.126
1066,8684,GET,true,7.227
1067,7416,PUT,false,13.825
1068,150061056,GET,true,23004.211
1069,1152,GET,true,4.85
1070,33996800,GET,true,5228.552
1071,2044,GET,true,5.755
1072,10747904,GET,true,1669.089
1073,1032192,GET,true,184.286
1074,2080768,GET,true,323.962
1075,7847936,GET,true,1224.299
1076,1996,GET,true,5.237
1077,671744,GET,true,125.818
1078,120307712,GET,true,18444.458
1079,49152,GET,true,14.014
1080,8601600,GET,true,1323.222
1081,16384,GET,true,9.061
1082,8684,GET,true,6.028
1083,6616,GET,true,6.246
1084,6736,PUT,false,12.427
1085,5936,GET,true,6.635
1086,6732,PUT,false,13.034
1087,27721728,GET,true,4252.001
1088,2628,GET,true,5.715
1089,10731520,GET,true,1649.384
1090,1097728,GET,true,189.177
1091,2624,GET,true,5.482
1092,1589248,GET,true,253.107
1093,35733504,GET,true,5494.62
1094,29507584,GET,true,4526.202
1095,1424,GET,true,4.116
1096,1156,GET,true,4.206
1097,16384,GET,true,8.281
1098,2628,GET,true,5.666
1099,753664,GET,true,140.923
1100,111788032,GET,true,17146.162
1101,1508,GET,true,5.252
1102,1508,GET,true,3.345
1103,4684,GET,true,7.028
1104,409600,GET,true,79.489
1105,753664,GET,true,136.523
1106,16384,GET,true,8.046
1107,131072,GET,true,28.813
1108,16384,GET,true,7.876
1109,6732,GET,true,6.273
1110,16384,GET,true,7.666
1111,2004,GET,true,5.921
1112,1500,GET,true,5.295
1113,1468,GET,true,5.147
1114,1132,GET,true,4.426
1115,16384,GET,true,6.428
1116,17743872,GET,true,2742.475
1117,1420,GET,true,5.147
1118,1500,GET,true,4.412
1119,2000,PUT,false,10.957
1120,61063168,GET,true,9927.4
1121,1420,GET,true,6.059
1122,12861440,GET,true,1993.522
1123,12713984,GET,true,1969.832
1124,3864,GET,true,6.205
1125,46891008,PUT,false,22850.262
1126,2628,GET,true,5.619
1127,2608,GET,true,5.205
1128,75448320,GET,true,11561.245
1129,43171840,GET,true,6620.44
1130,1916928,GET,true,299.528
1131,49545216,GET,true,7597.409
1132,4684,PUT,false,12.766
1133,1988,GET,true,5.493
1134,16384,GET,true,8.236
1135,2555904,GET,true,397.58
1136,671744,GET,true,122.99
1137,3044,GET,true,5.244
1138,1132,GET,true,4.739
1139,12808,GET,true,7.33
1140,65536,GET,true,16.3
1141,2628,GET,true,4.834
1142,107118592,GET,true,16412.57
1143,2628,GET,true,6.357
1144,38699008,GET,true,9463.96
1145,16384,GET,true,12.418
1146,2056,GET,true,5.581
1147,2260,GET,true,5.6
1148,12156928,GET,true,1888.875
1149,2820,GET,true,6.281
1150,1376,GET,true,5.518
1151,2628,GET,true,5.243
1152,82493440,GET,true,12645.19
1153,33816576,GET,true,5199.67
1154,2605056,GET,true,406.779
1155,2060,GET,true,5.364
1156,3436,GET,true,5.833
1157,16384,GET,true,8.234
1158,18513920,GET,true,2842.247
1159,1156,GET,true,5.019
1160,1868,GET,true,5.335
1161,239747072,GET,true,36737.613
1162,10289152,GET,true,1599.132
1163,1152,GET,true,4.397
1164,98304,GET,true,23.098
1165,82493440,GET,true,12644.823
1166,54394880,GET,true,8339.237
1167,7496,GET,true,7.196
1168,2056,GET,true,4.694
1169,1804,GET,true,5.138
1170,16384,GET,true,7.727
1171,1368,GET,true,4.581
1172,3012,GET,true,5.448
1173,6455296,GET,true,995.271
1174,10576,GET,true,6.686
1175,57950208,GET,true,8903.64
1176,82493440,GET,true,12642.125
1177,2628,GET,true,5.132
1178,19070976,GET,true,2927.51
1179,2832,GET,true,5.219
1180,45875200,GET,true,7050.788
1181,671744,PUT,false,319.987
1182,1856,GET,true,4.78
1183,84246528,GET,true,12909.053
1184,6764,GET,true,6.917
1185,1132,GET,true,4.394
1186,20529152,GET,true,3170.082
1187,82493440,GET,true,12643.965
1188,82493440,GET,true,12642.687
1189,5062656,PUT,false,2373.399
1190,12156928,PUT,false,5705.175
1191,67092480,GET,true,10300.592
1192,6732,GET,true,6.976
1193,57425920,GET,true,8819.76
1194,2056,GET,true,4.997
1195,6716,GET,true,5.866
1196,1984,GET,true,5.348
1197,9633792,GET,true,1503.771
1198,3260416,GET,true,505.987
1199,131858432,GET,true,20202.072
1200,7488,GET,true,6.964
1201,13467648,GET,true,2106.244
1202,141983744,GET,true,21752.329
1203,12284,GET,true,7.226
1204,95813632,GET,true,14681.06
1205,6716,GET,true,7.522
1206,65536,PUT,false,38.578
1207,6684672,GET,true,1053.781
1208,12828672,GET,true,1977.982
1209,8568,GET,true,7.66
1210,9192,GET,true,6.921
1211,72679424,GET,true,11151.263
1212,11960320,GET,true,1851.336
1213,7520256,GET,true,1159.047
1214,7241728,PUT,false,3340.349
1215,41992192,GET,true,6438.287
1216,2628,GET,true,5.295
1217,1664,GET,true,4.399
1218,82509824,GET,true,12645.883
1219,2056,GET,true,5.719
1220,1753088,GET,true,275.02
1221,2056,PUT,false,10.999
1222,2012,GET,true,4.275
1223,83935232,GET,true,12861.792
1224,65536,GET,true,17.127
1225,169852928,GET,true,26031.585
1226,12284,GET,true,7.183
1227,2832,GET,true,4.994
1228,148471808,GET,true,22746.223
1229,1784,GET,true,5.809
1230,6740,GET,true,6.762
1231,6324224,GET,true,987.304
1232,1372,GET,true,3.999
1233,12284,GET,true,7.232
1234,10289152,GET,true,1600.047
1235,16384,GET,true,7.347
1236,2628,GET,true,4.869
1237,16384,GET,true,9.155
1238,2176,GET,true,4.86
1239,6720,GET,true,5.999
1240,2056,GET,true,4.998
1241,294912,GET,true,58.896
1242,12156,GET,true,7.214
1243,13792,GET,true,7.814
1244,7180,GET,true,6.664
1245,2310144,GET,true,358.935
1246,1452,GET,true,4.489
1247,16384,GET,true,8.45
1248,5348,PUT,false,13.114
1249,2097152,GET,true,326.699
1250,2832,GET,true,5.705
1251,12284,GET,true,6.399
1252,2428,GET,true,5.093
1253,23035904,PUT,false,10866.402
1254,1428,GET,true,5.284
1255,12156,GET,true,7.181
1256,6716,GET,true,6.489
1257,3044,GET,true,5.098
1258,1804,GET,true,4.357
1259,10284,PUT,false,14.211
1260,1060,GET,true,5.189
1261,1988,GET,true,4.724
1262,2260,GET,true,4.66
1263,1356,GET,true,4.452
1264,2340,GET,true,7.294
1265,6744,GET,true,6.649
1266,6712,GET,true,6.592
1267,4080,GET,true,6.027
1268,278528,GET,true,53.559
1269,61095936,GET,true,9363.81
1270,84246528,GET,true,12910.617
1271,2628,GET,true,5.714
1272,1732,GET,true,4.511
1273,12284,GET,true,6.474
1274,2556,GET,true,5.207
1275,4576,GET,true,5.837
1276,1448,GET,true,4.712
1277,41893888,GET,true,6421.867
1278,1425408,GET,true,232.168
1279,2200,GET,true,5.478
1280,6740,GET,true,6.269
1281,16384,GET,true,7.546
1282,1032192,GET,true,189.932
1283,1128,GET,true,4.632
1284,2628,GET,true,4.954
1285,7416,GET,true,7.011
1286,4404,GET,true,5.661
1287,10665984,GET,true,1658.018
1288,2628,GET,true,5.537
1289,16384,GET,true,7.674
1290,32899072,GET,true,5053.445
1291,9633792,GET,true,1494.803
1292,1327104,GET,true,219.147
1293,38092800,GET,true,5839.368
1294,1508,PUT,false,12.833
1295,2628,GET,true,6.073
1296,16384,GET,true,8.709
1297,2056,GET,true,4.677
1298,1132,GET,true,4.036
1299,1132,GET,true,4.069
1300,16384,GET,true,7.726
1301,49545216,GET,true,7594.364
1302,1240,GET,true,5.111
1303,16384,GET,true,8.687
1304,1500,GET,true,5.142
1305,1132,GET,true,4.601
1306,16384,GET,true,7.151
1307,163840,GET,true,34.238
1308,1388,GET,true,5.006
1309,3407872,GET,true,527.683
1310,6724,GET,true,6.61
1311,5608,GET,true,6.635
1312,4964,GET,true,5.939
1313,2744,GET,true,5.647
1314,2056,GET,true,4.706
1315,1420,GET,true,4.906
1316,1508,GET,true,4.925
1317,389038080,GET,true,59607.163
1318,6732,GET,true,7.268
1319,4648,GET,true,6.271
1320,7028,GET,true,6.396
1321,22282240,GET,true,3438.583
1322,7476,GET,true,6.139
1323,2224,GET,true,4.532
1324,25804800,GET,true,3958.197
1325,82493440,GET,true,12644.833
1326,2628,GET,true,5.068
1327,163840,GET,true,34.183
1328,14052,GET,true,8.144
1329,2208,GET,true,5.272
1330,2208,GET,true,3.949
1331,65536,GET,true,17.044
1332,237371392,GET,true,36362.152
1333,13068,GET,true,7.409
1334,4752,GET,true,6.073
1335,1132,GET,true,4.154
1336,2176,GET,true,5.289
1337,7488,GET,true,6.495
1338,12156,GET,true,6.537
1339,3256,GET,true,5.422
1340,82509824,GET,true,12645.462
1341,7984,PUT,false,13.386
1342,3997696,GET,true,619.57
1343,16384,GET,true,8.134
1344,82493440,GET,true,12645.783
1345,294912,GET,true,59.189
1346,4524,GET,true,5.899
1347,819200,GET,true,151.538
1348,2112,GET,true,4.985
1349,2340,GET,true,4.971
1350,6728,GET,true,7.153
1351,2144,GET,true,4.763
1352,2608,GET,true,4.882
1353,9191424,GET,true,1421.332
1354,2608,GET,true,5.266
1355,2604,GET,true,5.135
1356,9544,GET,true,6.621
1357,6740,GET,true,6.884
1358,1916928,GET,true,299.466
1359,2056,GET,true,5.25
1360,32768,GET,true,11.255
1361,2628,GET,true,5.735
1362,147456,GET,true,31.763
1363,2628,GET,true,4.474
1364,16384,GET,true,7.747
1365,49152,GET,true,14.058
1366,2036,GET,true,4.369
1367,12582912,PUT,false,5841.869
1368,6712,GET,true,7.216
1369,6732,GET,true,6.658
1370,8428,GET,true,7.498
1371,1179648,GET,true,203.322
1372,2628,GET,true,5.765
1373,54394880,GET,true,8337.556
1374,16482304,GET,true,2539.386
1375,10576,GET,true,6.361
1376,4864,GET,true,6.093
1377,13484032,GET,true,2072.246
1378,1132,GET,true,4.196
1379,4600,GET,true,6.427
1380,2256,GET,true,4.989
1381,1372,GET,true,4.044
1382,38699008,GET,true,5946.893
1383,12156,GET,true,7.332
1384,36388864,GET,true,5579.794
1385,7416,GET,true,7.24
1386,12284,GET,true,6.607
1387,2628,GET,true,4.467
1388,1261568,GET,true,209.964
1389,917504,GET,true,170.163
1390,2056,GET,true,5.44
1391,2212,GET,true,5.292
1392,1244,PUT,false,11.667
1393,1784,GET,true,4.689
1394,2596,GET,true,5.118
1395,62373888,GET,true,9559.44
1396,2188,GET,true,5.698
1397,1584,GET,true,4.505
1398,3312,GET,true,5.923
1399,2112,GET,true,4.016
1400,3044,GET,true,5.732
1401,163840,GET,true,35.03
1402,278528,GET,true,56.472
1403,2628,GET,true,4.523
1404,2344,GET,true,4.743
1405,2310144,GET,true,361.17
1406,3396,GET,true,6.434
1407,4296,GET,true,6.409
1408,4684,GET,true,6.026
1409,16384,GET,true,7.223
1410,9544,GET,true,6.687
1411,1368,GET,true,4.367
1412,82493440,GET,true,12641.674
1413,82493440,GET,true,12643.209
1414,6732,GET,true,7.011
1415,2996,GET,true,5.274
1416,7716864,GET,true,1203.82
1417,1164,GET,true,4.827
1418,12763136,GET,true,1982.158
1419,6736,GET,true,6.361
1420,16384,GET,true,9.788
1421,13942784,GET,true,2143.765
1422,5992,GET,true,6.545
1423,61407232,GET,true,9410.566
1424,2080768,GET,true,324.786
1425,2056,PUT,false,12.74
1426,66945024,GET,true,11497.589
1427,70451200,GET,true,10813.734
1428,6708,GET,true,7.007
1429,120242176,GET,true,18422.227
1430,4688,GET,true,7.274
1431,101875712,GET,true,15629.133
1432,1460,GET,true,5.206
1433,4688,GET,true,6.597
1434,13598720,GET,true,2094.28
1435,16384,GET,true,8.146
1436,12484608,GET,true,1940.921
1437,16384,GET,true,7.899
1438,344064,GET,true,66.478
1439,2008,GET,true,5.284
1440,344064,GET,true,66.296
1441,163840,PUT,false,83.622
1442,49545216,GET,true,7594.157
1443,18825216,GET,true,2890.516
1444,6916,GET,true,6.717
1445,72679424,GET,true,11138.149
1446,2628,GET,true,6.123
1447,2608,GET,true,5.091
1448,7164,PUT,false,13.312
1449,2056,GET,true,5.235
1450,7416,GET,true,6.445
1451,54394880,GET,true,8357.112
1452,1920,GET,true,5.522
1453,458752,GET,true,86.65
1454,82493440,GET,true,12644.151
1455,12156,GET,true,6.907
1456,6720,PUT,false,14.346
1457,217694208,GET,true,33366.755
1458,1900544,GET,true,334.903
1459,12582912,PUT,false,5910.814
1460,622592,GET,true,113.685
1461,2628,GET,true,5.662
1462,3252,GET,true,5.45
1463,26443776,GET,true,4058.538
1464,163840,GET,true,35.451
1465,163840,GET,true,34.031
1466,2490368,GET,true,388.0
1467,163840,GET,true,34.519
1468,2100,PUT,false,12.059
1469,1148,GET,true,4.953
1470,2340,GET,true,4.508
1471,9601024,GET,true,1493.93
1472,1896,GET,true,4.881
1473,1212416,GET,true,211.961
1474,81920,GET,true,20.212
1475,32768,GET,true,11.024
1476,83918848,GET,true,12859.806
1477,16384,GET,true,9.15
1478,2812,GET,true,5.579
1479,1900544,GET,true,296.74
1480,11010048,GET,true,1701.149
1481,1784,GET,true,4.784
1482,4064,GET,true,5.537
1483,2628,GET,true,4.769
1484,66945024,GET,true,10270.936
1485,65536,GET,true,16.443
1486,2620,GET,true,4.941
1487,1132,GET,true,5.246
1488,1132,GET,true,4.44
1489,14396,GET,true,8.306
1490,45940736,GET,true,7063.425
1491,18513920,GET,true,2842.549
1492,114688,GET,true,26.221
1493,16384,GET,true,7.713
1494,2572288,GET,true,399.728
1495,4684,GET,true,6.629
1496,7016,GET,true,5.819
1497,16384,GET,true,7.357
1498,9502720,GET,true,1484.824
1499,114688,GET,true,26.81
1500,34291712,GET,true,5266.023
1501,16384,GET,true,8.216
1502,504938496,GET,true,77364.701
1503,1152,GET,true,5.747
1504,2252,GET,true,5.242
1505,2736128,GET,true,424.174
1506,2912,GET,true,5.495
1507,1784,GET,true,4.803
1508,4128,GET,true,5.736
1509,82493440,GET,true,12643.51
1510,1132,GET,true,5.219
1511,82493440,GET,true,12643.227
1512,22528000,PUT,false,10782.666
1513,11862016,GET,true,1840.354
1514,1412,GET,true,4.464
1515,3948,PUT,false,12.763
1516,1372,GET,true,3.898
1517,2056,PUT,false,11.345
1518,2696,GET,true,5.588
1519,20856832,GET,true,3217.427
1520,2056,GET,true,4.936
1521,57753600,GET,true,8868.642
1522,77643776,GET,true,11913.638
1523,16384,GET,true,8.556
1524,1156,GET,true,4.544
1525,82509824,GET,true,12644.724
1526,82493440,GET,true,12640.708
1527,2056,GET,true,5.64
1528,9772,PUT,false,13.712
1529,10988,GET,true,7.237
1530,49152,GET,true,13.393
1531,1364,GET,true,5.042
1532,6932,GET,true,6.559
1533,68599808,GET,true,10533.461
1534,6744,GET,true,7.118
1535,1832,GET,true,5.252
1536,11976704,GET,true,1864.096
1537,54394880,GET,true,8362.469
1538,1982464,GET,true,310.32
1539,13942784,GET,true,2142.092
1540,12928,GET,true,7.786
1541,239747072,GET,true,36741.614
1542,2628,GET,true,5.501
1543,1980,GET,true,5.055
1544,13942784,GET,true,2142.205
1545,2608,GET,true,5.884
1546,196608,GET,true,40.041
1547,5013504,GET,true,773.621
1548,34504704,GET,true,5308.348
1549,1788,GET,true,5.613
1550,16384,GET,true,7.737
1551,3220,GET,true,5.8
1552,1364,GET,true,3.904
1553,6460,GET,true,6.034
1554,1336,GET,true,4.102
1555,7416,GET,true,5.808
1556,16384,GET,true,8.112
1557,1132,GET,true,4.947
1558,16384,GET,true,7.213
1559,61046784,GET,true,9371.765
1560,2628,GET,true,4.894
1561,1146880,GET,true,189.667
1562,16384,GET,true,8.147
1563,8240,GET,true,6.573
1564,5804,GET,true,6.426
1565,41910272,GET,true,6433.222
1566,33996800,GET,true,5227.348
1567,7372,GET,true,7.041
1568,15433728,GET,true,2373.504
1569,2256,GET,true,4.767
1570,12156,GET,true,6.801
1571,7708,GET,true,6.276
1572,4868,GET,true,5.87
1573,32768,GET,true,10.096
1574,1152,PUT,false,12.212
1575,1851392,GET,true,290.468
1576,18137088,GET,true,2799.848
1577,25640960,GET,true,3934.151
1578,98828288,GET,true,15143.272
1579,802816,GET,true,148.766
1580,1772,GET,true,4.555
1581,9544,GET,true,6.179
1582,50757632,GET,true,7793.242
1583,2340,GET,true,5.139
1584,12200,GET,true,7.719
1585,65536,GET,true,17.057
1586,1236,GET,true,4.0
1587,98304,GET,true,21.92
1588,2686976,GET,true,417.243
1589,1966080,GET,true,307.664
1590,15764,GET,true,7.823
1591,13942784,GET,true,2144.357
1592,2097152,GET,true,327.216
1593,139395072,GET,true,21372.825
1594,458752,GET,true,86.375
1595,458752,GET,true,83.828
1596,98025472,GET,true,15020.565
1597,16384,GET,true,8.162
1598,4812,GET,true,5.931
1599,6464,GET,true,6.055
1600,8421376,GET,true,1310.958
1601,655360,GET,true,121.641
1602,13112,GET,true,7.524
1603,1589248,GET,true,250.335
1604,2310144,GET,true,359.356
1605,1966080,GET,true,306.695
1606,5920,GET,true,5.9
1607,2628,GET,true,4.48
1608,2628,GET,true,5.007
1609,5560,GET,true,5.73
1610,16384,GET,true,8.476
1611,3896,GET,true,5.616
1612,16629760,GET,true,2553.302
1613,3342336,GET,true,535.667
1614,1044,GET,true,4.345
1615,23756800,GET,true,3651.359
1616,2310144,GET,true,397.751
1617,2044,GET,true,4.885
1618,21037056,GET,true,3243.586
1619,3342336,GET,true,519.388
1620,32768,GET,true,11.115
1621,21528576,GET,true,3310.851
1622,507904,GET,true,95.138
1623,1032192,GET,true,187.369
1624,2056,GET,true,5.011
1625,6160384,GET,true,949.59
1626,110215168,GET,true,16886.866
1627,983040,GET,true,185.202
1628,13904,GET,true,7.55
1629,6078464,GET,true,937.064
1630,8159232,GET,true,1266.649
1631,16384,GET,true,10.567
1632,2628,GET,true,4.829
1633,16384,GET,true,8.188
1634,42319872,GET,true,6487.572
1635,2012,GET,true,5.759
1636,1772,GET,true,4.626
1637,868352,GET,true,160.657
1638,671744,GET,true,124.009
1639,63488000,GET,true,9744.543
1640,16384,GET,true,8.29
1641,819200,GET,true,150.144
1642,4352,GET,true,6.395
1643,12284,GET,true,6.663
1644,14221312,GET,true,2184.32
1645,39141376,GET,true,6001.462
1646,6586368,GET,true,1033.089
1647,6111232,GET,true,941.764
1648,16384,GET,true,8.099
1649,93470720,GET,true,14330.505
1650,1988,GET,true,5.5
1651,29048832,GET,true,4462.927
1652,16384,GET,true,7.816
1653,1584,GET,true,4.29
1654,4688,GET,true,5.827
1655,294912,GET,true,56.337
1656,12284,GET,true,6.498
1657,4684,GET,true,5.965
1658,1368,GET,true,4.453
1659,165380096,GET,true,25363.541
1660,3044,GET,true,42.018
1661,3864,GET,true,7.126
1662,82509824,GET,true,12648.212
1663,7672,GET,true,8.495
1664,2628,GET,true,5.948
1665,2628,GET,true,6.39
1666,7048,GET,true,7.352
1667,1452,GET,true,6.197
1668,327680,GET,true,66.148
1669,16384,GET,true,8.277
1670,1277952,GET,true,213.617
1671,2628,GET,true,5.889
1672,146112512,GET,true,22385.848
1673,2628,GET,true,6.449
1674,153845760,GET,true,23571.711
1675,14968,GET,true,8.03
1676,43302912,GET,true,6656.832
1677,41828352,GET,true,6412.794
1678,3031040,GET,true,470.528
1679,6992,GET,true,6.455
1680,1896,GET,true,4.876
1681,2800,GET,true,5.842
1682,1132,GET,true,3.86
1683,1676,GET,true,4.76
1684,5136,GET,true,5.795
1685,5960,GET,true,6.119
1686,6736,GET,true,6.012
1687,142458880,GET,true,21825.817
1688,1753088,GET,true,274.723
1689,2832,GET,true,5.305
1690,1372,GET,true,4.45
1691,1152,GET,true,4.91
1692,2628,GET,true,5.001
1693,1772,GET,true,3.992
1694,6732,GET,true,6.506
1695,1336,GET,true,4.354
1696,5764,GET,true,5.797
1697,2056,GET,true,5.002
1698,1832,GET,true,5.153
1699,2532,GET,true,5.265
1700,4524,GET,true,5.698
1701,5716,GET,true,5.993
1702,99876864,GET,true,15320.158
1703,16384,GET,true,7.655
1704,32768,GET,true,12.075
1705,2736128,GET,true,426.571
1706,262144,GET,true,52.144
1707,12284,GET,true,7.061
1708,12156,GET,true,7.262
1709,8716288,GET,true,1357.665
1710,19070976,GET,true,2944.018
1711,47185920,GET,true,7251.69
1712,180224,GET,true,37.586
1713,786432,GET,true,149.075
1714,82493440,GET,true,12643.236
1715,111788032,GET,true,17132.544
1716,9772,GET,true,6.832
1717,1388,GET,true,4.558
1718,22364160,PUT,false,10707.011
1719,6724,GET,true,7.362
1720,25788416,GET,true,3955.853
1721,2056,GET,true,5.37
1722,16384,GET,true,8.202
1723,2256,GET,true,5.321
1724,622592,GET,true,114.759
1725,16384,GET,true,7.157
1726,2676,GET,true,5.646
1727,10576,GET,true,6.954
1728,5236,GET,true,5.954
1729,3944,GET,true,5.842
1730,7241728,PUT,false,3355.073
1731,82493440,GET,true,12675.953
1732,41959424,PUT,false,20568.573
1733,18513920,GET,true,2858.909
1734,1804,PUT,false,15.37
1735,3156,GET,true,5.415
1736,4915200,GET,true,759.017
1737,163840,PUT,false,83.825
1738,36192256,GET,true,5569.856
1739,2608,GET,true,5.084
1740,2404,GET,true,5.035
1741,6732,GET,true,6.297
1742,7929856,GET,true,1221.764
1743,1753088,GET,true,274.287
1744,83935232,GET,true,12881.177
1745,1864,GET,true,5.666
1746,42336256,GET,true,6490.484
1747,12188,GET,true,8.861
1748,6732,GET,true,5.903
1749,82493440,GET,true,12640.712
1750,1196032,GET,true,205.061
1751,2056,GET,true,5.003
1752,23150592,GET,true,3572.476
1753,6720,GET,true,6.841
1754,1824,GET,true,4.315
1755,25346048,GET,true,3891.55
1756,1172,GET,true,5.326
1757,16384,GET,true,8.698
1758,2780,PUT,false,14.733
1759,4784128,GET,true,755.305
1760,4882432,GET,true,753.409
1761,2056,GET,true,4.936
1762,3120,GET,true,5.296
1763,154386432,GET,true,23672.677
1764,147456,GET,true,31.144
1765,1132,GET,true,3.723
1766,2628,GET,true,4.553
1767,3555328,GET,true,550.521
1768,1152,GET,true,4.902
1769,638976,GET,true,116.609
1770,1156,GET,true,3.784
1771,4872,GET,true,5.777
1772,2056,GET,true,4.744
1773,1368,GET,true,3.681
1774,1128,GET,true,4.637
1775,1988,GET,true,4.709
1776,7416,GET,true,6.034
1777,4684,GET,true,5.294
1778,3376,GET,true,5.357
1779,12976128,GET,true,2002.183
1780,147456,GET,true,30.641
1781,16384,GET,true,6.997
1782,819200,GET,true,149.803
1783,82493440,GET,true,12640.835
1784,2608,GET,true,5.24
1785,7180,GET,true,6.633
1786,8040,GET,true,5.857
1787,16384,GET,true,7.939
1788,2424,PUT,false,14.697
1789,100859904,GET,true,15453.11
1790,95813632,GET,true,14680.649
1791,6732,GET,true,6.312
1792,16384,GET,true,8.992
1793,7676,GET,true,6.19
1794,6724,GET,true,6.173
1795,2144,GET,true,4.414
1796,2360,PUT,false,13.557
1797,16384,GET,true,8.338
1798,1064960,GET,true,188.501
1799,100073472,GET,true,15349.691
1800,1132,GET,true,4.509
1801,59572224,GET,true,9132.962
1802,4684,PUT,false,14.988
1803,12877824,GET,true,1990.368
1804,81166336,GET,true,12452.385
1805,12156,GET,true,8.389
1806,2192,GET,true,4.799
1807,2604,GET,true,4.942
1808,6728,GET,true,6.009
1809,2056,GET,true,4.715
1810,1277952,GET,true,211.974
1811,2628,GET,true,4.306
1812,83935232,GET,true,12864.314
1813,82493440,GET,true,12643.135
1814,6712,GET,true,6.585
1815,1756,GET,true,4.57
1816,6716,GET,true,5.975
1817,54394880,GET,true,8348.54
1818,16384,GET,true,7.401
1819,6732,GET,true,6.087
1820,148471808,GET,true,22762.238
1821,2060,GET,true,5.44
1822,129925120,GET,true,19907.371
1823,49152,GET,true,13.814
1824,6708,GET,true,5.801
1825,82509824,GET,true,12646.145
1826,327680,GET,true,62.126
1827,2608,GET,true,4.395
1828,311296,GET,true,59.587
1829,43171840,PUT,false,21189.813
1830,2628,GET,true,5.017
1831,32768,GET,true,10.86
1832,32768,GET,true,10.384
1833,6740,GET,true,6.133
1834,2056,GET,true,4.433
1835,128565248,GET,true,19699.783
1836,1368,PUT,false,13.701
1837,294912,GET,true,56.745
1838,1376,GET,true,4.27
1839,2832,GET,true,5.048
1840,2056,GET,true,4.546
1841,1460,GET,true,3.881
1842,2340,GET,true,4.49
1843,2056,GET,true,4.666
1844,8784,PUT,false,12.165
1845,6728,GET,true,5.974
1846,2056,GET,true,4.842
1847,2056,GET,true,4.792
1848,2604,GET,true,5.111
1849,2584,GET,true,4.991
1850,16384,GET,true,7.007
1851,12156928,GET,true,1888.907
1852,10576,GET,true,7.545
1853,1496,GET,true,4.659
1854,1500,GET,true,4.573
1855,1628,GET,true,4.811
1856,12984,GET,true,6.598
1857,5688,GET,true,5.489
1858,2608,GET,true,4.63
1859,3044,GET,true,4.935
1860,2608,GET,true,5.249
1861,16384,GET,true,7.875
1862,112279552,GET,true,17202.736
1863,131072,GET,true,28.573
1864,10460,GET,true,7.287
1865,82493440,GET,true,12641.697
1866,1156,GET,true,5.154
1867,6792,GET,true,6.612
1868,3129344,GET,true,485.565
1869,1744,GET,true,4.617
1870,2056,GET,true,4.894
1871,82509824,GET,true,12648.39
1872,16384,GET,true,9.23
1873,221036544,GET,true,33861.938
1874,65536,GET,true,16.895
1875,4500,GET,true,5.564
1876,82493440,GET,true,12640.841
1877,11688,GET,true,7.71
1878,285114368,GET,true,43675.479
1879,19152896,GET,true,2956.256
1880,70811648,GET,true,10857.265
1881,3252,GET,true,5.467
1882,82509824,PUT,false,40687.637
1883,109051904,GET,true,16729.528
1884,819200,GET,true,151.108
1885,2228224,GET,true,346.571
1886,1028,GET,true,4.823
1887,294912,GET,true,56.623
1888,16384,GET,true,6.832
1889,3044,GET,true,4.904
1890,237371392,GET,true,36376.3
1891,245760,GET,true,49.492
1892,3324,GET,true,6.14
1893,2732,GET,true,5.705
1894,131072,GET,true,27.767
1895,12284,GET,true,6.522
1896,7872,GET,true,5.889
1897,1372,GET,true,4.675
1898,737280,GET,true,135.445
1899,49152,GET,true,13.933
1900,6932,GET,true,6.486
1901,2384,GET,true,5.003
1902,2608,GET,true,4.255
1903,16384,GET,true,7.012
1904,6732,GET,true,6.577
1905,49152,GET,true,14.432
1906,20676608,GET,true,3183.766
1907,6604,GET,true,6.207
1908,16384,GET,true,7.13
1909,32768,GET,true,10.531
1910,9388032,GET,true,1444.888
1911,16384,GET,true,7.159
1912,120733696,GET,true,18499.26
1913,2340,GET,true,5.002
1914,2832,GET,true,4.981
1915,22102016,GET,true,3409.748
1916,6732,GET,true,6.585
1917,10764288,GET,true,1671.284
1918,2056,GET,true,4.737
1919,17743872,GET,true,2741.576
1920,2628,GET,true,4.763
1921,22364160,PUT,false,10563.088
1922,7143424,GET,true,1102.653
1923,2604,GET,true,5.041
1924,16384,GET,true,8.616
1925,9912320,GET,true,1542.52
1926,1372,GET,true,4.148
1927,11112,GET,true,6.612
1928,1372,GET,true,3.878
1929,409600,GET,true,76.928
1930,4660,GET,true,5.299
1931,12156,GET,true,6.43
1932,2628,GET,true,5.011
1933,2608,GET,true,4.371
1934,2056,GET,true,4.652
1935,82493440,GET,true,12642.902
1936,71237632,GET,true,10916.594
1937,172605440,GET,true,26463.663
1938,802816,GET,true,152.032
1939,1753088,GET,true,275.377
1940,2628,GET,true,5.901
1941,21790720,GET,true,3353.439
1942,2200,GET,true,7.41
1943,120733696,GET,true,18516.66
1944,12204,GET,true,10.472
1945,1064960,GET,true,193.964
1946,65536,GET,true,16.675
1947,23461888,GET,true,3606.43
1948,1388,GET,true,4.549
1949,18530304,GET,true,2858.522
1950,1452,GET,true,5.506
1951,1956,GET,true,5.063
1952,16384,GET,true,9.106
1953,1132,GET,true,4.156
1954,7241728,GET,true,1115.43
1955,12284,GET,true,7.796
1956,1984,GET,true,4.551
1957,32768,GET,true,10.323
1958,1372,GET,true,5.108
1959,16384,GET,true,7.89
1960,2008,GET,true,4.84
1961,49152,GET,true,13.364
1962,1982464,GET,true,309.39
1963,110247936,GET,true,16909.67
1964,1288,GET,true,5.473
1965,84213760,GET,true,12913.744
1966,16384,GET,true,599.785
1967,7760,GET,true,8.073
1968,2024,GET,true,5.123
1969,3044,GET,true,5.501
1970,2628,GET,true,5.583
1971,16384,GET,true,7.492
1972,360448,PUT,false,175.717
1973,2056,GET,true,5.29
1974,83689472,GET,true,12825.741
1975,82493440,GET,true,12645.04
1976,72679424,GET,true,11149.214
1977,2140,PUT,false,12.915
1978,48857088,PUT,false,23979.386
1979,14344,GET,true,8.496
1980,2200,GET,true,5.424
1981,2310144,GET,true,398.593
1982,1760,GET,true,4.605
1983,2080768,GET,true,323.651
1984,392806400,GET,true,60186.493
1985,3342336,GET,true,534.393
1986,3156,GET,true,5.894
1987,96403456,GET,true,14778.927
1988,3044,GET,true,5.518
1989,2628,GET,true,4.991
1990,6716,GET,true,6.036
1991,46563328,GET,true,7155.208
1992,46563328,GET,true,7145.613
1993,1480,GET,true,5.278
1994,1732,GET,true,5.534
1995,1480,GET,true,3.575
1996,28311552,GET,true,4342.628
1997,8519680,GET,true,1331.564
1998,237371392,GET,true,36364.314
1999,237371392,GET,true,36378.965
2000,1388,GET,true,5.334
2001,1500,GET,true,4.306
2002,41893888,GET,true,6421.897
2003,1240,GET,true,5.343
2004,1240,GET,true,3.306
2005,8040,GET,true,6.892
2006,29851648,GET,true,4582.667
2007,16384,GET,true,7.568
2008,1310720,GET,true,214.541
2009,688128,GET,true,126.686
2010,12820,GET,true,6.805
2011,1136,GET,true,4.375
2012,334020608,GET,true,51178.362
2013,82493440,GET,true,12673.711
2014,2628,GET,true,5.364
2015,586235904,GET,true,89804.442
2016,1152,GET,true,4.709
2017,1428,GET,true,4.622
2018,16384,GET,true,7.611
2019,1132,GET,true,4.038
2020,163840,GET,true,33.439
2021,1068,GET,true,3.819
2022,79560704,GET,true,12207.269
2023,4572,GET,true,6.307
2024,98828288,GET,true,15153.923
2025,6078464,GET,true,937.308
2026,4576,GET,true,6.129
2027,17809408,GET,true,2750.924
2028,16384,GET,true,8.34
2029,4708,GET,true,5.734
2030,32768,GET,true,10.747
2031,16384,GET,true,7.407
2032,4592,GET,true,5.781
2033,21528576,GET,true,3304.257
2034,622592,GET,true,115.251
2035,1144,GET,true,4.516
2036,12156,GET,true,7.054
2037,1032192,GET,true,192.157
2038,38699008,GET,true,5934.624
2039,21528576,GET,true,3301.898
2040,16384,PUT,false,18.239
2041,2056,GET,true,5.075
2042,23658496,GET,true,3641.691
2043,10092,GET,true,6.407
2044,3248,GET,true,5.219
2045,22102016,GET,true,3411.954
2046,6604,GET,true,7.03
2047,16384,GET,true,7.644
2048,1728,GET,true,4.881
2049,82509824,GET,true,12644.472
2050,131072,PUT,false,69.289
2051,83492864,GET,true,12800.756
2052,16384,GET,true,8.325
2053,692256768,GET,true,106043.014
2054,4358144,PUT,false,2053.392
2055,6432,GET,true,6.713
2056,54542336,GET,true,8361.322
2057,2832,GET,true,5.345
2058,1360,GET,true,4.431
2059,9576,GET,true,7.22
2060,6748,GET,true,6.01
2061,3044,GET,true,5.305
2062,1654784,GET,true,260.677
2063,6111232,GET,true,941.38
2064,212992,GET,true,42.419
2065,2000,GET,true,4.853
2066,2608,GET,true,5.727
2067,5619712,GET,true,867.398
2068,8792,GET,true,6.538
2069,655360,GET,true,120.969
2070,17743872,GET,true,2736.98
2071,82509824,GET,true,12647.81
2072,1504,GET,true,5.053
2073,8248,PUT,false,13.021
2074,163840,GET,true,34.612
2075,2208,GET,true,4.716
2076,3144,GET,true,5.667
2077,294912,GET,true,58.119
2078,1784,GET,true,4.405
2079,82509824,GET,true,12647.205
2080,6568,GET,true,6.415
2081,2195456,GET,true,342.232
2082,13942784,GET,true,2141.962
2083,5700,GET,true,7.467
2084,2000,GET,true,4.702
2085,9192,GET,true,6.669
2086,16384,GET,true,8.044
2087,7856,GET,true,5.993
2088,294912,GET,true,57.023
2089,6140,GET,true,6.042
2090,3888,GET,true,5.714
2091,524288,GET,true,97.901
2092,1784,GET,true,4.644
2093,360448,GET,true,67.875
2094,2648,GET,true,5.057
2095,82657280,GET,true,12668.946
2096,5232,GET,true,6.401
2097,2208,GET,true,5.186
2098,2628,GET,true,4.905
2099,9240,GET,true,6.921
2100,1336,GET,true,4.047
2101,65536,GET,true,16.747
2102,2195456,GET,true,342.471
2103,5232,GET,true,6.01
2104,1076,GET,true,4.5
2105,16384,GET,true,8.082
2106,16384,GET,true,6.852
2107,9617408,GET,true,1492.081
2108,4587520,GET,true,720.754
2109,23887872,GET,true,3678.873
2110,7212,GET,true,6.602
2111,2192,GET,true,4.434
2112,65536,GET,true,16.811
2113,1712,GET,true,4.178
2114,2608,GET,true,5.264
2115,8820,GET,true,6.992
2116,6460,GET,true,6.55
2117,2608,GET,true,4.574
2118,2628,GET,true,4.732
2119,2044,GET,true,4.372
2120,9338880,GET,true,1456.164
2121,2628,GET,true,4.515
2122,409600,GET,true,77.4
2123,409600,GET,true,77.706
2124,507904,GET,true,97.976
2125,458752,GET,true,86.869
2126,2195456,GET,true,342.258
2127,2776,GET,true,5.124
2128,13942784,GET,true,2141.861
2129,129646592,GET,true,19869.572
2130,13920,GET,true,9.179
2131,2628,GET,true,4.659
2132,26443776,GET,true,4058.221
2133,1396,GET,true,12.473
2134,1572,GET,true,4.934
2135,5604,GET,true,6.145
2136,1980,GET,true,5.1
2137,1156,GET,true,4.971
2138,45023232,GET,true,6915.033
2139,131072,GET,true,27.999
2140,3194880,GET,true,512.674
2141,1372,GET,true,4.625
2142,6984,GET,true,6.349
2143,9532,GET,true,6.908
2144,16384,GET,true,7.012
2145,23330816,GET,true,3596.714
2146,10320,PUT,false,15.747
2147,70434816,GET,true,10806.994
2148,2616,GET,true,5.705
2149,1252,GET,true,4.066
2150,3220,GET,true,5.526
2151,12284,GET,true,7.237
2152,16384,GET,true,7.568
2153,2506752,GET,true,390.781
2154,1364,GET,true,5.111
2155,1304,GET,true,4.521
2156,2628,GET,true,4.864
2157,2040,GET,true,4.439
2158,1152,GET,true,3.711
2159,65536,GET,true,16.281
2160,294912,GET,true,56.951
2161,45940736,GET,true,7043.361
2162,12156,GET,true,7.316
2163,16384,GET,true,6.893
2164,294912,GET,true,56.409
2165,1408,GET,true,4.638
2166,3896,GET,true,5.489
2167,2056,GET,true,4.402
2168,16384,GET,true,7.602
2169,2441216,GET,true,380.148
2170,16384,GET,true,7.586
2171,16384,GET,true,8.018
2172,6536,GET,true,6.319
2173,1500,PUT,false,10.792
2174,1132,GET,true,4.172
2175,82509824,PUT,false,40664.513
2176,4063232,GET,true,646.604
2177,262144,GET,true,51.104
2178,2252,GET,true,5.234
2179,51298304,GET,true,7862.761
2180,6736,GET,true,6.659
2181,16384,GET,true,8.043
2182,4668,GET,true,5.864
2183,12156,GET,true,6.784
2184,16384,GET,true,7.151
2185,114688,GET,true,25.372
2186,21626880,GET,true,3338.926
2187,314081280,GET,true,48115.924
2188,314621952,GET,true,48193.572
2189,32768,GET,true,10.537
2190,10576,GET,true,6.584
2191,4476,GET,true,5.723
2192,2200,GET,true,4.992
2193,1256,GET,true,5.12
2194,7620,GET,true,5.959
2195,2628,GET,true,4.587
2196,2097152,GET,true,326.739
2197,1988,GET,true,4.444
2198,37224448,GET,true,5709.331
2199,479461376,GET,true,73457.883
2200,3044,GET,true,5.638
2201,1196032,GET,true,202.292
2202,8804,GET,true,6.44
2203,3716,GET,true,5.241
2204,7196,GET,true,6.348
2205,84213760,GET,true,12903.755
2206,2196,GET,true,5.572
2207,6744,GET,true,6.495
2208,2064,GET,true,4.89
2209,22020096,GET,true,3393.432
2210,3407872,GET,true,527.111
2211,13631488,GET,true,2092.799
2212,1520,GET,true,4.816
2213,2628,GET,true,4.485
2214,2004,GET,true,4.456
2215,447938560,GET,true,68621.113
2216,622592,GET,true,115.514
2217,6500,GET,true,6.05
2218,16384,GET,true,7.535
2219,2300,GET,true,4.951
2220,4668,GET,true,5.598
2221,21037056,GET,true,3252.243
2222,5772,GET,true,6.063
2223,97484800,GET,true,14954.238
2224,1132,GET,true,4.586
2225,7036,GET,true,7.046
2226,1212416,GET,true,204.304
2227,83918848,GET,true,12861.057
2228,2608,GET,true,5.72
2229,2608,GET,true,4.553
2230,9175040,GET,true,1433.62
2231,1523712,GET,true,242.053
2232,278528,GET,true,53.865
2233,2060,GET,true,4.699
2234,1372,GET,true,3.983
2235,16384,GET,true,7.832
2236,147456,GET,true,31.886
2237,2628,GET,true,4.523
2238,82509824,GET,true,12645.189
2239,16728064,GET,true,2585.739
2240,77578240,GET,true,11887.342
2241,19513344,GET,true,3004.16
2242,8984,GET,true,7.244
2243,16384,GET,true,7.474
2244,4272,GET,true,6.009
2245,56475648,GET,true,8672.886
2246,2628,GET,true,5.465
2247,4080,GET,true,5.695
2248,3768320,GET,true,584.053
2249,205438976,GET,true,31491.935
2250,2212,GET,true,5.941
2251,2056,GET,true,5.077
2252,2628,GET,true,4.962
2253,107118592,GET,true,16411.757
2254,126271488,PUT,false,62443.729
2255,1372,GET,true,5.266
2256,33931264,GET,true,5224.457
2257,53395456,GET,true,8184.838
2258,16629760,GET,true,2565.329
2259,8847360,GET,true,1378.764
2260,4588,GET,true,5.767
2261,8863744,GET,true,1366.699
2262,82493440,GET,true,12644.742
2263,1372,GET,true,4.991
2264,8585216,GET,true,1342.744
2265,74760192,GET,true,15866.439
2266,573440,GET,true,108.187
2267,6720,GET,true,6.935
2268,802816,GET,true,146.535
2269,1896,GET,true,4.756
2270,6724,GET,true,6.329
2271,688128,GET,true,129.542
2272,32768,GET,true,12.128
2273,82493440,GET,true,12644.832
2274,65536,GET,true,17.749
2275,27344896,GET,true,4194.832
2276,1724,PUT,false,14.091
2277,704512,GET,true,129.53
2278,12284,GET,true,7.43
2279,1980,GET,true,5.363
2280,278528,GET,true,55.544
2281,126271488,GET,true,19361.942
2282,1152,GET,true,5.047
2283,10464,PUT,false,15.695
2284,65699840,PUT,false,32437.215
2285,2056,GET,true,5.964
2286,4997120,GET,true,771.94
2287,2628,GET,true,5.053
2288,2628,GET,true,5.152
2289,269516800,GET,true,41298.867
2290,6728,GET,true,7.452
2291,688128,GET,true,126.176
2292,2176,GET,true,4.777
2293,82509824,GET,true,12647.282
2294,6740,GET,true,6.487
2295,2056,GET,true,5.03
2296,7476,GET,true,6.476
2297,8404992,GET,true,1304.911
2298,294912,GET,true,57.011
2299,16973824,GET,true,2617.857
2300,2208,GET,true,4.804
2301,6736,PUT,false,13.124
2302,2832,GET,true,4.777
2303,2628,GET,true,4.646
2304,32768,GET,true,12.296
2305,2628,GET,true,5.467
2306,3044,GET,true,4.72
2307,7496,PUT,false,12.55
2308,1296,GET,true,4.64
2309,12284,GET,true,6.718
2310,901120,GET,true,159.237
2311,2732,GET,true,5.112
2312,13500416,GET,true,2111.029
2313,1088,GET,true,4.582
2314,2628,GET,true,4.781
2315,6455296,GET,true,1012.542
2316,2640,GET,true,5.14
2317,262144,GET,true,52.756
2318,1228800,GET,true,206.155
2319,110067712,GET,true,16884.917
2320,2628,GET,true,6.211
2321,3044,GET,true,4.832
2322,12284,GET,true,7.169
2323,9776,GET,true,6.822
2324,6708,GET,true,6.193
2325,6728,GET,true,5.823
2326,1132,GET,true,4.598
2327,458752,GET,true,85.144
2328,2056,GET,true,5.051
2329,245760,GET,true,48.824
2330,4080,GET,true,5.681
2331,5956,GET,true,6.182
2332,19070976,PUT,false,9018.369
2333,262144,GET,true,51.581
2334,2628,GET,true,5.198
2335,15351808,GET,true,2357.41
2336,4380,GET,true,5.702
2337,1564,GET,true,4.613
2338,7364,GET,true,6.736
2339,360448,PUT,false,171.841
2340,7180,GET,true,6.518
2341,2404,GET,true,5.034
2342,1356,GET,true,4.308
2343,6584,GET,true,6.304
2344,1372,GET,true,4.177
2345,1028,GET,true,4.668
2346,4724,GET,true,6.078
2347,1132,GET,true,3.848
2348,32768,GET,true,10.927
2349,16629760,GET,true,2554.246
2350,2200,GET,true,5.562
2351,102432768,GET,true,15710.223
2352,6728,GET,true,7.108
2353,1128,GET,true,4.578
2354,5236,GET,true,6.528
2355,2344,GET,true,4.819
2356,2260,GET,true,5.169
2357,15351808,GET,true,2356.889
2358,23183360,GET,true,3577.137
2359,1624,GET,true,4.521
2360,94830592,GET,true,14529.628
2361,3396,GET,true,6.363
2362,5420,GET,true,6.321
2363,1984,GET,true,5.324
2364,53641216,GET,true,8228.701
2365,9544,GET,true,6.65
2366,101859328,PUT,false,50343.24
2367,3571712,GET,true,552.936
2368,245760,GET,true,50.615
2369,1584,GET,true,4.734
2370,82493440,GET,true,12644.945
2371,1980,GET,true,4.723
2372,16384,GET,true,7.954
2373,6740,GET,true,6.112
2374,4592,GET,true,5.891
2375,12988,GET,true,6.886
2376,819200,GET,true,150.097
2377,2628,GET,true,4.443
2378,1156,GET,true,3.958
2379,1916928,GET,true,299.974
2380,2628,GET,true,4.525
2381,137396224,GET,true,21049.774
2382,1152,GET,true,4.988
2383,2428,GET,true,4.987
2384,1114112,GET,true,191.537
2385,2252,GET,true,5.206
2386,2628,GET,true,5.674
2387,5236,GET,true,6.285
2388,2628,GET,true,5.027
2389,8273920,GET,true,1289.609
2390,3268,GET,true,5.417
2391,6736,GET,true,6.018
2392,3252,GET,true,5.6
2393,123404288,GET,true,18920.623
2394,65699840,PUT,false,32371.232
2395,80691200,GET,true,12376.19
2396,28196864,GET,true,4324.365
2397,2628,GET,true,4.724
2398,6720,GET,true,6.51
2399,1900544,GET,true,297.676
2400,2604,GET,true,4.673
2401,2608,GET,true,5.409
2402,8323072,GET,true,1298.534
2403,1916928,GET,true,300.542
2404,294912,GET,true,58.533
2405,82493440,GET,true,12642.973
2406,36552704,GET,true,5603.996
2407,311296,GET,true,60.44
2408,10576,GET,true,6.537
2409,1476,GET,true,4.38
2410,82493440,GET,true,12645.032
2411,1372,GET,true,4.619
2412,2996,GET,true,5.557
2413,819200,GET,true,149.748
2414,2628,GET,true,4.687
2415,16384,GET,true,7.54
2416,2608,GET,true,4.849
2417,9027584,GET,true,1388.485
2418,2304,GET,true,5.329
2419,2056,GET,true,4.793
2420,76365824,PUT,false,37607.725
2421,2740,GET,true,5.896
2422,7488,GET,true,6.831
2423,2056,GET,true,4.601
2424,5708,GET,true,5.925
2425,7241728,PUT,false,3376.145
2426,458752,PUT,false,217.104
2427,2056,GET,true,4.528
2428,1372,GET,true,4.015
2429,1080,GET,true,4.152
2430,1828,GET,true,4.545
2431,2832,GET,true,4.612
2432,2056,GET,true,4.798
2433,16384,GET,true,7.764
2434,28475392,GET,true,4367.678
2435,8260,GET,true,6.499
2436,3884,GET,true,5.813
2437,2060,GET,true,4.774
2438,1804,GET,true,4.59
2439,8784,GET,true,6.69
2440,229359616,GET,true,35151.698
2441,1368,GET,true,6.526
2442,2097152,GET,true,327.854
2443,1916928,GET,true,299.304
2444,26443776,GET,true,4057.665
2445,19152896,GET,true,2950.188
2446,2344,GET,true,5.297
2447,4592,GET,true,5.808
2448,70549504,GET,true,10825.158
2449,3044,GET,true,6.785
2450,2628,GET,true,5.117
2451,819200,GET,true,152.853
2452,278528,GET,true,55.853
2453,6912,GET,true,5.952
2454,6864896,GET,true,1056.816
2455,655360,GET,true,120.243
2456,6736,GET,true,5.707
2457,5212,GET,true,5.8
2458,12284,GET,true,6.39
2459,1896,GET,true,4.772
2460,1772,GET,true,4.131
2461,109690880,GET,true,16806.924
2462,2056,GET,true,4.91
2463,7900,PUT,false,12.249
2464,2628,GET,true,5.057
2465,2628,GET,true,5.125
2466,237371392,GET,true,36361.043
2467,15777792,GET,true,2440.66
2468,3555328,GET,true,550.146
2469,2056,GET,true,4.977
2470,1900544,GET,true,336.923
2471,3220,GET,true,5.237
2472,6724,GET,true,6.177
2473,294912,GET,true,57.731
2474,62308352,GET,true,9553.179
2475,2310144,GET,true,358.951
2476,327680,GET,true,62.88
2477,2628,GET,true,4.525
2478,1132,GET,true,3.887
2479,2056,GET,true,4.756
2480,12284,GET,true,6.366
2481,6912,GET,true,6.154
2482,6728,GET,true,6.046
2483,8784,GET,true,6.866
2484,2060,GET,true,5.291
2485,1916928,GET,true,299.728
2486,2628,GET,true,4.733
2487,81920,GET,true,19.892
2488,10764288,GET,true,1675.936
2489,6736,GET,true,6.069
2490,128172032,GET,true,19650.995
2491,1316,GET,true,5.663
2492,19070976,PUT,false,9054.774
2493,32768,GET,true,10.963
2494,64471040,GET,true,9891.396
2495,1364,GET,true,4.183
2496,1324,GET,true,4.206
2497,163840,GET,true,33.591
2498,1860,GET,true,4.296
2499,4496,GET,true,5.778
2500,3480,GET,true,5.77
2501,1372,GET,true,3.739
2502,2056,GET,true,4.744
2503,15632,GET,true,7.433
2504,2056,GET,true,4.911
2505,12284,GET,true,7.526
2506,3868,GET,true,6.081
2507,16384,GET,true,7.444
2508,1277952,GET,true,231.284
2509,6724,GET,true,6.538
2510,1988,GET,true,4.608
2511,27869184,GET,true,4273.919
2512,61161472,GET,true,9372.882
2513,16384,GET,true,7.568
2514,1276,GET,true,3.948
2515,2404,GET,true,5.164
2516,245760,GET,true,50.04
2517,3436,GET,true,5.753
2518,49152,GET,true,13.818
2519,1520,GET,true,5.374
2520,6720,GET,true,6.066
2521,67010560,GET,true,10283.704
2522,1420,PUT,false,8.982
2523,2056,GET,true,4.897
2524,148471808,GET,true,22747.121
2525,163233792,GET,true,25010.153
2526,6720,GET,true,6.78
2527,14636,GET,true,7.254
2528,4684,GET,true,5.437
2529,1800,GET,true,4.503
2530,16384,GET,true,7.462
2531,8248,GET,true,6.321
2532,1152,GET,true,3.861
2533,16187392,GET,true,2490.847
2534,2628,GET,true,4.435
2535,2744,PUT,false,10.071
2536,186712064,GET,true,28603.278
2537,6720,GET,true,8.506
2538,2192,GET,true,5.168
2539,1460,GET,true,5.439
2540,2342912,GET,true,364.595
2541,2628,GET,true,5.504
2542,2632,GET,true,5.077
2543,2628,GET,true,5.793
2544,4358144,PUT,false,2019.697
2545,1376,GET,true,4.853
2546,13910016,GET,true,2139.368
2547,82493440,GET,true,12696.113
2548,5232,GET,true,7.015
2549,182272000,GET,true,27937.337
2550,2208,GET,true,5.348
2551,16384,GET,true,7.769
2552,6748,PUT,false,12.277
2553,4680,PUT,false,11.929
2554,18513920,GET,true,2861.647
2555,8437760,GET,true,1314.87
2556,2620,GET,true,6.429
2557,2628,GET,true,5.104
2558,32768,GET,true,11.178
2559,7856,GET,true,6.63
2560,12845056,GET,true,1987.886
2561,835584,GET,true,153.713
2562,7416,GET,true,6.086
2563,12156,GET,true,7.912
2564,2000,GET,true,5.052
2565,1356,GET,true,4.612
2566,25690112,GET,true,3944.525
2567,1132,GET,true,4.403
2568,1916928,GET,true,299.593
2569,2056,GET,true,4.998
2570,409600,GET,true,76.239
2571,84803584,GET,true,12994.775
2572,3833856,GET,true,593.111
2573,147456,GET,true,31.553
2574,5184,GET,true,5.875
2575,2628,GET,true,4.716
2576,8320,GET,true,6.446
2577,6664,GET,true,6.454
2578,1372,GET,true,4.007
2579,8836,GET,true,6.438
2580,884736,GET,true,157.284
2581,50413568,PUT,false,24459.056
2582,27279360,GET,true,4186.506
2583,2612,GET,true,5.478
2584,29949952,GET,true,4598.109
2585,12284,GET,true,7.323
2586,6824,GET,true,5.768
2587,2113536,GET,true,329.713
2588,2628,GET,true,5.109
2589,7416,GET,true,7.169
2590,2056,GET,true,4.83
2591,6716,GET,true,6.288
2592,2208,GET,true,5.426
2593,5992,PUT,false,11.494
2594,82493440,GET,true,12642.711
2595,2056,GET,true,5.754
2596,1480,GET,true,4.812
2597,2144,GET,true,4.824
2598,868352,GET,true,158.409
2599,2342912,PUT,false,1086.897
2600,16384,GET,true,7.628
2601,4680,GET,true,5.616
2602,2208,GET,true,5.226
2603,1500,GET,true,4.366
2604,1420,GET,true,4.52
2605,5236,GET,true,6.175
2606,1420,GET,true,4.385
2607,1896,GET,true,4.434
2608,163840,GET,true,34.069
2609,1132,GET,true,4.756
2610,2828,GET,true,476.359
2611,1740,GET,true,4.758
2612,2196,GET,true,5.392
2613,9292,GET,true,6.877
2614,4680,GET,true,5.736
2615,589824,GET,true,111.848
2616,1420,GET,true,4.802
2617,2044,PUT,false,10.106
2618,66715648,GET,true,10224.449
2619,1532,GET,true,5.335
2620,1064960,GET,true,190.068
2621,4524,GET,true,5.559
2622,38322176,GET,true,5877.685
2623,2310144,GET,true,359.93
2624,2056,PUT,false,10.234
2625,1982464,GET,true,309.235
2626,128548864,GET,true,19699.293
2627,1368,GET,true,5.085
2628,1368,GET,true,3.306
2629,1364,GET,true,3.984
2630,82509824,PUT,false,40739.714
2631,7168,GET,true,7.576
2632,63488000,GET,true,9730.052
2633,163840,GET,true,33.545
2634,5619712,GET,true,866.673
2635,1132,PUT,false,9.535
2636,1032192,GET,true,183.493
2637,8060928,GET,true,1255.701
2638,8060928,GET,true,1241.956
2639,14991360,GET,true,2302.201
2640,65536,GET,true,16.436
2641,7847936,GET,true,1224.811
2642,4072,GET,true,5.691
2643,16384,GET,true,9.041
2644,19152896,GET,true,2956.93
2645,262144,GET,true,49.584
2646,4592,GET,true,6.92
2647,2012,GET,true,4.69
2648,1076,GET,true,4.449
2649,16384,GET,true,7.066
2650,5932,GET,true,6.362
2651,1560,GET,true,4.435
2652,1408,GET,true,4.588
2653,1152,GET,true,4.276
2654,671744,GET,true,124.669
2655,41910272,GET,true,6424.237
2656,3044,GET,true,5.846
2657,49807360,GET,true,7635.296
2658,16384,GET,true,8.983
2659,7212,GET,true,6.172
2660,12284,GET,true,7.097
2661,1500,GET,true,4.134
2662,21037056,GET,true,3227.026
2663,294912,GET,true,57.966
2664,163840,GET,true,33.648
2665,76300288,GET,true,11711.196
2666,16384,GET,true,7.406
2667,1327104,GET,true,220.556
2668,6897664,GET,true,1063.791
2669,4940,GET,true,5.928
2670,5488,GET,true,6.63
2671,1916928,GET,true,298.911
2672,6732,GET,true,6.068
2673,9588,GET,true,7.505
2674,475136,GET,true,90.66
2675,4812,GET,true,5.759
2676,3900,GET,true,5.652
2677,2628,GET,true,4.714
2678,12820,GET,true,6.846
2679,589824,GET,true,107.321
2680,6480,GET,true,5.933
2681,9338880,GET,true,1458.792
2682,9142272,GET,true,1406.392
2683,15368192,GET,true,2368.145
2684,244334592,GET,true,37427.925
2685,196608,GET,true,40.74
2686,13840,GET,true,7.562
2687,316375040,GET,true,48470.698
2688,1228800,GET,true,212.222
2689,3412,GET,true,5.493
2690,9128,GET,true,6.585
2691,39337984,GET,true,6039.73
2692,2640,GET,true,5.03
2693,1015808,GET,true,185.396
2694,33783808,GET,true,5179.28
2695,294912,GET,true,59.817
2696,82493440,PUT,false,40645.347
2697,2628,GET,true,5.693
2698,58015744,GET,true,8906.355
2699,1720,GET,true,4.733
2700,57769984,GET,true,8871.201
2701,2628,GET,true,5.485
2702,278528,GET,true,55.145
2703,9584,GET,true,6.664
2704,100810752,GET,true,15445.34
2705,196608,GET,true,40.056
2706,114688,GET,true,25.849
2707,45940736,GET,true,7041.702
2708,21659648,GET,true,3337.447
2709,1584,GET,true,4.625
2710,2620,GET,true,5.382
2711,2048,GET,true,4.829
2712,13296,GET,true,7.085
2713,491520,GET,true,94.966
2714,14988,GET,true,7.632
2715,1192,GET,true,4.384
2716,1064960,GET,true,193.855
2717,2097152,GET,true,327.229
2718,1132,GET,true,4.661
2719,1132,GET,true,3.202
2720,1772,GET,true,4.225
2721,6604,GET,true,6.034
2722,14237696,GET,true,2187.307
2723,25640960,GET,true,3933.379
2724,4259840,GET,true,659.134
2725,819200,GET,true,151.028
2726,2628,GET,true,4.521
2727,2080768,GET,true,323.826
2728,2628,GET,true,4.687
2729,2628,GET,true,4.505
2730,6932,GET,true,5.736
2731,1712,GET,true,4.489
2732,16973824,GET,true,2607.346
2733,5648,GET,true,6.451
2734,32768,GET,true,10.781
2735,21692416,GET,true,3327.942
2736,6111232,GET,true,959.602
2737,12156,GET,true,6.928
2738,1788,GET,true,4.656
2739,4756,GET,true,6.444
2740,1156,GET,true,4.052
2741,83935232,GET,true,12861.216
2742,2628,GET,true,4.982
2743,13448,GET,true,7.863
2744,12284,GET,true,6.973
2745,3211264,GET,true,497.184
2746,262144,GET,true,50.484
2747,1425408,GET,true,232.264
2748,8320,GET,true,6.462
2749,46891008,GET,true,7199.818
2750,12820,GET,true,8.085
2751,19152896,GET,true,2955.588
2752,622592,GET,true,117.836
2753,1048576,GET,true,189.983
2754,90095616,GET,true,13805.738
2755,314621952,GET,true,48196.233
2756,84246528,GET,true,12909.843
2757,16384,GET,true,7.577
2758,99467264,GET,true,15240.001
2759,12284,GET,true,7.129
2760,1372,GET,true,3.758
2761,9633792,GET,true,1501.004
2762,4652,GET,true,5.4
2763,16384,GET,true,7.577
2764,2608,GET,true,4.672
