0,26443776,GET,false,4073.55
1,2144,GET,true,20.985
2,2310144,GET,false,360.334
3,1980,GET,true,17.581
4,1152,GET,true,17.482
5,2404,GET,false,14.208
6,2628,GET,false,13.775
7,1336,GET,true,17.318
8,1772,GET,true,14.631
9,14708,GET,true,18.545
10,40943616,GET,false,6280.715
11,2195456,GET,true,510.06
12,2404,GET,false,20.603
13,4931584,GET,false,760.965
14,2420,GET,false,11.813
15,30720000,GET,false,4726.603
16,2212,GET,false,14.503
17,1584,GET,true,19.015
18,114688,GET,true,36.21
19,20365312,GET,false,3128.29
20,65536,PUT,false,194.869
21,16187392,GET,true,4001.223
22,4016,GET,false,19.963
23,15548416,GET,false,2392.258
24,10764288,GET,false,1660.57
25,14663680,GET,false,2270.515
26,23822336,GET,false,3667.378
27,1116,GET,true,23.072
28,2628,GET,false,24.255
29,1152,GET,false,13.163
30,10088,GET,false,15.113
31,16384,GET,false,16.379
32,1980,GET,true,15.266
33,1900544,GET,false,297.7
34,2628,GET,true,36.153
35,2996,GET,false,14.978
36,54394880,GET,false,8360.99
37,3000,GET,false,19.633
38,2628,GET,true,18.578
39,3784,GET,true,17.78
40,851968,GET,false,137.5
41,671744,GET,true,165.116
42,7476,GET,true,24.821
43,2628,GET,false,31.085
44,2080768,GET,false,325.699
45,3342336,GET,true,775.282
46,3784,GET,true,18.862
47,3342336,GET,true,759.51
48,1720,PUT,false,50.307
49,1332,GET,false,12.744
50,819200,GET,false,138.962
51,2628,GET,false,11.441
52,12284,GET,false,12.83
53,7596,GET,true,19.15
54,3376,GET,true,15.861
55,9544,GET,false,18.794
56,1336,GET,true,16.036
57,7852,GET,false,13.564
58,2097152,GET,true,484.126
59,32768,GET,true,24.174
60,1372,GET,false,13.425
61,65536,GET,false,18.031
62,3020,GET,true,14.964
63,86900736,GET,true,23863.4
64,2340,GET,false,33.508
65,12284,GET,true,39.54
66,2080768,GET,false,326.5
67,2340,GET,true,17.569
68,10088,GET,false,22.191
69,1900544,GET,true,503.875
70,2628,GET,false,15.965
71,2844,GET,true,20.954
72,28606464,GET,false,4390.337
73,132939776,GET,false,20379.567
74,9338880,GET,false,1441.247
75,2144,GET,false,14.387
76,1576,GET,true,18.559
77,17743872,GET,false,2726.579
78,55967744,GET,false,8583.291
79,14663680,GET,false,2267.749
80,10764288,GET,false,1657.755
81,1788,GET,false,17.145
82,1966080,GET,true,464.493
83,1788,PUT,false,55.37
84,62947328,GET,false,9649.084
85,4524,GET,false,22.278
86,1980,GET,false,9.784
87,1332,GET,false,12.666
88,3680,GET,false,11.266
89,1128,GET,false,11.049
90,2340,GET,false,9.228
91,1336,GET,true,20.382
92,10404,GET,true,18.091
93,16187392,GET,false,2486.72
94,2195456,GET,true,520.223
95,1788,GET,false,18.258
96,1128,GET,false,10.439
97,54394880,GET,false,8347.843
98,32768,GET,false,15.962
99,3020,GET,false,11.058
100,2844,GET,false,11.225
101,3784,GET,true,17.111
102,4960,GET,true,15.425
103,6728,GET,true,17.215
104,110198784,GET,false,16903.015
105,3162112,GET,false,493.509
106,12284,GET,false,13.711
107,14663680,GET,false,2269.443
108,3342336,GET,false,521.095
109,33767424,PUT,false,44600.462
110,2628,GET,true,67.326
111,2310144,GET,true,616.475
112,6920,GET,true,26.364
113,51478528,GET,true,17185.439
114,2628,GET,false,45.266
115,1156,GET,true,46.319
116,2628,GET,false,18.191
117,1988,GET,true,26.459
118,2112,GET,true,25.582
119,2490368,GET,false,435.512
120,114688,GET,true,54.49
121,55197696,GET,false,8495.334
122,16384,GET,true,31.516
123,294912,GET,false,53.61
124,3000,GET,false,20.995
125,2820,GET,false,16.14
126,32768,GET,true,45.606
127,2628,GET,true,25.196
128,2949120,GET,true,908.394
129,7476,GET,false,31.519
130,2785280,GET,false,434.966
131,2060,GET,false,17.641
132,2628,GET,true,32.104
133,2628,GET,true,25.026
134,3024,GET,true,26.124
135,1332,GET,false,18.658
136,2628,GET,true,22.24
137,1772,GET,true,27.618
138,2228224,PUT,false,702.714
139,3784,GET,false,20.086
140,2628,GET,false,16.373
141,54394880,GET,true,17429.934
142,2628,GET,true,60.935
143,12656,PUT,false,98.224
144,1152,GET,false,29.137
145,2628,GET,true,22.987
146,65536,GET,true,33.178
147,4448,GET,false,18.88
148,1332,GET,false,15.066
149,1900,GET,true,27.438
150,16384,GET,true,30.832
151,17743872,GET,false,2746.266
152,8004,GET,true,34.402
153,2628,GET,false,17.122
154,2144,GET,true,23.732
155,3256,GET,true,19.525
156,6908,GET,false,16.541
157,5236,GET,true,22.257
158,196608,GET,true,75.714
159,2628,GET,true,24.612
160,1916928,GET,true,555.749
161,16384,GET,true,28.614
162,54394880,GET,true,16901.469
163,1772,GET,true,54.172
164,8004,GET,true,36.922
165,2628,GET,false,18.709
166,1584,GET,true,29.656
167,2604,GET,false,17.305
168,9576,GET,true,23.03
169,1772,GET,true,18.598
170,2344,GET,true,22.853
171,2420,GET,false,39.341
172,147456,GET,true,53.786
173,671744,GET,false,121.697
174,65536,GET,true,34.037
175,196608,GET,true,64.488
176,2628,GET,true,24.107
177,3376,GET,false,15.737
178,2344,GET,true,21.61
179,2628,GET,false,17.173
180,2424,GET,false,18.106
181,26443776,GET,true,8090.917
182,32768,GET,false,29.02
183,3416,GET,true,43.215
184,7028736,GET,true,1951.969
185,5184,GET,true,28.105
186,1064960,GET,false,177.75
187,9576,GET,true,22.795
188,1980,GET,true,20.141
189,10764288,GET,true,2840.67
190,2828,GET,true,38.959
191,65536,GET,false,20.237
192,5184,GET,false,17.101
193,2344,GET,true,22.622
194,1964,GET,true,30.745
195,7476,GET,false,17.073
196,15269888,GET,true,3932.024
197,1028,GET,false,20.642
198,1720,PUT,false,67.197
199,7946240,GET,false,1239.144
200,2212,GET,true,21.736
201,2628,GET,false,16.389
202,16384,GET,true,23.347
203,2628,GET,true,17.555
204,2628,GET,true,20.494
205,1116,GET,false,15.904
206,6992,GET,false,14.578
207,2628,GET,true,20.573
208,2420,GET,true,19.839
209,2195456,GET,true,555.863
210,65536,GET,false,22.181
211,1236,GET,true,26.277
212,16384,GET,true,29.03
213,5390336,PUT,false,2215.493
214,1988,GET,false,31.116
215,2628,GET,false,24.922
216,16384,GET,true,50.587
217,10368,GET,false,23.134
218,16384,GET,true,28.647
219,2097152,GET,false,351.947
220,671744,PUT,false,356.889
221,358039552,GET,true,156269.349
222,2628,GET,false,35.457
223,16384,GET,true,49.898
224,1156,GET,false,19.185
225,10764288,GET,true,3096.876
226,12284,GET,false,16.823
227,2012,GET,false,17.475
228,12284,GET,true,21.575
229,1040,GET,false,13.514
230,4964352,GET,false,767.202
231,1720,PUT,false,70.424
232,3024,GET,false,17.913
233,1116,GET,false,16.015
234,3342336,GET,true,801.299
235,10320,PUT,false,72.365
236,1916928,GET,false,301.389
237,16187392,GET,false,2503.643
238,2310144,GET,false,362.54
239,12156,GET,false,17.228
240,88768512,GET,true,41281.045
241,12156,GET,true,50.003
242,6720,PUT,false,91.741
243,12284,GET,true,33.315
244,4392,GET,false,13.182
245,589824,GET,true,156.745
246,16384,GET,false,16.019
247,32768,GET,true,24.136
248,1720,GET,true,18.536
249,182452224,GET,false,27953.987
250,16384,GET,true,24.49
251,16187392,GET,false,2489.91
252,2628,GET,false,16.127
253,2632,GET,true,22.14
254,12284,GET,false,14.545
255,11500,GET,true,18.543
256,9388032,GET,false,1445.646
257,10272768,GET,false,1580.73
258,10272768,GET,false,1579.618
259,2628,GET,true,16.759
260,2420,GET,false,12.028
261,2420,GET,false,13.549
262,6000,GET,false,13.12
263,4833280,GET,false,746.818
264,3768320,GET,false,584.186
265,1040,GET,false,10.603
266,4088,GET,false,11.992
267,6728,PUT,false,74.978
268,2804,GET,true,17.122
269,357416960,GET,true,102158.341
270,2420,GET,false,32.447
271,1780,PUT,false,78.519
272,12156,GET,true,26.108
273,2340,GET,true,20.568
274,1152,GET,true,17.402
275,2628,GET,false,16.012
276,1576,GET,true,17.855
277,2260,GET,true,19.084
278,15548416,GET,true,4348.514
279,3342336,GET,true,779.831
280,1064960,GET,false,171.361
281,2996,GET,true,19.465
282,3652,PUT,false,61.819
283,17743872,GET,true,4242.676
284,3784,GET,true,21.728
285,4572,GET,false,16.695
286,3000,GET,false,12.715
287,1568,GET,true,18.389
288,7456,GET,true,19.31
289,4592,GET,false,12.993
290,1372,GET,true,17.806
291,13565952,GET,true,3102.718
292,1900,GET,false,16.015
293,2260,GET,false,16.959
294,819200,GET,false,131.916
295,671744,GET,true,169.205
296,2404,GET,false,17.713
297,26918912,GET,true,6830.153
298,6376,PUT,false,80.055
299,9240576,GET,true,2213.092
300,2310144,GET,false,361.236
301,1332,GET,true,20.611
302,1116,GET,true,17.795
303,9240576,PUT,false,2232.396
304,294912,GET,true,81.619
305,16384,GET,true,27.483
306,819200,GET,true,196.192
307,1900544,GET,true,439.641
308,4092,GET,true,20.244
309,52412416,GET,false,8038.284
310,12156,GET,true,21.037
311,170737664,PUT,false,63061.98
312,2080768,GET,true,565.172
313,9544,GET,true,29.731
314,3652,GET,false,20.305
315,1980,GET,false,12.807
316,1916928,GET,true,440.992
317,170737664,GET,true,53874.294
318,1966080,GET,true,592.688
319,2628,GET,false,23.733
320,12156,GET,true,32.299
321,2310144,GET,false,360.484
322,52412416,GET,true,16125.355
323,3784,GET,true,57.506
324,2628,GET,false,19.061
325,2604,GET,false,17.073
326,2828,GET,true,20.511
327,1128,GET,false,22.093
328,294912,GET,true,90.317
329,2628,GET,false,14.927
330,671744,GET,false,111.964
331,17743872,GET,true,5237.001
332,4960,GET,false,25.304
333,5560,GET,false,17.524
334,3784,GET,false,15.132
335,3342336,GET,false,519.156
336,2628,GET,true,21.206
337,12284,GET,false,17.628
338,1584,GET,true,30.91
339,2996,GET,false,16.261
340,6308,GET,true,21.807
341,14663680,GET,true,3724.682
342,1376256,GET,true,359.024
343,16384,GET,false,18.971
344,6708,GET,false,15.835
345,2628,GET,true,20.171
346,4960,GET,true,35.002
347,1584,GET,true,20.768
348,1352,GET,false,16.845
349,1364,GET,true,17.632
350,65536,GET,true,38.613
351,6916,GET,false,15.691
352,54394880,GET,false,8359.431
353,4960,GET,true,21.557
354,1152,GET,true,21.732
355,4960,GET,true,16.942
356,7476,GET,true,21.446
357,3000,GET,true,20.028
358,1336,GET,false,14.355
359,6788,GET,true,20.345
360,4960,GET,true,13.714
361,2628,GET,false,15.783
362,2832,GET,true,18.049
363,16384,GET,true,18.841
364,1372,GET,true,18.908
365,1332,GET,false,16.204
366,16154624,GET,true,3977.7
367,54394880,GET,false,8339.863
368,1772,GET,true,21.28
369,12156,GET,false,13.976
370,7344,PUT,false,41.214
371,3240,GET,true,20.622
372,2628,GET,true,17.741
373,11059200,PUT,false,3533.362
374,2404,GET,false,19.345
375,12156,GET,false,19.13
376,3228,GET,false,12.777
377,51478528,GET,false,7893.672
378,1332,GET,false,14.485
379,54394880,GET,true,14936.239
380,54394880,GET,false,8367.589
381,16384,GET,true,38.224
382,1064960,GET,false,247.255
383,557056,GET,true,149.488
384,52412416,GET,true,15190.742
385,20316160,GET,false,3129.528
386,12284,GET,true,33.348
387,30720000,GET,false,4719.621
388,4960,GET,true,22.854
389,2804,GET,false,15.787
390,2628,GET,false,13.373
391,2516,GET,true,19.342
392,2628,GET,true,64.216
393,1584,GET,false,16.875
394,16187392,GET,false,2490.67
395,9764864,GET,false,1505.17
396,1332,GET,true,20.323
397,2420,GET,false,14.063
398,9576,GET,true,20.104
399,3342336,GET,false,519.395
400,2310144,GET,true,605.99
401,12284,GET,true,22.686
402,9027584,GET,false,1392.135
403,2680,PUT,false,35.596
404,6912,GET,false,58.108
405,2060,GET,false,13.919
406,16384,GET,false,15.003
407,294912,GET,false,51.813
408,2490368,GET,true,586.25
409,720896,GET,true,173.097
410,12284,GET,false,13.683
411,2632,GET,false,17.488
412,1988,GET,true,17.631
413,1236,GET,false,12.388
414,2628,GET,false,15.313
415,294912,GET,false,51.023
416,1146880,GET,false,182.261
417,1116,GET,false,13.48
418,9576,GET,false,13.424
419,1332,GET,true,15.663
420,1900544,GET,true,436.661
421,10320,GET,true,21.344
422,1128,GET,false,14.586
423,6932,GET,false,18.682
424,1772,GET,true,14.84
425,2828,GET,true,17.746
426,4960,GET,true,17.398
427,2344,GET,true,13.93
428,2628,GET,false,13.407
429,65536,GET,true,24.231
430,15548416,GET,true,4239.326
431,2260,GET,true,22.842
432,1584,GET,false,13.145
433,2056,PUT,false,29.778
434,2480,GET,true,18.515
435,9544,GET,false,14.172
436,86900736,GET,false,13322.149
437,6712,GET,false,15.035
438,9240,GET,true,17.027
439,1584,GET,false,12.555
440,2080768,GET,false,329.447
441,33767424,GET,true,9082.901
442,737280,GET,false,131.153
443,2112,GET,true,32.711
444,11500,GET,true,39.339
445,294912,GET,false,51.437
446,1584,GET,true,17.166
447,3376,GET,false,22.575
448,6716,GET,false,11.691
449,51478528,GET,false,7893.074
450,107085824,GET,true,30028.913
451,2420,GET,false,33.996
452,4448,GET,false,20.583
453,2628,GET,false,13.795
454,4524,GET,true,28.744
455,6968,GET,true,33.119
456,2056,PUT,false,39.791
457,1336,GET,false,15.498
458,3220,GET,false,12.942
459,30720000,GET,true,8805.223
460,1152,GET,true,40.713
461,3860,GET,false,19.828
462,1356,GET,false,25.668
463,1236,GET,true,21.058
464,12284,GET,true,18.33
465,2628,GET,true,29.526
466,3000,GET,false,13.779
467,2604,GET,true,16.258
468,2420,GET,false,19.714
469,2420,GET,false,14.578
470,2420,GET,true,24.326
471,3000,GET,true,17.559
472,4656,GET,true,16.528
473,2628,GET,true,13.549
474,32768,GET,false,17.837
475,3936,GET,false,13.341
476,12996,GET,true,18.377
477,2844,GET,false,12.956
478,10764288,GET,false,1658.432
479,16384,GET,true,23.294
480,1336,GET,false,12.789
481,1156,GET,false,13.882
482,6572,GET,false,13.211
483,2212,GET,false,12.015
484,3680,GET,true,26.159
485,52412416,GET,true,14900.934
486,3784,GET,true,47.954
487,110215168,GET,false,16924.648
488,54394880,GET,false,8343.857
489,1916928,GET,false,303.732
490,1900,GET,false,14.954
491,2112,GET,false,13.651
492,2628,GET,true,25.25
493,30720000,GET,false,4712.5
494,2628,GET,false,13.261
495,819200,GET,false,131.746
496,2628,GET,false,14.531
497,3860,GET,true,19.131
498,5160960,GET,false,797.873
499,3000,GET,false,20.012
500,3817472,GET,false,592.033
501,819200,GET,false,133.58
502,2097152,GET,true,552.06
503,3680,GET,false,14.831
504,1116,GET,false,14.111
505,2628,GET,false,11.202
506,2628,GET,false,13.304
507,151633920,GET,true,42725.061
508,2260,GET,true,47.859
509,2144,GET,false,20.54
510,3784,GET,false,14.653
511,1980,GET,false,14.861
512,2628,GET,false,14.151
513,2628,GET,true,20.518
514,2628,GET,true,14.952
515,2628,GET,false,15.005
516,1982464,GET,false,311.045
517,2310144,GET,false,360.906
518,3342336,GET,false,519.126
519,2949120,GET,false,459.67
520,54394880,GET,false,8353.842
521,2628,GET,true,24.149
522,262144,GET,true,74.279
523,2490368,GET,true,646.844
524,5560,GET,false,16.404
525,21528576,GET,false,3304.601
526,367247360,GET,true,135735.997
527,83017728,GET,false,12811.397
528,2628,GET,true,38.806
529,1372,GET,false,30.721
530,2195456,GET,true,580.848
531,16384,GET,true,33.256
532,16384,GET,true,25.851
533,16384,GET,false,27.936
534,2804,GET,false,17.661
535,819200,GET,true,195.157
536,12284,GET,true,25.402
537,2420,GET,false,17.182
538,6520832,GET,true,1699.826
539,16384,GET,true,44.114
540,12284,GET,false,18.591
541,52412416,GET,true,14843.272
542,6728,GET,false,43.542
543,2628,GET,true,48.585
544,3020,GET,true,37.718
545,3342336,GET,false,519.932
546,19791872,GET,false,3050.134
547,54394880,GET,true,15654.234
548,2628,GET,true,54.206
549,16187392,GET,true,4510.826
550,2632,GET,false,21.684
551,2628,GET,false,18.165
552,16187392,GET,false,2486.084
553,5816320,GET,false,900.915
554,2604,GET,true,24.37
555,2310144,GET,true,544.802
556,9682944,GET,false,1492.539
557,1372,GET,true,17.982
558,3000,GET,true,16.767
559,2628,GET,true,19.593
560,1568,GET,true,17.515
561,2310144,GET,false,360.592
562,2628,GET,false,15.341
563,2310144,GET,false,360.086
564,6784,GET,true,19.702
565,2628,GET,false,13.088
566,1966080,GET,false,307.189
567,6932,GET,false,13.66
568,2162688,GET,true,498.238
569,4524,GET,true,26.069
570,9879552,GET,true,2306.945
571,1128,GET,true,20.163
572,2604,GET,false,15.26
573,3020,GET,false,12.424
574,1368,GET,false,14.509
575,655360,GET,true,159.751
576,1116,GET,true,18.971
577,10764288,GET,true,2466.416
578,12284,GET,false,15.05
579,2112,GET,true,21.497
580,1332,GET,false,13.273
581,1900544,GET,false,297.609
582,65536,GET,false,19.131
583,2628,GET,true,15.361
584,5576,GET,false,12.346
585,16384,GET,false,14.409
586,3220,GET,false,23.699
587,6632,GET,true,19.18
588,51478528,GET,false,7893.385
589,12156,GET,false,14.315
590,1584,GET,true,17.595
591,51478528,GET,true,14256.258
592,2628,GET,false,26.89
593,6504448,GET,false,1003.388
594,9420800,GET,true,2599.216
595,2628,GET,true,24.678
596,294912,GET,true,78.285
597,2804,GET,true,22.65
598,10408,GET,false,15.258
599,12284,GET,true,19.393
600,17743872,GET,false,2725.186
601,86065152,GET,false,13194.001
602,163840,PUT,false,169.976
603,3784,GET,true,49.987
604,10698752,GET,true,2562.585
605,32768,GET,true,25.96
606,23248896,GET,false,3572.267
607,3020,GET,true,17.017
608,3376,GET,true,16.544
609,2080768,GET,false,326.061
610,15548416,GET,true,3860.433
611,2628,GET,false,19.592
612,10368,GET,false,15.639
613,1900544,GET,true,444.081
614,2310144,GET,false,360.566
615,151633920,GET,false,23248.168
616,16384,GET,false,15.669
617,2628,GET,false,12.582
618,2628,GET,true,20.621
619,15024128,GET,true,3888.476
620,16384,GET,false,25.347
621,2828,GET,true,20.863
622,3948,PUT,false,47.533
623,8476,GET,false,14.055
624,5560,GET,true,20.077
625,3000,GET,false,13.899
626,1040,GET,true,17.53
627,6724,GET,true,18.801
628,1152,GET,false,25.193
629,1372,GET,true,21.396
630,1772,GET,true,15.181
631,1982464,GET,false,312.848
632,1364,GET,true,20.712
633,2628,GET,true,16.948
634,2490368,GET,false,390.054
635,2628,GET,true,19.095
636,2060,GET,true,17.012
637,671744,GET,false,116.413
638,1760,GET,false,14.118
639,2412,GET,false,20.438
640,51478528,GET,true,14844.404
641,3817472,GET,true,1044.177
642,2056,PUT,false,50.531
643,52412416,GET,true,15343.787
644,16384,GET,true,58.842
645,2628,GET,false,17.322
646,1368,GET,true,18.414
647,6720,GET,false,12.691
648,2112,GET,false,13.301
649,294912,GET,false,51.807
650,3000,GET,true,16.701
651,2340,GET,false,13.767
652,65536,GET,false,16.958
653,2804,GET,true,23.326
654,1336,GET,true,17.831
655,2420,GET,false,14.407
656,32768,GET,true,20.97
657,12156,GET,false,14.781
658,147456,GET,true,44.258
659,65536,GET,false,19.375
660,2632,GET,false,15.877
661,2628,GET,true,18.205
662,26443776,GET,true,7694.778
663,13304,GET,false,28.54
664,1507328,GET,true,384.709
665,2840,GET,true,24.456
666,11862016,GET,true,3114.72
667,1982464,GET,false,313.827
668,12284,GET,false,15.624
669,9544,GET,false,19.546
670,2628,GET,true,18.46
671,1584,GET,true,16.373
672,7476,GET,false,15.334
673,12284,GET,false,16.121
674,4524,GET,false,20.518
675,1818624,GET,true,427.223
676,2628,GET,true,19.609
677,2628,GET,false,14.355
678,2832,GET,true,19.112
679,12284,GET,true,17.233
680,12284,GET,true,16.427
681,55967744,GET,false,8630.47
682,1368,GET,false,15.864
683,2420,GET,false,13.277
684,3784,GET,false,13.656
685,47415296,GET,true,13591.992
686,6904,GET,false,31.344
687,12284,GET,false,19.937
688,2628,GET,true,28.149
689,16384,GET,true,22.37
690,2804,GET,false,13.697
691,4960,GET,true,15.283
692,30539776,GET,false,4690.71
693,2144,GET,false,16.546
694,2628,GET,false,12.746
695,1576,PUT,false,47.832
696,2628,GET,false,14.89
697,2628,GET,true,20.945
698,655360,GET,false,107.804
699,1982464,GET,false,311.271
700,2144,GET,false,15.047
701,27688960,GET,true,8043.871
702,655360,GET,false,110.976
703,2628,GET,false,16.916
704,3592,GET,true,26.447
705,30720000,GET,true,8614.526
706,2080768,GET,false,333.029
707,2628,GET,false,19.918
708,51478528,GET,false,7905.99
709,54394880,GET,true,15652.923
710,7476,GET,false,28.617
711,3000,GET,false,21.699
712,2996,GET,false,14.458
713,2628,GET,true,30.039
714,32653312,GET,false,5021.975
715,16384,GET,true,30.787
716,704512,GET,false,114.941
717,2828,GET,false,14.882
718,2628,GET,true,23.467
719,2628,GET,true,18.337
720,704512,GET,false,112.586
721,32653312,GET,false,5024.385
722,2628,GET,true,20.864
723,2420,GET,true,16.808
724,125108224,GET,false,19183.722
725,9576,GET,false,14.613
726,1584,GET,true,19.725
727,1332,GET,false,15.319
728,3856,GET,false,14.282
729,278528,GET,true,78.607
730,2804,GET,true,16.753
731,1420,GET,false,13.766
732,3220,GET,false,13.889
733,278528,GET,true,73.25
734,2628,GET,true,19.368
735,1332,GET,true,15.569
736,9764864,GET,false,1513.172
737,12156,GET,false,15.503
738,16384,GET,true,19.913
739,238272512,GET,true,69368.693
740,3904,GET,true,56.062
741,32768,GET,false,26.282
742,2820,GET,true,32.254
743,671744,PUT,false,342.215
744,1332,GET,true,50.176
745,2097152,GET,true,522.04
746,16384,GET,false,17.985
747,278528,GET,true,76.468
748,2832,GET,true,22.385
749,2056,GET,true,18.295
750,2420,GET,false,16.676
751,2949120,GET,true,709.809
752,2628,GET,false,17.396
753,12284,GET,false,18.973
754,2832,GET,false,17.594
755,2310144,GET,true,531.427
756,65536,GET,true,29.753
757,2832,GET,false,23.53
758,2632,GET,false,15.994
759,4148,GET,true,21.23
760,95682560,GET,true,27668.211
761,2260,GET,true,43.496
762,16384,GET,true,23.457
763,819200,GET,true,216.736
764,6732,GET,true,32.255
765,1900,GET,false,20.171
766,2080768,GET,true,529.612
767,1772,GET,true,21.007
768,1916928,GET,true,439.901
769,12284,GET,false,14.906
770,16384,GET,false,17.269
771,55197696,GET,true,16061.907
772,2628,GET,false,54.074
773,2628,GET,true,34.425
774,1720,GET,true,18.667
775,4964,GET,false,14.605
776,5652480,GET,false,874.534
777,2628,GET,true,29.059
778,2628,GET,false,14.914
779,671744,GET,true,175.182
780,12284,GET,false,16.924
781,2097152,GET,false,330.636
782,49577984,GET,true,14562.836
783,12156,GET,false,35.394
784,14663680,GET,true,4171.154
785,3342336,GET,false,521.343
786,9027584,GET,true,2097.201
787,2412,GET,true,25.323
788,2828,GET,false,16.075
789,2628,GET,false,15.611
790,2310144,GET,true,534.33
791,2832,GET,false,23.136
792,151633920,GET,false,23238.916
793,12156,GET,false,22.314
794,6732,GET,true,25.454
795,1764,GET,false,13.312
796,3784,GET,false,17.275
797,12284,GET,false,13.776
798,6968,GET,true,20.996
799,1336,GET,false,14.61
800,17743872,GET,true,4373.181
801,2628,GET,true,31.418
802,4259840,GET,true,981.955
803,12284,GET,false,16.897
804,2310144,GET,false,362.331
805,4448,GET,true,21.458
806,9338880,GET,false,1439.075
807,9027584,GET,true,2052.981
808,147456,GET,false,32.19
809,2144,GET,true,22.787
810,3904,GET,false,19.571
811,194838528,GET,false,29859.655
812,14920,GET,true,27.856
813,1372,GET,false,21.808
814,2310144,GET,true,551.092
815,2260,GET,true,21.703
816,3932,GET,false,14.663
817,655360,GET,true,164.417
818,1116,GET,true,18.542
819,3680,GET,false,13.909
820,294912,GET,false,52.927
821,9027584,GET,true,2160.767
822,2628,GET,false,17.481
823,2628,GET,true,19.629
824,12156,GET,false,16.573
825,1372,GET,true,59.181
826,10764288,GET,true,2531.652
827,10764288,GET,false,1658.783
828,9576,GET,true,20.425
829,2310144,GET,true,539.017
830,16187392,GET,true,3941.191
831,3860,GET,false,21.528
832,3784,GET,false,16.47
833,9519104,GET,false,1465.906
834,9544,GET,true,21.388
835,2996,GET,false,18.687
836,54394880,GET,true,15001.84
837,4756,GET,true,45.667
838,2628,GET,true,21.766
839,1832,GET,false,23.099
840,12284,GET,false,16.265
841,147456,GET,false,30.971
842,182452224,GET,false,27963.648
843,51478528,GET,false,7892.171
844,78348288,GET,false,12009.629
845,1368,GET,true,21.812
846,12156,GET,true,20.536
847,2628,GET,false,13.194
848,54394880,PUT,false,19574.516
849,2056,GET,false,28.264
850,1156,GET,false,18.927
851,1900,GET,false,16.804
852,9568256,GET,false,1478.407
853,22675456,GET,true,6496.662
854,2628,GET,true,36.171
855,2628,GET,true,32.377
856,3784,GET,true,19.764
857,2195456,GET,false,345.39
858,14663680,GET,false,2273.368
859,4756,GET,false,15.359
860,819200,GET,true,210.4
861,4284,GET,true,25.17
862,1179648,GET,true,279.009
863,151633920,GET,false,23252.353
864,6716,GET,true,23.623
865,3020,GET,false,14.103
866,35553280,GET,false,5477.289
867,8159232,GET,false,1273.799
868,65536,GET,true,28.195
869,1332,GET,true,14.281
870,3936,GET,true,18.746
871,1900544,GET,false,303.832
872,2996,GET,true,18.436
873,2628,GET,false,11.704
874,1940,GET,true,12.626
875,16384,GET,true,19.015
876,2628,GET,false,11.582
877,1228,GET,false,9.905
878,3680,GET,true,17.628
879,4448,GET,false,18.285
880,2628,GET,true,21.841
881,17743872,GET,true,4424.695
882,1772,GET,true,22.537
883,3342336,GET,false,517.573
884,671744,GET,false,111.484
885,2628,GET,true,19.244
886,10764288,GET,false,1656.413
887,2420,GET,true,19.502
888,2404,GET,true,14.833
889,2220,GET,false,14.663
890,2628,GET,true,14.315
891,1368,GET,false,17.617
892,2097152,GET,true,502.13
893,3936,GET,false,12.995
894,30720000,GET,true,7920.163
895,2628,GET,false,33.267
896,54394880,GET,true,15126.506
897,294912,GET,true,98.398
898,4608,GET,false,21.451
899,5608,GET,false,17.408
900,3652,GET,false,25.941
901,16187392,GET,false,2486.963
902,2310144,GET,true,604.024
903,1772,GET,false,25.079
904,9388032,GET,true,2539.87
905,54394880,GET,true,15264.833
906,3342336,GET,false,523.765
907,1372,GET,false,17.019
908,12284,GET,true,37.638
909,2804,GET,true,17.522
910,2344,GET,false,14.687
911,2996,GET,false,13.069
912,1576,GET,false,14.541
913,16384,GET,false,23.774
914,1360,GET,true,22.269
915,671744,GET,true,176.633
916,1156,GET,true,21.143
917,4284,GET,false,14.701
918,1152,GET,false,15.964
919,1980,GET,false,13.979
920,2260,GET,false,37.165
921,2310144,GET,false,363.449
922,294912,GET,true,78.527
923,2828,GET,false,18.6
924,1164,PUT,false,66.185
925,2844,GET,true,27.699
926,1064960,GET,false,170.546
927,3342336,GET,false,519.659
928,1576,GET,false,13.729
929,819200,GET,false,131.833
930,15548416,GET,false,2392.625
931,3376,GET,false,17.212
932,2628,GET,false,12.038
933,1336,GET,true,19.568
934,2420,GET,true,17.648
935,32768,GET,false,14.638
936,819200,GET,false,134.515
937,1368,GET,false,22.997
938,32768,GET,true,24.545
939,2080768,GET,false,327.693
940,16384,GET,false,14.225
941,2260,GET,false,17.753
942,2832,GET,false,14.076
943,655360,GET,true,162.187
944,9830400,GET,false,1517.293
945,1916928,GET,true,484.924
946,3020,GET,true,19.058
947,1116,GET,true,18.187
948,6524,GET,true,16.365
949,32768,GET,false,16.766
950,1980,GET,false,14.149
951,36601856,GET,true,10500.662
952,54394880,GET,true,15538.877
953,2056,GET,false,33.158
954,12284,GET,false,17.558
955,2060,GET,false,16.146
956,2628,GET,true,31.423
957,1372,GET,true,18.049
958,2628,GET,false,14.834
959,3000,GET,false,15.007
960,3020,GET,true,18.603
961,1982464,GET,true,520.551
962,6716,PUT,false,71.255
963,3000,GET,true,17.064
964,4344,GET,true,17.188
965,14663680,GET,true,4028.723
966,2628,GET,false,19.291
967,3664,GET,true,26.707
968,16384,GET,false,34.631
969,54394880,GET,false,8361.055
970,32768,GET,true,70.356
971,6152,GET,false,30.324
972,132939776,GET,true,37378.485
973,9879552,GET,true,2754.109
974,8536,PUT,false,83.405
975,22102016,GET,false,3395.569
976,2628,GET,false,31.272
977,86900736,GET,true,24345.887
978,10764288,GET,true,3009.625
979,14663680,GET,true,3604.451
980,1760,GET,false,17.066
981,2996,GET,false,22.581
982,2112,GET,false,13.735
983,6728,GET,true,29.73
984,2844,GET,false,18.566
985,2628,GET,false,17.907
986,43368448,GET,true,11895.232
987,2420,GET,false,36.244
988,2420,GET,true,26.459
989,1332,GET,false,23.054
990,655360,GET,false,108.533
991,52920320,GET,true,15151.477
992,16384,GET,false,30.795
993,4524,GET,false,33.528
994,2080768,GET,true,551.784
995,2424,GET,true,30.53
996,16384,GET,false,30.698
997,1152,GET,false,17.895
998,1744,GET,true,23.438
999,2996,GET,true,19.564
1000,1584,GET,false,18.064
1001,2804,GET,false,16.25
1002,294912,GET,false,53.301
1003,2832,GET,true,17.157
1004,19169280,GET,false,2943.744
1005,10190848,GET,true,2748.576
1006,1332,GET,true,22.105
1007,2628,GET,true,31.448
1008,3680,GET,false,18.101
1009,1116,GET,false,12.863
1010,1368,GET,false,12.677
1011,65536,GET,true,27.866
1012,3784,GET,false,22.147
1013,51478528,GET,false,7894.229
1014,2628,GET,true,27.505
1015,117899264,GET,false,18069.847
1016,294912,GET,false,51.345
1017,2628,GET,true,21.249
1018,5232,GET,true,18.367
1019,16384,GET,true,22.198
1020,1916928,GET,false,299.483
1021,1116,GET,false,14.798
1022,655360,GET,true,160.786
1023,2144,GET,true,24.636
1024,2949120,GET,true,685.692
1025,49152,GET,true,26.956
1026,671744,GET,false,110.97
1027,2628,GET,false,19.853
1028,6972,GET,false,11.567
1029,36782080,GET,true,10253.888
1030,1772,GET,false,38.358
1031,16384,GET,false,23.484
1032,14663680,GET,true,3926.722
1033,3884,GET,false,16.079
1034,1152,GET,true,29.798
1035,1152,GET,true,15.494
1036,1116,GET,false,17.779
1037,2056,GET,true,18.759
1038,1656,GET,true,20.822
1039,26443776,GET,false,4072.546
1040,65536,GET,true,35.624
1041,2420,GET,true,19.825
1042,54394880,GET,true,15080.571
1043,2628,GET,true,57.201
1044,9338880,GET,false,1440.449
1045,2344,GET,false,20.448
1046,12284,GET,false,31.91
1047,12156,GET,true,29.614
1048,2097152,GET,true,552.939
1049,2162688,GET,false,341.92
1050,17743872,GET,true,7154.717
1051,2628,GET,true,52.271
1052,1356,GET,false,23.094
1053,2628,GET,true,20.578
1054,68943872,GET,true,19002.58
1055,2060,PUT,false,70.624
1056,52412416,GET,false,8036.879
1057,6772,GET,false,25.782
1058,2828,GET,true,27.966
1059,54394880,GET,true,15719.216
1060,52412416,GET,false,8044.324
1061,16384,GET,false,24.554
1062,12664832,GET,false,1947.755
1063,2604,GET,false,19.032
1064,6720,GET,true,39.14
1065,2949120,GET,true,786.6
1066,2628,GET,true,23.655
1067,2080768,GET,true,477.705
1068,1364,GET,false,14.52
1069,54394880,PUT,false,42610.104
1070,16384,GET,false,22.946
1071,9388032,GET,true,2821.56
1072,3220,GET,false,26.021
1073,1867776,GET,true,600.411
1074,32768,GET,false,23.839
1075,2628,GET,true,33.395
1076,86900736,GET,true,28265.811
1077,1772,GET,false,40.503
1078,65536,PUT,false,100.098
1079,901120,GET,false,147.837
1080,1176,GET,true,40.96
1081,3020,GET,true,21.163
1082,2628,GET,false,26.127
1083,3936,GET,true,30.999
1084,2056,GET,false,24.402
1085,65699840,PUT,false,23426.661
1086,2804,GET,false,35.028
1087,147456,GET,true,73.817
1088,3220,GET,false,26.298
1089,12284,GET,true,28.176
1090,3220,GET,true,20.601
1091,9338880,GET,false,1442.036
1092,1116,GET,false,16.884
1093,1584,GET,true,31.492
1094,16187392,GET,false,2486.882
1095,4960,GET,true,28.595
1096,65536,GET,false,17.895
1097,2310144,GET,true,658.054
1098,3784,GET,false,18.334
1099,2340,GET,false,28.011
1100,65536,GET,true,38.115
1101,67305472,GET,true,20814.362
1102,1368,GET,true,52.316
1103,15548416,GET,true,4659.967
1104,32768,GET,true,48.783
1105,51478528,GET,false,7893.928
1106,30720000,GET,true,8607.213
1107,16384,GET,false,66.307
1108,12284,GET,false,35.661
1109,6912,GET,true,26.994
1110,54394880,GET,false,8355.386
1111,54394880,PUT,false,20695.318
1112,1332,GET,false,29.691
1113,9338880,GET,true,2681.201
1114,2604,GET,true,36.724
1115,9576,GET,true,20.11
1116,655360,GET,false,109.169
1117,9572,GET,false,13.745
1118,16187392,GET,true,4248.064
1119,9027584,GET,false,4786.949
1120,4580,PUT,false,66.788
1121,10764288,GET,false,1658.955
1122,2628,GET,true,29.373
1123,2628,GET,false,18.04
1124,4284,GET,false,13.972
1125,1348,GET,true,17.256
1126,4284,GET,false,24.059
1127,1584,GET,false,18.767
1128,2310144,GET,false,361.4
1129,4284,GET,true,32.841
1130,2310144,GET,true,681.965
1131,2056,GET,true,21.823
1132,3522560,GET,true,832.284
1133,2420,GET,true,25.727
1134,3024,GET,false,18.353
1135,16384,GET,true,20.138
1136,2628,GET,true,20.496
1137,32768,PUT,false,34.052
1138,1116,GET,true,17.623
1139,12284,GET,false,12.749
1140,28229632,GET,false,4365.185
1141,12284,GET,true,27.134
1142,1490944,GET,true,349.841
1143,7200,PUT,false,29.226
1144,51478528,GET,true,14798.521
1145,7946240,GET,false,1230.913
1146,16384,GET,false,18.224
1147,2628,GET,false,19.687
1148,4088,GET,false,21.851
1149,1040,GET,true,46.702
1150,65536,GET,true,27.164
1151,12156,GET,true,25.032
1152,65880064,GET,false,10149.645
1153,3000,GET,true,35.337
1154,16384,GET,true,20.316
1155,2628,GET,false,15.599
1156,3860,GET,false,12.838
1157,2628,GET,true,22.185
1158,2628,GET,false,18.768
1159,2628,GET,true,16.455
1160,2628,GET,false,16.807
1161,2628,GET,true,16.459
1162,704512,GET,true,186.193
1163,10368,GET,false,21.128
1164,2340,GET,false,13.981
1165,4620,GET,false,19.476
1166,5628,GET,true,22.742
1167,2628,GET,false,13.01
1168,147456,GET,true,43.479
1169,2996,GET,true,25.183
1170,16384,GET,true,28.82
1171,19578880,GET,false,3010.116
1172,2097152,GET,false,328.537
1173,7946240,GET,true,2228.915
1174,294912,GET,false,57.738
1175,6782976,GET,true,1572.814
1176,128532480,GET,true,37017.277
1177,16384,GET,false,30.866
1178,54394880,GET,true,15974.382
1179,2832,GET,false,40.36
1180,2628,GET,false,19.708
1181,12156,GET,false,28.184
1182,4444,GET,true,34.548
1183,2424,GET,true,28.059
1184,32768,GET,false,19.238
1185,16384,GET,false,14.503
1186,655360,GET,false,108.381
1187,16384,GET,true,21.176
1188,10576,GET,true,15.907
1189,2628,GET,true,17.845
1190,2080768,GET,true,558.852
1191,10576,GET,false,19.116
1192,147456,GET,false,34.611
1193,3044,GET,true,17.783
1194,2604,GET,false,20.197
1195,1720,PUT,false,34.965
1196,2628,GET,true,24.193
1197,2310144,GET,true,540.389
1198,16384,GET,false,22.397
1199,2628,GET,false,21.682
1200,16384,GET,true,27.258
1201,2628,GET,true,29.36
1202,32768,GET,false,22.321
1203,1116,GET,false,22.033
1204,2228224,GET,true,513.865
1205,1292,PUT,false,32.91
1206,4833280,GET,true,1233.381
1207,14216,GET,true,28.835
1208,10576,GET,true,25.524
1209,32768,GET,true,25.792
1210,20398080,GET,true,5672.027
1211,2628,GET,true,36.958
1212,1772,GET,true,27.356
1213,294912,GET,false,52.351
1214,3220,GET,false,12.969
1215,9388032,GET,false,1451.579
1216,2195456,GET,true,515.979
1217,5232,GET,false,19.532
1218,3048,GET,true,28.064
1219,2628,GET,true,16.278
1220,7368,PUT,false,31.31
1221,7241728,PUT,false,2219.421
1222,901120,GET,false,157.198
1223,2628,GET,true,39.831
1224,4931584,GET,false,764.19
1225,49152,GET,false,17.212
1226,9544,GET,true,25.611
1227,16384,GET,true,24.608
1228,2060,GET,true,16.303
1229,2628,GET,true,23.168
1230,2212,GET,false,18.281
1231,16384,GET,false,19.195
1232,2628,GET,false,18.724
1233,2628,GET,false,17.009
1234,3020,GET,false,18.656
1235,11059200,GET,false,1701.641
1236,2340,GET,true,25.576
1237,671744,PUT,false,283.903
1238,2804,GET,true,60.99
1239,2310144,GET,false,361.658
1240,9576,GET,false,20.249
1241,14663680,GET,true,3766.008
1242,4524,GET,false,23.25
1243,1152,GET,true,23.499
1244,8036,GET,true,27.757
1245,65536,GET,false,19.137
1246,2628,GET,true,24.532
1247,12284,GET,true,22.177
1248,1064960,GET,false,170.99
1249,15548416,GET,false,2406.247
1250,1356,GET,false,21.195
1251,9576,GET,false,13.572
1252,1064960,GET,false,170.612
1253,2310144,GET,false,361.141
1254,11747328,GET,true,2731.054
1255,30720000,GET,true,8116.492
1256,2412,GET,true,40.172
1257,32768,GET,true,27.823
1258,16384,GET,true,24.026
1259,2628,GET,false,16.958
1260,3680,GET,false,13.525
1261,1128,GET,true,24.193
1262,1152,GET,true,25.696
1263,2628,GET,true,15.165
1264,2212,GET,false,17.89
1265,12156,GET,false,16.121
1266,16187392,GET,true,4091.983
1267,2420,GET,true,30.721
1268,12156,GET,false,13.958
1269,2628,GET,true,23.804
1270,2628,GET,false,14.933
1271,54394880,GET,false,8358.071
1272,32768,GET,false,20.686
1273,1507328,GET,true,370.219
1274,2113536,GET,false,332.053
1275,2420,GET,false,19.125
1276,2628,GET,false,14.286
1277,2949120,GET,true,686.316
1278,1772,GET,true,25.859
1279,16384,GET,true,21.558
1280,3784,GET,true,19.628
1281,2628,GET,false,14.964
1282,4960,GET,true,14.453
1283,3342336,GET,false,521.384
1284,6720,GET,false,14.744
1285,884736,GET,true,209.171
1286,2375680,GET,true,546.855
1287,2996,GET,true,19.271
1288,3376,GET,false,18.443
1289,6376,GET,true,27.256
1290,1492,GET,true,21.667
1291,2420,GET,false,21.123
1292,10092,GET,true,18.295
1293,2144,GET,true,14.301
1294,5284,GET,false,16.199
1295,6912,GET,false,19.068
1296,819200,GET,true,195.194
1297,884736,GET,true,211.077
1298,65536,GET,true,32.646
1299,43204608,GET,false,6638.689
1300,2408,GET,true,17.103
1301,819200,GET,false,132.474
1302,4284,GET,true,32.727
1303,1356,GET,true,20.786
1304,2056,GET,false,19.791
1305,655360,GET,true,160.392
1306,55967744,GET,false,8592.201
1307,43368448,GET,false,6651.115
1308,1982464,GET,true,460.567
1309,2620,GET,false,13.965
1310,3000,GET,true,23.382
1311,3652,GET,false,20.114
1312,2344,GET,true,22.932
1313,2628,GET,false,15.593
1314,52412416,GET,true,14594.542
1315,32768,GET,false,26.372
1316,3784,GET,true,43.35
1317,30720000,GET,true,8840.532
1318,2340,GET,false,47.211
1319,9027584,GET,false,1393.497
1320,16384,GET,true,31.739
1321,16187392,GET,true,4254.503
1322,2195456,GET,true,522.959
1323,9576,GET,false,16.387
1324,1156,GET,false,16.781
1325,2628,GET,true,25.016
1326,1336,GET,true,16.673
1327,294912,GET,false,54.266
1328,2344,GET,true,17.767
1329,1772,GET,true,21.127
1330,2628,GET,false,19.182
1331,1128,GET,true,27.894
1332,3220,GET,true,23.141
1333,16384,GET,true,30.581
1334,1584,GET,false,17.746
1335,12284,GET,true,19.075
1336,3020,GET,true,17.206
1337,22331392,GET,true,5482.241
1338,3884,GET,true,32.781
1339,4524,GET,false,13.634
1340,2144,GET,true,19.751
1341,2310144,GET,false,361.687
1342,2620,GET,true,22.907
1343,2628,GET,true,17.41
1344,2080768,GET,false,326.969
1345,54394880,PUT,false,20635.241
1346,1364,GET,true,67.92
1347,32768,GET,true,42.849
1348,49152,GET,false,38.295
1349,2628,GET,true,22.513
1350,2060,GET,false,14.28
1351,2628,GET,false,17.596
1352,16384,GET,true,24.878
1353,16384,GET,true,32.396
1354,2195456,GET,false,344.218
1355,1332,GET,true,17.586
1356,13910016,GET,false,2157.467
1357,9240,GET,false,16.515
1358,4931584,GET,true,1304.273
1359,3448,GET,false,26.149
1360,2097152,GET,false,329.737
1361,2344,GET,false,19.223
1362,2828,GET,true,17.506
1363,9338880,GET,true,2399.084
1364,2628,GET,false,14.362
1365,2628,GET,true,18.697
1366,12284,GET,true,18.996
1367,6968,GET,false,18.18
1368,2820,GET,true,25.372
1369,3680,GET,true,27.966
1370,2628,GET,false,18.195
1371,2212,GET,false,13.771
1372,16187392,GET,true,6325.563
1373,9576,GET,true,31.219
1374,3342336,GET,true,3398.589
1375,12156,GET,false,15.77
1376,2628,GET,true,19.386
1377,16384,GET,false,16.021
1378,2340,GET,false,16.174
1379,311296,GET,true,82.324
1380,3936,GET,false,23.912
1381,1152,GET,true,17.167
1382,1507328,GET,true,349.032
1383,1584,GET,false,12.922
1384,1372,GET,false,14.166
1385,4341760,GET,true,1816.142
1386,1507328,GET,false,239.323
1387,6632,GET,false,19.885
1388,9544,GET,false,16.775
1389,2060,GET,false,20.694
1390,1372,GET,true,17.426
1391,16384,GET,false,15.941
1392,2310144,GET,false,360.619
1393,10156,GET,true,17.625
1394,2344,GET,false,13.822
1395,1900544,GET,false,299.537
1396,16384,GET,true,16.61
1397,1336,GET,false,20.365
1398,2832,GET,true,15.489
1399,655360,GET,true,157.955
1400,2949120,GET,true,679.583
1401,2804,GET,false,20.085
1402,1356,GET,false,18.017
1403,53280768,GET,true,53885.137
1404,2628,GET,false,29.69
1405,1980,GET,false,23.541
1406,9338880,GET,false,1438.258
1407,3376,GET,false,15.906
1408,132939776,GET,false,20373.918
1409,83017728,PUT,false,45273.335
1410,51478528,GET,true,17600.136
1411,12156,GET,false,57.741
1412,2056,GET,false,30.357
1413,16384,GET,true,43.481
1414,49152,GET,false,33.097
1415,1064960,GET,true,351.789
1416,22740992,GET,true,7450.148
1417,9338880,GET,true,2765.978
1418,4734976,GET,true,1357.184
1419,2340,GET,false,21.82
1420,30720000,GET,false,4738.296
1421,1128,GET,true,24.553
1422,3440640,GET,true,958.925
1423,2628,GET,false,17.382
1424,3981312,GET,false,621.42
1425,2628,GET,false,24.891
1426,16384,GET,false,17.089
1427,1772,GET,false,16.773
1428,1772,GET,true,23.639
1429,2804,GET,false,16.679
1430,819200,GET,true,235.984
1431,2628,GET,false,19.474
1432,65536,GET,false,18.394
1433,1064960,GET,true,301.239
1434,2828,GET,false,20.677
1435,1368,GET,true,24.13
1436,1772,GET,false,18.797
1437,19791872,GET,false,3044.482
1438,2404,GET,true,21.541
1439,65536,GET,false,18.935
1440,2804,GET,false,15.993
1441,12284,GET,true,30.502
1442,5865472,GET,true,1573.395
1443,10764288,GET,true,2914.525
1444,1356,GET,true,23.848
1445,1900544,GET,false,298.309
1446,2832,GET,true,30.063
1447,3024,GET,true,34.806
1448,1368,GET,true,27.991
1449,37994496,GET,false,7286.995
1450,2628,GET,true,65.774
1451,344064,GET,true,227.354
1452,1900544,GET,true,512.649
1453,135217152,GET,false,20725.213
1454,3948,PUT,false,65.671
1455,15076,GET,true,36.932
1456,2628,GET,false,24.355
1457,12156,GET,false,14.94
1458,238272512,GET,true,146133.384
1459,2628,GET,true,56.864
1460,4964352,GET,true,1347.135
1461,737280,GET,false,123.392
1462,16384,GET,false,21.002
1463,107757568,GET,true,31111.681
1464,16384,GET,true,60.732
1465,52412416,GET,false,8053.927
1466,65536,GET,true,33.209
1467,1818624,GET,true,473.786
1468,1980,GET,true,25.476
1469,2628,GET,false,13.614
1470,12284,GET,true,18.174
1471,26443776,GET,false,4073.122
1472,32768,GET,false,23.472
1473,1128,GET,true,16.746
1474,1772,GET,false,15.878
1475,2420,GET,false,11.903
1476,27918336,GET,false,4306.644
1477,16384,GET,true,22.158
1478,1128,GET,false,33.984
1479,2112,GET,false,20.007
1480,819200,GET,true,197.252
1481,3784,GET,false,18.846
1482,65536,GET,false,18.264
1483,2628,GET,false,14.288
1484,2628,GET,true,20.886
1485,19578880,GET,true,5543.498
1486,16384,GET,true,28.326
1487,2832,GET,false,13.674
1488,12284,GET,true,21.209
1489,1040,GET,false,18.862
1490,10368,GET,true,17.752
1491,151633920,GET,false,23244.328
1492,819200,GET,true,200.801
1493,87965696,GET,false,13491.702
1494,1982464,GET,false,310.428
1495,3904,GET,false,15.894
1496,327680,GET,false,56.472
1497,16384,GET,true,16.843
1498,22904832,GET,true,5818.554
1499,2804,GET,false,21.735
1500,10088,GET,false,30.091
1501,10088,GET,true,29.149
1502,3522560,GET,true,843.397
1503,1584,GET,true,23.908
1504,3024,GET,true,18.148
1505,9576,GET,true,15.422
1506,2490368,GET,true,570.102
1507,147456,GET,false,35.705
1508,4284,GET,true,16.629
1509,3240,PUT,false,53.339
1510,1916928,GET,false,299.811
1511,1116,GET,false,11.305
1512,54394880,GET,true,46162.115
1513,3020,GET,true,51.796
1514,4524,GET,true,20.37
1515,2144,GET,false,21.218
1516,1916928,GET,false,306.252
1517,12156,GET,false,14.129
1518,26443776,GET,true,7620.254
1519,2628,GET,false,25.886
1520,54394880,GET,false,8347.557
1521,10240000,GET,true,2724.972
1522,86900736,GET,true,26256.198
1523,15548416,GET,true,4423.752
1524,10764288,GET,false,1666.651
1525,9576,GET,false,14.008
1526,2080768,GET,true,494.439
1527,2628,GET,false,16.948
1528,2056,GET,false,16.297
1529,2195456,GET,false,344.248
1530,86900736,GET,false,13325.735
1531,1336,GET,false,22.512
1532,9544,GET,false,13.897
1533,147456,GET,true,48.709
1534,2310144,GET,false,363.149
1535,1896,GET,true,25.642
1536,4960,GET,false,22.255
1537,10088,GET,true,18.656
1538,2604,GET,false,18.462
1539,2260,GET,false,18.807
1540,51478528,GET,false,7894.936
1541,2112,GET,true,18.629
1542,1900544,GET,false,298.448
1543,2628,GET,false,13.872
1544,2628,GET,false,11.426
1545,2404,GET,true,16.074
1546,1372,GET,false,24.279
1547,2628,GET,true,16.929
1548,2056,GET,false,13.087
1549,1368,GET,true,15.043
1550,3784,GET,false,12.918
1551,2344,GET,true,21.791
1552,16187392,GET,false,2485.591
1553,16384,GET,false,14.352
1554,2628,GET,true,14.669
1555,2604,GET,true,23.341
1556,9576,GET,true,16.06
1557,54394880,GET,true,15282.512
1558,54394880,GET,true,15972.514
1559,1156,GET,true,70.18
1560,2804,GET,true,29.058
1561,23822336,PUT,false,9298.733
1562,65699840,GET,false,10084.022
1563,1584,GET,true,44.973
1564,52477952,GET,true,18760.214
1565,2628,GET,false,46.809
1566,32768,GET,false,20.307
1567,12284,GET,false,15.124
1568,1772,GET,false,20.134
1569,10576,GET,false,12.929
1570,10088,GET,false,14.699
1571,819200,GET,false,132.122
1572,2628,GET,true,34.58
1573,2628,GET,false,13.654
1574,12284,GET,false,10.986
1575,12156,GET,true,21.063
1576,2060,GET,false,34.335
1577,2628,GET,false,17.012
1578,655360,GET,false,112.421
1579,22102016,GET,false,3392.93
1580,3376,GET,true,28.25
1581,2628,GET,false,14.792
1582,9519104,GET,true,2646.873
1583,1040,GET,true,23.537
1584,1772,GET,false,15.249
1585,19791872,GET,false,3041.579
1586,1576,GET,true,18.262
1587,225198080,GET,true,128260.78
1588,2832,GET,false,35.52
1589,1982464,GET,true,558.051
1590,9617408,GET,true,2639.526
1591,1064960,GET,true,254.987
1592,9027584,GET,false,1390.894
1593,2832,GET,true,18.597
1594,2604,GET,true,24.911
1595,1128,GET,false,14.564
1596,671744,GET,false,110.312
1597,2344,GET,true,17.304
1598,2628,GET,false,13.012
1599,1372,GET,false,14.091
1600,3648,GET,true,19.089
1601,2172,GET,true,16.181
1602,3376,GET,true,22.132
1603,1772,GET,true,17.751
1604,2628,GET,false,11.908
1605,16384,GET,true,18.971
1606,10088,GET,true,15.802
1607,2949120,GET,false,459.43
1608,1772,GET,true,17.232
1609,2404,GET,true,22.004
1610,6716,PUT,false,35.828
1611,54394880,PUT,false,15022.076
1612,3457024,GET,true,940.776
1613,1332,GET,false,31.41
1614,819200,GET,true,200.171
1615,1152,GET,true,25.683
1616,3652,GET,false,13.978
1617,15548416,GET,false,2403.015
1618,2628,GET,true,19.968
1619,2344,GET,false,13.11
1620,86900736,GET,false,13365.894
1621,3220,GET,true,18.465
1622,2628,GET,false,24.731
1623,10764288,GET,true,2951.276
1624,4524,GET,true,26.329
1625,1900,GET,true,22.484
1626,671744,GET,true,165.099
1627,1980,GET,false,24.299
1628,16384,GET,true,20.729
1629,3162112,PUT,false,1169.115
1630,2628,GET,false,43.736
1631,30720000,GET,false,4714.724
1632,2628,GET,false,18.716
1633,12656,GET,true,47.279
1634,16384,GET,true,39.648
1635,16384,GET,false,14.943
1636,6712,GET,true,26.203
1637,1372,GET,true,22.932
1638,3220,GET,false,12.327
1639,3000,GET,true,16.511
1640,294912,GET,true,79.258
1641,2604,GET,true,21.649
1642,1372,GET,false,14.088
1643,2097152,GET,true,526.25
1644,9576,GET,false,21.15
1645,2344,GET,false,18.042
1646,2628,GET,false,17.71
1647,2628,GET,true,22.282
1648,294912,GET,false,56.46
1649,2628,GET,false,13.113
1650,1584,GET,false,13.064
1651,16187392,GET,true,4189.741
1652,3256,GET,true,24.142
1653,6940,GET,false,20.816
1654,10576,GET,false,13.043
1655,78348288,GET,true,22243.73
1656,2604,GET,false,44.488
1657,30720000,GET,true,8982.714
1658,54394880,GET,true,43740.7
1659,4931584,GET,true,1572.133
1660,2310144,GET,false,366.212
1661,65536,GET,false,18.706
1662,132939776,GET,false,20376.525
1663,3000,GET,false,13.679
1664,10780672,GET,false,1660.622
1665,1152,GET,true,20.747
1666,1416,GET,false,16.052
1667,2056,GET,false,23.476
1668,12156,GET,false,14.314
1669,2056,GET,true,24.316
1670,2244608,PUT,false,834.547
1671,11500,GET,false,22.589
1672,294912,GET,true,98.094
1673,3376,GET,false,20.801
1674,12284,GET,false,14.694
1675,2080768,GET,true,484.438
1676,16384,GET,true,22.829
1677,2080768,GET,false,325.455
1678,1372,GET,true,27.798
1679,86900736,GET,false,13326.434
1680,54394880,GET,false,8346.112
1681,2490368,GET,false,396.795
1682,2060,GET,false,14.947
1683,2424,GET,true,19.033
1684,2260,GET,false,16.436
1685,2060,GET,false,10.248
1686,655360,GET,false,106.463
1687,3000,GET,true,13.668
1688,1916928,GET,false,299.769
1689,1332,GET,false,11.229
1690,2056,GET,false,9.825
1691,26443776,GET,true,12236.892
1692,10320,GET,true,37.836
1693,9633792,GET,false,1489.805
1694,2949120,GET,true,724.027
1695,2628,GET,true,21.476
1696,1356,GET,true,24.907
1697,43499520,GET,true,12025.573
1698,12284,GET,false,27.024
1699,2310144,GET,false,363.016
1700,2628,GET,true,30.649
1701,2628,GET,true,16.458
1702,16384,GET,false,17.182
1703,43499520,PUT,false,12026.033
1704,2060,GET,false,21.303
1705,16384,GET,true,53.038
1706,2310144,GET,true,607.871
1707,110198784,PUT,false,91140.444
1708,51478528,GET,true,14845.338
1709,6992,PUT,false,62.138
1710,52412416,GET,false,8058.197
1711,1867776,PUT,false,663.196
1712,1146880,GET,false,185.962
1713,1048576,PUT,false,293.104
1714,2628,GET,false,32.796
1715,1720,PUT,false,49.563
1716,14385152,GET,false,2222.053
1717,3100,GET,true,29.284
1718,1356,GET,true,18.83
1719,110198784,GET,false,16899.74
1720,16384,GET,true,23.744
1721,8684,GET,true,19.495
1722,1068,GET,true,16.877
1723,2628,GET,true,23.104
1724,16384,GET,true,14.537
1725,1982464,GET,false,311.31
1726,16384,GET,false,20.123
1727,15368192,GET,true,4355.544
1728,2832,GET,false,21.244
1729,2832,GET,true,22.611
1730,9576,GET,true,21.227
1731,28606464,GET,false,4393.576
1732,147456,GET,true,46.851
1733,2996,GET,true,18.58
1734,2628,GET,true,17.226
1735,16384,GET,true,16.903
1736,7052,GET,true,17.841
1737,2832,GET,false,13.835
1738,2628,GET,false,12.335
1739,23822336,GET,false,3671.675
1740,2310144,GET,false,360.949
1741,3342336,GET,false,521.299
1742,6712,GET,true,25.201
1743,2052,GET,true,22.088
1744,3020,GET,true,16.854
1745,1356,GET,true,16.475
1746,12156,GET,false,13.988
1747,3020,GET,true,19.765
1748,3020,GET,true,20.68
1749,2996,GET,false,18.505
1750,2844,GET,false,13.546
1751,2628,GET,false,12.501
1752,12656,GET,true,24.465
1753,294912,GET,false,52.138
1754,1916928,GET,false,300.712
1755,1368,GET,true,22.27
1756,3680,GET,true,21.589
1757,2388,GET,true,16.689
1758,1152,GET,true,15.725
1759,294912,GET,true,79.825
1760,1867776,GET,true,452.566
1761,2628,GET,false,12.831
1762,20365312,GET,false,3127.734
1763,5236,GET,true,20.334
1764,4148,GET,true,26.877
1765,4524,GET,false,12.034
1766,5184,GET,true,16.558
1767,2804,GET,false,11.891
1768,2195456,GET,true,511.918
1769,3000,GET,false,18.803
1770,3672,GET,true,29.032
1771,6716,GET,false,30.802
1772,15368192,PUT,false,4642.562
1773,7016,GET,true,42.305
1774,3784,GET,true,33.478
1775,2344,GET,true,15.64
1776,19578880,GET,false,3008.314
1777,140279808,GET,false,21505.066
1778,6664,GET,false,17.641
1779,4833280,GET,true,1249.962
1780,4576,GET,false,19.413
1781,16384,GET,false,12.256
1782,10368,GET,true,28.324
1783,107757568,GET,false,16511.587
1784,1900544,GET,false,296.873
1785,278528,GET,true,75.47
1786,2844,GET,true,22.773
1787,2628,GET,true,12.188
1788,1584,GET,false,14.392
1789,16384,GET,true,15.439
1790,65536,GET,true,23.04
1791,12284,GET,true,15.994
1792,5688,GET,true,14.89
1793,12284,GET,false,10.648
1794,2340,GET,true,18.876
1795,1576,GET,false,11.106
1796,16187392,GET,false,2486.629
1797,2628,GET,false,10.913
1798,16187392,GET,false,2486.668
1799,12156,GET,true,22.436
1800,12284,GET,true,15.536
1801,3680,GET,true,12.212
1802,2244608,GET,true,520.83
1803,23822336,GET,false,3655.67
1804,4580,GET,false,13.563
1805,65536,GET,true,30.844
1806,2056,PUT,false,30.908
1807,32768,GET,false,25.603
1808,671744,PUT,false,261.227
1809,2604,GET,false,20.497
1810,819200,GET,true,222.803
1811,1332,GET,true,18.675
1812,2628,GET,false,11.841
1813,12284,GET,false,9.728
1814,671744,PUT,false,1043.537
1815,2628,GET,true,32.382
1816,2628,GET,false,11.963
1817,4904,GET,true,15.997
1818,32768,GET,false,12.992
1819,2060,PUT,false,25.82
1820,2008,GET,true,13.04
1821,1152,GET,true,13.002
1822,5560,GET,true,14.383
1823,30720000,GET,true,8625.352
1824,16384,GET,true,31.761
1825,1356,GET,false,14.34
1826,2949120,GET,false,460.634
1827,6376,GET,false,17.898
1828,1336,GET,true,16.688
1829,86900736,GET,false,13324.327
1830,2080768,GET,false,325.585
1831,1368,GET,true,15.965
1832,147456,GET,true,45.955
1833,819200,GET,true,207.277
1834,2628,GET,true,17.072
1835,16384,GET,false,16.263
1836,2996,GET,true,20.836
1837,1900544,GET,true,470.171
1838,2195456,GET,true,511.018
1839,9027584,GET,true,2413.902
1840,4960,GET,false,23.997
1841,16384,GET,false,13.117
1842,2628,GET,false,13.813
1843,51478528,GET,false,7891.665
1844,3652,PUT,false,36.978
1845,1156,GET,false,12.348
1846,3342336,GET,false,518.813
1847,2628,GET,false,18.765
1848,2260,GET,false,12.82
1849,147456,GET,true,44.953
1850,83247104,GET,true,23135.197
1851,1116,GET,true,51.29
1852,51478528,GET,true,14775.561
1853,65536,GET,false,43.012
1854,2628,GET,true,29.749
1855,30720000,GET,true,8725.934
1856,1584,GET,true,49.731
1857,32768,GET,true,26.762
1858,1064960,GET,true,267.141
1859,1900544,GET,true,465.585
1860,294912,GET,true,78.052
1861,2256,GET,true,25.481
1862,5160960,GET,true,1282.736
1863,17121280,GET,true,4361.489
1864,3196,GET,true,23.043
1865,2056,GET,true,23.353
1866,132939776,PUT,false,80489.382
1867,54394880,GET,false,8342.916
1868,26443776,GET,true,7709.77
1869,15548416,GET,true,3930.934
1870,16384,GET,false,20.648
1871,1966080,GET,false,312.861
1872,26443776,GET,true,6574.3
1873,2628,GET,false,22.712
1874,2420,GET,false,19.668
1875,16384,GET,true,26.572
1876,1128,GET,false,11.299
1877,3652,GET,false,13.195
1878,1156,GET,true,18.027
1879,4284,GET,true,31.545
1880,819200,GET,true,204.639
1881,1982464,GET,true,472.049
1882,1796,GET,true,21.211
1883,2628,GET,false,15.346
1884,2056,GET,true,16.568
1885,21954560,GET,false,3372.69
1886,51478528,GET,true,14135.024
1887,4960,GET,true,57.669
1888,1507328,GET,true,393.501
1889,9175040,GET,false,1416.786
1890,2628,GET,true,22.332
1891,2604,GET,true,16.631
1892,1772,GET,true,16.284
1893,2628,GET,false,14.379
1894,1236,GET,true,25.193
1895,1900,GET,true,25.563
1896,1772,GET,true,14.958
1897,1372,GET,true,16.642
1898,2097152,GET,true,508.645
1899,3522560,GET,true,859.063
1900,3220,GET,false,30.006
1901,2628,GET,true,18.971
1902,147456,GET,false,29.908
1903,16187392,GET,false,2486.461
1904,13598720,GET,false,2092.849
1905,2628,GET,false,13.804
1906,86900736,GET,false,13323.968
1907,3020,GET,false,20.946
1908,819200,GET,false,132.807
1909,2310144,GET,true,535.226
1910,3020,GET,false,14.634
1911,671744,GET,false,108.719
1912,1772,GET,false,10.355
1913,170737664,GET,true,56868.747
1914,1356,GET,false,32.991
1915,16384,GET,true,40.217
1916,2056,GET,true,20.052
1917,2080768,GET,true,553.165
1918,294912,GET,false,54.199
1919,2628,GET,true,17.646
1920,38174720,GET,false,5856.766
1921,1356,GET,false,12.158
1922,9338880,GET,false,1441.501
1923,1336,GET,true,22.307
1924,52412416,GET,false,8036.424
1925,2195456,GET,true,517.958
1926,86900736,GET,false,13317.407
1927,2404,GET,false,21.832
1928,1156,GET,false,13.14
1929,2056,GET,false,16.423
1930,12156,GET,true,24.536
1931,4960,GET,false,16.297
1932,6680,GET,false,15.827
1933,2244608,GET,false,350.785
1934,10688,GET,true,21.027
1935,2628,GET,true,17.369
1936,1156,GET,false,10.83
1937,236584960,GET,false,36266.892
1938,7476,GET,false,11.726
1939,9240,GET,false,13.267
1940,1116,GET,true,16.048
1941,8636,GET,true,16.933
1942,51478528,GET,true,14839.149
1943,6924,GET,false,38.211
1944,86900736,GET,false,13330.925
1945,5476,GET,true,35.564
1946,36601856,GET,true,10617.958
1947,14663680,GET,false,2273.75
1948,49152,GET,false,16.875
1949,26443776,GET,true,7255.261
1950,12156,GET,false,23.359
1951,89079808,GET,true,25006.547
1952,2260,GET,false,37.311
1953,3936,GET,false,19.351
1954,6712,GET,true,35.261
1955,16384,GET,true,21.947
1956,65536,GET,false,16.195
1957,3784,GET,false,16.541
1958,2112,GET,true,20.303
1959,1982464,GET,false,311.525
1960,16384,GET,true,23.146
1961,3522560,GET,false,546.656
1962,1152,GET,false,20.424
1963,12156,GET,true,20.917
1964,3244032,GET,true,851.439
1965,2844,GET,false,17.215
1966,9576,GET,true,30.934
1967,4372,GET,true,18.803
1968,16384,GET,true,19.059
1969,2310144,GET,false,360.33
1970,3376,GET,false,11.751
1971,1116,GET,false,14.131
1972,9338880,GET,false,1437.897
1973,3325952,GET,false,528.498
1974,2828,GET,true,19.668
1975,671744,GET,true,163.755
1976,2628,GET,true,20.227
1977,10764288,GET,false,1656.835
1978,3048,GET,true,19.896
1979,86900736,GET,true,24659.033
1980,2628,GET,false,29.797
1981,16384,GET,false,17.171
1982,107757568,GET,true,30655.849
1983,737280,GET,false,127.167
1984,14663680,GET,true,4107.392
1985,1128,GET,true,29.659
1986,357482496,GET,true,527865.686
1987,6728,PUT,false,69.216
1988,1048576,GET,false,172.626
1989,2480,GET,true,30.616
1990,16580608,GET,false,2565.38
1991,1988,GET,false,17.236
1992,117899264,GET,false,18067.404
1993,2628,GET,false,15.301
1994,28557312,PUT,false,10860.718
1995,2420,GET,true,57.934
1996,4496,PUT,false,39.5
1997,1576,GET,false,18.255
1998,2628,GET,false,31.08
1999,2212,GET,true,16.848
2000,12284,GET,false,15.201
2001,1152,GET,false,13.714
2002,2628,GET,false,12.775
2003,2420,GET,false,14.394
2004,12156,GET,false,19.884
2005,12284,GET,true,19.231
2006,2490368,GET,false,390.563
2007,17743872,GET,true,4770.474
2008,15080,GET,true,29.21
2009,1336,GET,false,15.561
2010,12284,GET,false,12.901
2011,1916928,GET,false,302.267
2012,9338880,GET,false,1440.732
2013,3020,GET,false,10.986
2014,278528,GET,false,50.533
2015,1804,PUT,false,30.43
2016,16384,GET,true,20.334
2017,294912,GET,true,80.156
2018,2628,GET,true,20.049
2019,12284,GET,false,13.077
2020,9060,PUT,false,30.903
2021,15076,GET,true,24.603
2022,1040,GET,false,16.886
2023,4496,GET,true,16.893
2024,12517376,GET,false,1927.094
2025,2628,GET,true,18.635
2026,87965696,PUT,false,31358.669
2027,1988,GET,true,97.178
2028,16384,GET,true,28.234
2029,10368,GET,true,20.51
2030,2628,GET,true,21.985
2031,1982464,GET,true,522.597
2032,2628,GET,false,14.185
2033,2628,GET,true,20.372
2034,2056,GET,false,14.087
2035,16384,GET,false,15.669
2036,2832,GET,false,13.448
2037,12284,GET,false,14.023
2038,2628,GET,false,13.616
2039,3220,GET,false,14.663
2040,3522560,GET,false,547.215
2041,1988,GET,true,25.707
2042,2832,GET,false,11.783
2043,16384,GET,false,11.335
2044,10698752,GET,true,2900.261
2045,278528,GET,false,62.453
2046,2420,GET,false,13.832
2047,2097152,GET,true,486.809
2048,2404,GET,true,23.352
2049,8142848,GET,true,1852.574
2050,121733120,GET,false,18659.699
2051,1982464,GET,true,473.581
2052,3522560,GET,true,806.029
2053,1980,GET,false,13.904
2054,2195456,GET,false,344.66
2055,9879552,GET,true,13544.928
2056,1780,GET,false,36.347
2057,2216,GET,false,25.917
2058,2628,GET,true,33.263
2059,8004,GET,false,23.855
2060,2832,PUT,false,41.109
2061,2628,GET,true,17.656
2062,86900736,GET,false,13317.726
2063,6708,PUT,false,34.243
2064,1128,GET,true,17.495
2065,1622016,GET,true,419.437
2066,12156,GET,true,20.366
2067,2184,GET,false,19.651
2068,1336,GET,false,14.089
2069,12284,GET,true,18.527
2070,12284,GET,false,14.451
2071,2628,GET,false,15.191
2072,4068,GET,false,10.385
2073,1332,GET,true,20.048
2074,8636,GET,false,15.517
2075,43499520,GET,false,6682.432
2076,4372,GET,true,26.317
2077,6616,GET,true,16.5
2078,3376,GET,true,20.587
2079,2056,GET,true,17.154
2080,1368,GET,false,12.565
2081,3342336,GET,true,829.018
2082,86900736,GET,false,13318.643
2083,16384,GET,false,22.394
2084,21872640,GET,false,3357.049
2085,1604,GET,false,17.605
2086,344064,GET,true,94.984
2087,1116,GET,true,21.883
2088,10576,GET,false,11.06
2089,2628,GET,true,15.469
2090,2310144,GET,true,530.599
2091,1584,GET,true,17.262
2092,65536,GET,true,24.153
2093,2310144,GET,true,527.255
2094,1932,GET,true,20.552
2095,55967744,GET,true,15710.422
2096,1336,GET,false,30.13
2097,32768,GET,false,14.001
2098,16384,GET,false,20.358
2099,16580608,GET,true,4611.031
2100,1980,GET,false,17.265
2101,12156,GET,true,27.917
2102,3000,GET,false,13.318
2103,1336,GET,true,16.324
2104,1900,GET,true,22.755
2105,1982464,GET,true,468.712
2106,5560,GET,true,20.361
2107,5560,GET,true,26.233
2108,12284,GET,true,17.604
2109,819200,GET,true,194.098
2110,1156,GET,true,29.379
2111,2628,GET,false,13.077
2112,54394880,GET,true,15029.312
2113,1424,GET,true,40.749
2114,2420,GET,false,19.345
2115,2628,GET,false,17.716
2116,2340,GET,true,25.72
2117,9544,GET,true,18.243
2118,819200,GET,false,132.655
2119,2412,GET,false,13.693
2120,16384,GET,true,26.896
2121,12156,GET,true,16.647
2122,54394880,GET,true,15732.48
2123,3664,PUT,false,61.656
2124,12156,GET,true,30.431
2125,12156,GET,true,18.207
2126,3020,GET,true,17.37
2127,3860,GET,false,14.35
2128,6788,GET,false,21.162
2129,11059200,GET,true,3055.961
2130,12284,GET,false,17.121
2131,9576,GET,false,14.161
2132,2260,GET,false,12.961
2133,12284,GET,false,14.409
2134,3342336,GET,true,770.689
2135,2420,GET,true,19.428
2136,6720,GET,true,18.956
2137,2112,GET,false,15.118
2138,671744,PUT,false,324.341
2139,4960,GET,true,63.26
2140,2344,GET,true,25.003
2141,2844,GET,false,13.93
2142,4148,PUT,false,32.058
2143,2060,GET,true,20.037
2144,1966080,GET,false,309.2
2145,819200,GET,false,135.133
2146,2628,GET,false,14.034
2147,2628,GET,false,13.277
2148,16384,PUT,false,29.732
2149,2420,GET,false,13.751
2150,5236,GET,true,24.856
2151,1368,GET,false,18.298
2152,2228224,GET,true,520.602
2153,2244608,GET,false,355.617
2154,15548416,GET,true,3892.251
2155,54394880,GET,false,8359.337
2156,1356,GET,false,14.692
2157,3196,GET,false,14.97
2158,1152,GET,false,14.752
2159,16384,GET,true,21.062
2160,7476,GET,true,22.845
2161,6920,GET,false,20.196
2162,3342336,GET,false,519.932
2163,9027584,GET,false,1390.725
2164,16384,GET,false,19.165
2165,12156,GET,true,22.948
2166,2628,GET,true,25.072
2167,2628,GET,true,16.043
2168,2310144,GET,true,534.02
2169,2056,GET,false,13.683
2170,16384,GET,true,20.158
2171,2080768,GET,false,325.996
2172,12284,GET,true,17.84
2173,42483712,GET,true,11650.756
2174,1980,GET,false,30.583
2175,15548416,GET,true,4444.959
2176,54394880,GET,true,15179.467
2177,9576,GET,false,113.481
2178,1152,GET,false,31.186
2179,2060,PUT,false,47.981
2180,3000,GET,true,28.317
2181,2804,GET,true,29.254
2182,2804,GET,true,14.098
2183,16384,GET,true,17.367
2184,4284,GET,true,55.301
2185,2628,GET,true,32.526
2186,2424,GET,true,18.341
2187,2112,GET,true,31.704
2188,9027584,GET,true,2541.378
2189,1584,GET,false,18.595
2190,11500,GET,true,45.011
2191,655360,GET,true,159.738
2192,2996,GET,false,22.339
2193,3376,GET,false,12.239
2194,2195456,GET,false,342.497
2195,3452,GET,true,26.942
2196,2828,GET,false,14.602
2197,11976704,GET,false,1843.293
2198,2840,GET,true,27.139
2199,147456,GET,true,45.307
2200,3000,GET,false,22.392
2201,2420,GET,false,13.669
2202,8388608,GET,false,1292.939
2203,54394880,GET,true,15367.63
2204,2112,GET,true,93.237
2205,6728,GET,true,33.625
2206,9544,GET,true,16.438
2207,4284,GET,true,18.221
2208,54394880,GET,false,8350.044
2209,3936,GET,false,25.804
2210,2828,GET,false,14.637
2211,9240576,GET,false,1432.88
2212,2172,GET,false,20.343
2213,1356,GET,true,18.985
2214,16384,GET,false,16.977
2215,2628,GET,true,17.013
2216,1332,GET,false,14.577
2217,1818624,GET,false,285.623
2218,851968,GET,false,138.095
2219,4524,GET,true,28.586
2220,1336,GET,false,14.775
2221,12156,GET,false,13.26
2222,1900544,GET,false,300.302
2223,147456,GET,true,46.147
2224,17743872,GET,false,2739.965
2225,86900736,GET,false,13317.061
2226,819200,GET,false,135.269
2227,2832,GET,true,23.638
2228,2144,GET,false,24.173
2229,1982464,GET,false,310.206
2230,52412416,GET,true,15833.454
2231,2628,GET,false,31.961
2232,2628,GET,true,39.047
2233,1576,GET,false,20.568
2234,9576,GET,true,18.784
2235,1576,GET,true,29.634
2236,11500,GET,false,19.701
2237,2310144,GET,false,360.182
2238,2310144,GET,false,363.781
2239,4960,GET,false,16.432
2240,2212,GET,true,28.873
2241,2420,GET,false,14.215
2242,1343488,GET,true,348.733
2243,2628,GET,false,13.743
2244,2628,GET,true,18.712
2245,7476,GET,true,17.314
2246,4960,GET,true,15.099
2247,12284,GET,false,14.136
2248,1376256,GET,true,321.286
2249,51478528,GET,true,15268.73
2250,1156,GET,true,47.344
2251,9544,GET,false,35.009
2252,294912,GET,true,84.758
2253,2828,GET,true,26.793
2254,12284,GET,true,20.088
2255,7852,GET,false,20.619
2256,1772,GET,false,13.482
2257,7508,GET,false,13.792
2258,9338880,GET,true,2626.516
2259,14663680,GET,false,2274.089
2260,2412,GET,true,29.215
2261,2112,GET,true,23.615
2262,16384,GET,true,20.916
2263,2404,GET,true,15.905
2264,65536,GET,false,18.424
2265,2628,GET,true,17.7
2266,1156,GET,true,15.141
2267,12996,GET,false,20.043
2268,52412416,GET,false,8064.654
2269,2628,GET,false,14.291
2270,6972,PUT,false,39.757
2271,22102016,PUT,false,8555.503
2272,2628,GET,true,51.908
2273,6972,GET,false,15.256
2274,7260,GET,false,15.014
2275,12284,GET,false,14.574
2276,12284,GET,true,18.699
2277,4588,GET,true,31.124
2278,12284,GET,false,10.48
2279,6062080,GET,false,941.214
2280,12156,GET,false,16.016
2281,3020,GET,false,13.57
2282,2628,GET,true,18.518
2283,1584,GET,false,18.859
2284,3220,GET,true,15.728
2285,15548416,GET,true,4108.648
2286,2604,GET,false,18.773
2287,6912,GET,true,20.826
2288,5160,GET,false,29.145
2289,819200,GET,false,132.479
2290,819200,GET,false,130.606
2291,1372,GET,false,16.452
2292,1372,GET,false,8.47
2293,458752,GET,false,79.387
2294,1656,GET,true,25.121
2295,54394880,PUT,false,18066.778
2296,5960,GET,false,29.06
2297,51478528,GET,false,7896.351
2298,2628,GET,false,20.216
2299,2112,GET,false,17.599
2300,16384,GET,false,20.292
2301,1152,GET,false,20.285
2302,4284,GET,false,17.467
2303,7476,GET,true,49.717
2304,2260,GET,true,47.365
2305,1048576,PUT,false,369.058
2306,1760,GET,true,40.759
2307,2628,GET,true,18.429
2308,65536,GET,true,28.294
2309,65536,GET,true,38.164
2310,86900736,GET,false,13319.082
2311,2080768,GET,true,506.118
2312,294912,GET,false,51.98
2313,147456,GET,false,28.695
2314,30720000,GET,false,4720.949
2315,51478528,GET,true,14448.154
2316,2628,GET,false,27.077
2317,2310144,GET,false,361.979
2318,4960,GET,false,13.74
2319,86900736,GET,false,13318.423
2320,2628,GET,true,50.125
2321,12284,GET,false,16.356
2322,65536,GET,true,28.475
2323,4960,GET,false,11.788
2324,1048576,GET,true,275.443
2325,2628,GET,true,19.073
2326,1368,GET,false,11.921
2327,2844,GET,true,25.146
2328,6644,GET,false,13.101
2329,2628,GET,true,17.002
2330,12284,GET,false,15.429
2331,32768,GET,true,24.541
2332,2628,GET,false,12.668
2333,2144,GET,true,17.034
2334,12156,GET,true,18.192
2335,1916928,GET,true,480.225
2336,12656,GET,false,17.674
2337,5560,GET,true,23.819
2338,86900736,GET,true,24707.394
2339,2056,GET,true,51.544
2340,3856,GET,true,21.167
2341,27688960,GET,false,4250.778
2342,2056,GET,true,39.453
2343,1760,GET,false,18.526
2344,2628,GET,false,12.782
2345,671744,PUT,false,236.034
2346,3784,GET,true,45.37
2347,2628,GET,true,17.835
2348,32768,GET,false,17.279
2349,1156,GET,true,17.562
2350,7844,GET,false,12.505
2351,84459520,GET,false,12969.535
2352,14920,GET,false,18.097
2353,12156,GET,false,15.281
2354,40943616,GET,false,6281.042
2355,4756,GET,true,21.84
2356,26443776,GET,true,7669.221
2357,2804,GET,true,34.286
2358,3000,GET,false,18.269
2359,51478528,GET,false,7920.96
2360,2628,GET,true,22.146
2361,342114304,GET,true,111123.984
2362,7440,GET,false,28.249
2363,2628,GET,true,30.129
2364,704512,GET,true,183.399
2365,2420,GET,true,19.762
2366,1228,GET,false,14.981
2367,3444,GET,true,25.88
2368,1152,GET,true,15.524
2369,1048576,PUT,false,424.071
2370,737280,GET,false,127.22
2371,3784,GET,true,39.813
2372,10272768,GET,true,2816.571
2373,6820,GET,false,16.191
2374,10272768,GET,false,1581.077
2375,3860,GET,false,30.263
2376,278528,GET,true,77.775
2377,16384,GET,true,21.591
2378,10272768,GET,false,1579.964
2379,2236,GET,false,15.745
2380,671744,GET,false,109.592
2381,819200,GET,false,132.72
2382,2628,GET,false,12.638
2383,704512,GET,true,169.495
2384,10368,GET,false,21.736
2385,2628,GET,true,15.942
2386,4964352,GET,false,772.936
2387,163840,GET,false,34.038
2388,10088,GET,false,14.945
2389,2560,GET,true,17.548
2390,16384,GET,false,14.877
2391,12156,GET,true,16.976
2392,32653312,GET,true,9023.901
2393,32653312,GET,false,5022.721
2394,2628,GET,false,15.241
2395,49577984,GET,false,7601.026
2396,2628,GET,true,24.752
2397,2060,GET,false,35.775
2398,32653312,GET,true,8971.086
2399,2628,GET,false,38.217
2400,2828,GET,true,31.827
2401,1356,GET,false,14.287
2402,1360,GET,true,15.166
2403,448905216,GET,true,371851.796
2404,1048576,PUT,false,356.692
2405,2628,GET,false,23.449
2406,65699840,GET,true,18742.149
2407,238272512,GET,true,68173.56
2408,49152,GET,true,54.463
2409,94404608,GET,false,34130.418
2410,3228,GET,false,33.768
2411,1524,GET,false,21.418
2412,27688960,GET,true,7879.875
2413,1064960,GET,false,174.489
2414,15076,GET,false,30.007
2415,15076,GET,false,12.341
2416,1040,GET,true,23.255
2417,4088,GET,false,15.231
2418,2484,GET,true,25.24
2419,1336,GET,false,13.005
2420,720896,GET,false,117.311
2421,12284,GET,false,14.15
2422,10088,GET,true,16.414
2423,4620,GET,true,26.716
2424,4964352,GET,false,767.77
2425,1064,GET,false,10.806
2426,8476,GET,true,26.268
2427,16384,GET,false,16.063
2428,4588,GET,false,12.369
2429,10272768,GET,true,2651.096
2430,7440,GET,false,22.047
2431,10272768,GET,true,2342.429
2432,6032,GET,false,18.963
2433,16384,GET,false,16.152
2434,6160384,GET,true,1411.998
2435,6664,GET,true,18.829
2436,16384,GET,true,19.722
2437,7368,GET,true,34.68
2438,1356,GET,true,18.796
2439,671744,GET,false,108.939
2440,2628,GET,true,14.974
2441,1980,GET,false,14.882
2442,49152,GET,false,28.059
2443,3020,GET,false,17.79
2444,2628,GET,true,17.127
2445,15076,GET,true,19.942
2446,3784,GET,false,13.158
2447,3342336,GET,true,769.624
2448,2804,GET,false,12.964
2449,1584,GET,false,14.801
2450,2260,GET,false,19.172
2451,1336,GET,false,10.097
2452,14663680,GET,true,3513.703
2453,16187392,GET,false,2487.768
2454,2628,GET,true,17.853
2455,12284,GET,true,19.096
2456,3024,GET,true,20.881
2457,12284,GET,false,12.122
2458,10576,GET,false,13.942
2459,2628,GET,false,11.896
2460,2490368,GET,true,574.718
2461,1128,GET,true,17.027
2462,5144576,GET,false,800.339
2463,2260,GET,false,8.339
2464,2097152,GET,false,327.46
2465,1916928,GET,true,440.036
2466,1982464,GET,true,460.323
2467,2628,GET,true,15.154
2468,1916928,GET,true,438.828
2469,54394880,GET,false,8340.849
2470,30720000,GET,false,4713.173
2471,671744,GET,true,162.067
2472,1368,GET,false,11.475
2473,1152,GET,false,10.917
2474,2628,GET,false,9.935
2475,2490368,GET,false,389.548
2476,54394880,GET,false,8338.565
2477,2628,GET,false,10.204
2478,2628,GET,false,11.855
2479,5160960,GET,false,797.144
2480,10764288,GET,false,1654.7
2481,6716,GET,true,17.999
2482,26443776,GET,true,6703.644
2483,8536,GET,false,32.728
2484,2420,GET,false,14.583
2485,655360,GET,false,107.554
2486,22052864,GET,true,5499.398
2487,26443776,GET,false,4079.642
2488,114688,GET,true,55.512
2489,2628,GET,false,15.378
2490,17743872,GET,true,4295.696
2491,2620,GET,false,22.427
2492,8780,GET,true,28.681
2493,16384,GET,true,23.679
2494,5996544,GET,false,928.886
2495,2620,GET,false,18.331
2496,42680320,GET,true,11379.028
2497,2056,PUT,false,58.011
2498,2220,GET,false,19.664
2499,30720000,GET,false,4714.479
2500,4524,GET,false,14.721
2501,2056,PUT,false,38.589
2502,1716,PUT,false,25.424
2503,8476,GET,true,30.629
2504,1048576,PUT,false,322.892
2505,3948,PUT,false,52.313
2506,238272512,GET,false,36503.782
2507,86900736,GET,true,24569.105
2508,2628,GET,false,29.728
2509,32768,GET,false,22.23
2510,12284,GET,true,29.221
2511,2816,GET,true,26.522
2512,1792,GET,false,22.858
2513,10368,GET,true,19.287
2514,3342336,GET,false,520.666
2515,9388032,GET,false,1447.132
2516,7052,GET,true,24.069
2517,2628,GET,true,14.822
2518,4088,GET,false,14.609
2519,12284,GET,false,14.775
2520,12156,GET,false,14.04
2521,3522560,GET,false,545.317
2522,4524,GET,false,13.123
2523,2112,GET,true,15.862
2524,65699840,GET,true,18741.178
2525,1336,GET,true,39.531
2526,65880064,GET,false,10113.786
2527,3408,GET,true,31.117
2528,7476,GET,false,32.061
2529,1332,GET,true,16.493
2530,704512,GET,false,116.431
2531,15076,GET,false,14.959
2532,11500,GET,true,24.377
2533,4088,GET,true,15.79
2534,2628,GET,false,15.702
2535,5996,GET,false,13.925
2536,1464,GET,true,22.03
2537,8476,GET,false,15.163
2538,2260,GET,false,14.006
2539,12284,GET,false,14.911
2540,9544,GET,false,12.997
2541,4960,GET,true,14.713
2542,447889408,GET,true,128168.846
2543,1064960,GET,true,296.486
2544,4524,GET,true,29.116
2545,10576,GET,false,16.38
2546,6716,GET,true,18.214
2547,2310144,GET,false,360.678
2548,851968,GET,true,208.635
2549,65536,GET,true,39.881
2550,4580,GET,false,14.824
2551,2628,GET,true,17.589
2552,2628,GET,true,14.834
2553,16384,GET,true,18.633
2554,3444,GET,true,21.295
2555,32768,GET,true,30.033
2556,3162112,GET,false,492.808
2557,1064960,GET,false,169.336
2558,2420,GET,true,18.72
2559,14216,GET,true,18.667
2560,16384,GET,false,16.176
2561,2216,GET,false,13.472
2562,2628,GET,true,18.302
2563,3936,GET,false,14.641
2564,65536,GET,false,16.326
2565,2628,GET,true,16.706
2566,2310144,GET,false,361.246
2567,16384,GET,false,16.11
2568,2628,GET,true,17.037
2569,357416960,GET,true,104056.234
2570,3376,GET,true,71.259
2571,26443776,GET,false,4091.527
2572,2628,GET,true,21.322
2573,86900736,GET,false,13328.943
2574,2420,GET,true,20.25
2575,671744,GET,false,112.008
2576,2628,GET,true,16.629
2577,12284,GET,false,14.554
2578,12156,GET,false,13.32
2579,1900544,GET,true,499.389
2580,54394880,GET,false,8357.974
2581,88801280,GET,false,13614.07
2582,2310144,GET,true,555.625
2583,2604,GET,false,13.3
2584,12156,GET,false,10.202
2585,1441792,GET,false,227.116
2586,238272512,GET,false,36526.214
2587,9544,GET,false,11.485
2588,357482496,GET,false,54783.9
2589,7684096,GET,false,1185.209
2590,2628,GET,true,19.844
2591,3408,GET,false,15.528
2592,52412416,GET,false,8043.128
2593,9576,GET,true,18.97
2594,10576,GET,false,9.775
2595,2060,GET,false,17.666
2596,9576,GET,false,9.49
2597,3344,GET,true,15.638
2598,11059200,GET,false,1706.94
2599,2828,GET,true,15.337
2600,4524,GET,true,14.301
2601,819200,GET,false,131.571
2602,1788,GET,true,15.939
2603,20840448,GET,false,3206.572
2604,1368,GET,false,8.916
2605,327680,GET,false,57.764
2606,294912,GET,true,77.316
2607,2404,GET,false,11.154
2608,163840,GET,true,59.285
2609,6784,PUT,false,39.141
2610,1356,GET,false,12.627
2611,3220,GET,false,9.982
2612,12284,GET,false,11.315
2613,11108,GET,false,9.38
2614,13598720,GET,false,2094.072
2615,28442624,GET,true,8173.694
2616,10764288,GET,false,1661.379
2617,1368,GET,true,34.426
2618,2628,GET,true,15.546
2619,2632,GET,true,17.285
2620,1336,GET,false,10.585
2621,2490368,GET,true,623.697
2622,4448,GET,true,22.492
2623,9519104,PUT,false,2530.811
2624,344064,GET,true,111.761
2625,2628,GET,false,14.842
2626,3632,GET,false,27.333
2627,25116672,GET,true,6524.713
2628,2310144,GET,true,553.389
2629,2060,GET,true,19.207
2630,12156,GET,false,25.789
2631,1900544,GET,false,302.261
2632,41828352,GET,true,11319.835
2633,51478528,GET,false,7898.202
2634,13598720,GET,false,2111.201
2635,13123584,GET,true,3636.534
2636,4524,GET,true,24.904
2637,1916928,GET,true,456.944
2638,17743872,GET,false,2728.141
2639,2628,GET,false,13.954
2640,13836,GET,true,24.356
2641,1152,GET,true,27.867
2642,10576,GET,false,14.941
2643,671744,GET,false,108.69
2644,1336,GET,false,15.921
2645,2404,GET,true,16.593
2646,32768,GET,true,25.571
2647,12156,GET,false,14.896
2648,2375680,GET,false,370.083
2649,65536,GET,true,27.744
2650,2056,PUT,false,39.18
2651,2310144,GET,false,360.574
2652,2628,GET,false,12.654
2653,16384,GET,true,30.329
2654,13192,GET,true,24.823
2655,1376256,GET,false,219.051
2656,2604,GET,false,13.516
2657,2628,GET,true,16.178
2658,1372,GET,true,14.803
2659,6792,GET,false,24.184
2660,1332,GET,false,12.212
2661,2420,GET,true,17.745
2662,3376,GET,true,16.321
2663,11059200,PUT,false,4302.407
2664,2310144,GET,true,611.46
2665,10576,GET,false,24.339
2666,2080768,GET,true,481.125
2667,54394880,GET,true,15257.996
2668,10469376,GET,false,1621.858
2669,1116,GET,false,14.08
2670,65536,GET,true,39.047
2671,19791872,GET,true,5575.492
2672,17924096,GET,true,4353.431
2673,16384,GET,true,24.454
2674,9576,GET,false,16.751
2675,3020,GET,true,19.331
2676,2628,GET,true,16.107
2677,12284,GET,true,18.822
2678,83017728,GET,true,22928.645
2679,30720000,GET,false,4717.761
2680,3024,GET,true,30.724
2681,52412416,GET,false,8036.018
2682,851968,GET,false,137.117
2683,11059200,GET,true,3052.851
2684,16187392,GET,false,2488.252
2685,32768,GET,true,21.508
2686,3000,GET,false,18.51
2687,1128,GET,true,17.942
2688,13192,GET,true,23.897
2689,2832,PUT,false,35.963
2690,10408,PUT,false,24.778
2691,3020,GET,false,14.263
2692,2628,GET,false,12.408
2693,2628,GET,true,16.469
2694,52412416,GET,false,8034.824
2695,12284,GET,true,19.369
2696,32768,GET,false,17.406
2697,12284,GET,false,14.491
2698,1980,GET,true,16.024
2699,3000,GET,false,14.894
2700,12284,GET,false,11.577
2701,2628,GET,false,13.412
2702,1152,GET,false,12.575
2703,54394880,GET,true,15270.209
2704,55967744,GET,true,16128.393
2705,163840,GET,false,50.143
2706,2628,GET,false,18.722
2707,9576,GET,false,17.066
2708,1116,GET,true,27.466
2709,16384,GET,true,18.947
2710,2628,GET,true,17.661
2711,54394880,GET,false,8363.483
2712,2632,GET,false,14.268
2713,16187392,GET,false,2487.707
2714,1900,GET,true,22.306
2715,8568832,GET,true,2401.15
2716,6716,GET,true,22.623
2717,2420,GET,false,11.98
2718,1368,GET,true,18.018
2719,3342336,GET,false,519.329
2720,1900544,GET,false,299.464
2721,3000,GET,false,13.914
2722,1980,GET,false,12.757
2723,2632,GET,false,20.469
2724,6732,PUT,false,34.727
2725,2056,GET,true,22.555
2726,2628,GET,true,27.472
2727,1772,GET,true,16.536
2728,16384,GET,true,22.663
2729,86900736,GET,false,13317.607
2730,2628,GET,false,13.752
2731,2628,GET,false,13.994
2732,2162688,GET,true,523.53
2733,10764288,GET,true,2679.677
2734,14663680,GET,false,2271.7
2735,1146880,GET,true,277.76
2736,26443776,GET,false,10481.281
2737,5560,GET,false,48.778
2738,2628,GET,true,110.777
2739,9027584,GET,true,2253.763
2740,1916928,GET,false,309.699
2741,147456,GET,true,46.048
2742,86900736,GET,false,13318.144
2743,3342336,GET,false,520.207
2744,16384,GET,true,27.436
2745,33898496,GET,true,9382.259
2746,2620,GET,false,25.782
2747,3044,GET,true,48.291
2748,2260,GET,true,24.796
2749,5560,GET,true,29.918
2750,5062656,GET,true,1251.863
2751,2628,GET,false,25.288
2752,9879552,GET,true,2410.76
2753,2628,GET,true,30.097
2754,2310144,GET,false,361.445
2755,4960,GET,false,25.054
2756,4960,GET,false,16.516
2757,1372,GET,true,36.323
2758,9338880,GET,false,1440.207
2759,2628,GET,false,27.392
2760,9338880,GET,true,2140.619
2761,2628,GET,false,30.126
2762,2620,GET,true,36.315
2763,2628,GET,false,15.364
2764,11500,GET,false,21.755
2765,2097152,GET,false,328.303
2766,5652,GET,false,20.013
2767,14663680,GET,true,3591.832
2768,3024,GET,false,17.614
2769,3860,GET,false,19.07
2770,2420,GET,false,17.522
2771,3000,GET,false,12.094
2772,32768,GET,true,35.45
2773,1332,GET,false,18.407
2774,9576,GET,false,16.613
2775,4960,GET,false,13.554
2776,16384,GET,true,17.568
2777,12284,GET,false,16.653
2778,2628,GET,true,15.431
2779,3342336,GET,true,766.276
2780,16384,GET,true,24.691
2781,2628,GET,true,14.846
2782,26443776,GET,true,6747.592
2783,9544,GET,true,38.127
2784,16384,GET,false,20.297
2785,2628,GET,false,16.896
2786,3342336,GET,false,518.347
2787,2628,GET,true,15.094
2788,3860,GET,true,27.906
2789,16187392,GET,false,2485.884
2790,1164,GET,true,21.817
2791,2628,GET,false,15.977
2792,2097152,GET,true,499.451
2793,16384,GET,false,24.034
2794,2344,GET,false,15.446
2795,30720000,GET,true,7990.154
2796,14663680,GET,true,3706.3
2797,2628,GET,true,25.808
2798,2628,GET,true,11.388
2799,10088,GET,true,33.644
2800,11500,GET,true,21.867
2801,1772,GET,true,14.053
2802,9027584,GET,false,1405.626
2803,2628,GET,true,16.043
2804,2628,GET,true,19.682
2805,2172,GET,false,14.512
2806,3342336,GET,true,778.142
2807,3000,GET,false,21.572
2808,294912,GET,true,78.78
2809,294912,GET,false,52.243
2810,86900736,GET,true,23878.421
2811,5560,GET,false,43.565
2812,3784,GET,false,19.843
2813,65536,GET,false,24.579
2814,3784,GET,false,13.046
2815,2628,GET,false,15.92
2816,1332,GET,false,18.129
2817,3342336,GET,false,520.237
2818,2628,GET,false,12.628
2819,3457024,GET,true,916.578
2820,26443776,GET,true,7442.955
2821,2628,GET,true,23.402
2822,6088,GET,true,30.554
2823,1896,GET,true,16.296
2824,2628,GET,true,19.036
2825,30720000,GET,false,4716.866
2826,1576,GET,false,16.42
2827,54394880,GET,false,8358.444
2828,2097152,GET,true,515.264
2829,54394880,GET,false,8355.759
2830,16384,GET,false,15.329
2831,131072,GET,true,52.324
2832,2628,GET,false,12.094
2833,16187392,GET,true,4195.454
2834,16384,GET,true,30.553
2835,12156,GET,true,15.63
2836,819200,GET,true,198.018
2837,4524,GET,false,31.346
2838,9371648,GET,true,2226.813
2839,57720832,GET,true,15782.031
2840,2628,GET,true,44.42
2841,2344,GET,true,25.225
2842,2628,GET,false,26.478
2843,6220,GET,false,26.02
2844,49577984,PUT,false,19556.542
2845,2628,GET,true,59.217
2846,9576,GET,true,33.117
2847,20365312,GET,true,5830.771
2848,196608,PUT,false,156.251
2849,3000,GET,false,40.314
2850,12156,GET,false,18.049
2851,14417920,GET,false,2222.792
2852,2804,GET,true,38.491
2853,2628,GET,true,29.764
2854,2628,GET,true,21.773
2855,1277952,GET,true,325.088
2856,17743872,GET,false,2731.422
2857,2628,GET,true,25.795
2858,1980,GET,false,12.043
2859,9338880,GET,true,2319.741
2860,2628,GET,true,19.437
2861,30720000,GET,true,8262.186
2862,2820,GET,true,56.048
2863,1900544,GET,false,300.061
2864,5016,GET,true,26.268
2865,9027584,GET,false,1394.527
2866,26443776,GET,true,7118.374
2867,2628,GET,true,42.454
2868,1356,GET,false,16.551
2869,671744,GET,false,114.349
2870,3784,GET,false,18.242
2871,4372,PUT,false,57.721
2872,2228,GET,false,19.109
2873,16187392,GET,false,2486.399
2874,16384,GET,false,19.074
2875,2996,GET,false,16.388
2876,51478528,GET,true,14245.133
2877,8956,GET,false,47.113
2878,3784,GET,true,30.095
2879,2195456,GET,false,343.311
2880,16384,GET,true,25.856
2881,671744,GET,false,109.563
2882,52412416,GET,true,14985.97
2883,2212,GET,true,49.308
2884,5390336,GET,true,1442.45
2885,2420,GET,false,23.246
2886,16384,GET,false,14.034
2887,7476,GET,false,23.563
2888,671744,GET,false,110.045
2889,819200,GET,true,198.475
2890,12284,GET,false,18.021
2891,9544,GET,false,16.737
2892,32768,GET,true,26.685
2893,16384,GET,false,17.879
2894,2490368,GET,true,570.234
2895,11157504,GET,false,1720.933
2896,2628,GET,true,16.284
2897,2804,GET,true,19.457
2898,9576,GET,true,21.811
2899,9338880,GET,false,1438.953
2900,53903360,GET,false,8266.473
2901,4960,GET,true,17.225
2902,7344,GET,true,20.641
2903,3220,GET,true,20.338
2904,1236,GET,false,21.173
2905,2832,GET,true,20.069
2906,3936,GET,false,11.877
2907,26443776,GET,false,4060.594
2908,7052,GET,false,16.248
2909,9544,GET,true,16.004
2910,16384,GET,true,21.782
2911,1152,GET,false,13.512
2912,2832,GET,true,18.907
2913,51478528,GET,true,14589.475
2914,1368,GET,false,22.421
2915,2097152,GET,false,330.658
2916,3680,GET,false,17.982
2917,2628,GET,true,26.406
2918,2628,GET,false,28.145
2919,3860,GET,false,11.069
2920,2628,GET,true,20.768
2921,3000,GET,false,14.727
2922,2340,GET,true,14.791
2923,2632,GET,true,19.706
2924,29868032,GET,true,8415.501
2925,7200,GET,false,35.361
2926,54394880,GET,false,8346.288
2927,15548416,GET,false,2389.309
2928,3784,GET,false,12.305
2929,12284,GET,false,17.912
2930,1356,GET,true,29.365
2931,1336,GET,false,11.583
2932,1368,GET,true,18.958
2933,1900544,GET,false,298.004
2934,11500,GET,false,22.371
2935,2828,GET,false,15.476
2936,1128,GET,false,23.736
2937,3324,GET,true,335.441
2938,30720000,GET,false,4754.842
2939,2628,GET,false,43.609
2940,3522560,GET,false,546.58
2941,1064960,GET,true,295.423
2942,32768,GET,true,41.886
2943,1332,GET,true,38.267
2944,2949120,GET,true,740.652
2945,12284,GET,false,21.373
2946,3020,GET,false,13.913
2947,2244608,GET,true,516.755
2948,6004,GET,false,19.57
2949,86900736,GET,true,24226.082
2950,2628,GET,false,35.616
2951,2628,GET,false,37.231
2952,12284,GET,false,18.737
2953,12284,GET,true,29.618
2954,16384,PUT,false,53.408
2955,2195456,GET,false,345.074
2956,6904,GET,true,28.591
2957,30720000,GET,true,8815.563
2958,671744,GET,false,119.919
2959,196608,GET,true,138.696
2960,2632,GET,true,25.586
2961,2628,GET,true,30.471
2962,12284,GET,true,30.599
2963,65536,GET,false,34.332
2964,16384,GET,true,29.811
2965,2340,GET,false,29.198
2966,15548416,GET,false,2391.5
2967,2490368,GET,false,391.875
2968,655360,GET,false,118.062
2969,1156,GET,true,30.45
2970,2628,GET,false,23.034
2971,2804,GET,true,17.217
2972,12284,GET,false,21.726
2973,9544,GET,true,28.139
2974,2310144,GET,true,592.728
2975,1720,GET,false,51.925
2976,1116,GET,true,23.712
2977,7200,GET,true,24.747
2978,7200,GET,true,28.864
2979,3324,GET,true,19.066
2980,1277952,GET,true,301.871
2981,2080768,GET,true,482.915
2982,4572,GET,true,23.781
2983,2184,PUT,false,42.538
2984,16384,GET,true,32.771
2985,6680,GET,true,23.53
2986,9879552,GET,false,1526.258
2987,3260,GET,true,27.871
2988,49152,GET,false,19.014
2989,6920,GET,false,31.355
2990,1152,GET,true,16.735
2991,2420,GET,true,24.455
2992,2340,GET,false,22.2
2993,2804,GET,true,13.665
2994,3020,GET,false,17.423
2995,1760,GET,false,16.171
2996,16384,GET,false,15.321
2997,3342336,GET,true,801.457
2998,393216,GET,false,70.195
2999,2344,GET,true,21.583
3000,6928,GET,false,19.662
3001,2832,GET,false,12.231
3002,1156,GET,false,16.654
3003,2604,GET,false,18.134
3004,2195456,GET,true,503.154
3005,7344,GET,true,24.314
3006,3936,GET,false,17.025
3007,12284,GET,false,13.034
3008,6728,GET,true,20.207
3009,147456,GET,true,43.323
3010,33767424,GET,true,9309.139
3011,3856,GET,true,60.13
3012,2056,GET,true,45.566
3013,4524,GET,true,22.696
3014,51478528,GET,true,14497.031
3015,54394880,GET,false,8367.515
3016,2628,GET,false,21.272
3017,52412416,GET,false,8037.024
3018,2097152,GET,true,567.876
3019,2310144,GET,false,363.922
3020,182452224,GET,false,27976.137
3021,72876032,GET,true,22158.785
3022,2628,GET,true,82.993
3023,2340,GET,false,18.782
3024,2628,GET,false,18.946
3025,86900736,GET,true,24678.161
3026,2632,GET,false,50.783
3027,1156,GET,true,31.04
3028,2195456,GET,false,352.882
3029,16187392,GET,true,4504.807
3030,655360,GET,false,112.08
3031,16187392,GET,false,2498.882
3032,2097152,GET,true,500.978
3033,2344,GET,false,19.602
3034,3020,GET,false,20.772
3035,1916928,PUT,false,789.33
3036,671744,PUT,false,347.201
3037,2628,GET,true,63.677
3038,114688,PUT,false,70.351
3039,2804,GET,false,27.7
3040,4960,GET,true,28.91
3041,2996,GET,false,15.951
3042,2899968,GET,false,453.805
3043,1064960,GET,true,295.705
3044,3784,GET,true,20.858
3045,2056,PUT,false,59.858
3046,4528,GET,false,27.925
3047,3220,GET,true,18.603
3048,3936,GET,true,25.609
3049,2195456,GET,true,520.292
3050,91504640,GET,true,25426.498
3051,1772,GET,false,58.979
3052,6920,GET,true,43.875
3053,2828,GET,true,63.264
3054,1536,GET,true,30.847
3055,737280,GET,false,123.458
3056,1532,GET,false,20.016
3057,54394880,GET,true,15574.229
3058,2464,GET,false,44.845
3059,3860,GET,false,28.534
3060,2628,GET,false,16.538
3061,9027584,GET,false,1393.198
3062,52412416,GET,false,8034.899
3063,78348288,GET,true,22577.756
3064,27688960,GET,true,7974.932
3065,2260,GET,false,37.516
3066,1900,GET,true,26.897
3067,1336,GET,false,19.217
3068,1336,GET,true,17.999
3069,2828,GET,true,14.924
3070,6728,GET,false,21.089
3071,9240,GET,false,14.69
3072,4931584,GET,false,772.565
3073,2628,GET,false,16.225
3074,6720,GET,true,27.316
3075,278528,GET,true,77.739
3076,5344,GET,true,30.271
3077,3680,GET,true,30.449
3078,16384,GET,false,19.358
3079,12156,GET,false,20.575
3080,78348288,GET,true,22088.133
3081,10368,GET,true,42.8
3082,10368,GET,true,29.701
3083,16384,GET,false,23.447
3084,16384,GET,true,26.912
3085,278528,GET,true,79.791
