0,26443776,GET,false,4061.732
1,2144,GET,true,24.696
2,2310144,GET,false,363.09
3,1980,GET,true,21.167
4,1152,GET,true,28.745
5,2404,GET,false,18.954
6,2628,GET,false,13.702
7,1336,GET,true,19.422
8,1772,GET,true,20.526
9,14708,GET,true,25.204
10,40943616,GET,false,6279.483
11,2195456,GET,true,623.183
12,2404,GET,false,23.039
13,4931584,GET,false,764.455
14,2420,GET,false,16.336
15,30720000,GET,false,4717.041
16,2212,GET,false,18.145
17,1584,GET,true,39.118
18,114688,GET,true,43.694
19,20365312,GET,false,3128.956
20,65536,PUT,false,187.761
21,16187392,GET,true,5012.605
22,4016,GET,false,33.596
23,15548416,GET,false,2396.524
24,10764288,GET,false,1657.337
25,14663680,GET,false,2260.591
26,23822336,GET,false,3657.865
27,1116,GET,true,40.476
28,2628,GET,false,22.001
29,1152,GET,false,17.643
30,10088,GET,false,15.879
31,16384,GET,false,17.024
32,1980,GET,true,19.407
33,1900544,GET,false,297.68
34,2628,GET,true,16.595
35,2996,GET,false,16.185
36,54394880,GET,false,8344.151
37,3000,GET,false,13.824
38,2628,GET,true,19.633
39,3784,GET,true,21.621
40,851968,GET,false,137.956
41,671744,GET,true,231.338
42,7476,GET,true,46.664
43,2628,GET,false,17.688
44,2080768,GET,false,326.327
45,3342336,GET,true,1244.578
46,3784,GET,true,60.767
47,3342336,GET,true,1132.604
48,1720,PUT,false,61.112
49,1332,GET,false,15.226
50,819200,GET,false,141.333
51,2628,GET,false,12.454
52,12284,GET,false,13.553
53,7596,GET,true,20.291
54,3376,GET,true,17.501
55,9544,GET,false,15.722
56,1336,GET,true,15.835
57,7852,GET,false,15.126
58,2097152,GET,true,658.698
59,32768,GET,true,47.799
60,1372,GET,false,17.726
61,65536,GET,false,17.677
62,3020,GET,true,19.992
63,86900736,GET,true,28679.717
64,2340,GET,false,45.489
65,12284,GET,true,65.466
66,2080768,GET,false,328.15
67,2340,GET,true,26.077
68,10088,GET,false,17.862
69,1900544,GET,true,634.954
70,2628,GET,false,29.388
71,2844,GET,true,47.307
72,28606464,GET,false,4390.201
73,132939776,GET,false,20408.259
74,9338880,GET,false,1439.688
75,2144,GET,false,17.297
76,1576,GET,true,25.645
77,17743872,GET,false,2742.352
78,55967744,GET,false,8597.357
79,14663680,GET,false,2254.257
80,10764288,GET,false,1673.04
81,1788,GET,false,14.927
82,1966080,GET,true,705.113
83,1788,PUT,false,109.071
84,62947328,GET,false,9649.68
85,4524,GET,false,13.797
86,1980,GET,false,11.978
87,1332,GET,false,13.552
88,3680,GET,false,12.639
89,1128,GET,false,10.338
90,2340,GET,false,9.593
91,1336,GET,true,17.428
92,10404,GET,true,18.182
93,16187392,GET,false,2500.531
94,2195456,GET,true,788.068
95,1788,GET,false,30.123
96,1128,GET,false,19.973
97,54394880,GET,false,8359.123
98,32768,GET,false,19.787
99,3020,GET,false,17.298
100,2844,GET,false,18.293
101,3784,GET,true,38.337
102,4960,GET,true,27.617
103,6728,GET,true,18.516
104,110198784,GET,false,16924.306
105,3162112,GET,false,491.209
106,12284,GET,false,14.257
107,14663680,GET,false,2254.707
108,3342336,GET,false,519.462
109,33767424,PUT,false,19236.76
110,2628,GET,true,50.515
111,2310144,GET,true,869.494
112,6920,GET,true,50.748
113,51478528,GET,true,18205.578
114,2628,GET,false,41.246
115,1156,GET,true,58.533
116,2628,GET,false,20.691
117,1988,GET,true,28.426
118,2112,GET,true,22.396
119,2490368,GET,false,447.706
120,114688,GET,true,53.463
121,55197696,GET,false,8463.174
122,16384,GET,true,27.923
123,294912,GET,false,52.729
124,3000,GET,false,15.92
125,2820,GET,false,18.206
126,32768,GET,true,25.283
127,2628,GET,true,20.479
128,2949120,GET,true,1060.501
129,7476,GET,false,30.314
130,2785280,GET,false,436.48
131,2060,GET,false,20.05
132,2628,GET,true,43.958
133,2628,GET,true,27.473
134,3024,GET,true,26.188
135,1332,GET,false,16.129
136,2628,GET,true,20.064
137,1772,GET,true,18.871
138,2228224,PUT,false,1277.356
139,3784,GET,false,24.09
140,2628,GET,false,20.856
141,54394880,GET,true,19209.123
142,2628,GET,true,80.353
143,12656,PUT,false,74.171
144,1152,GET,false,23.356
145,2628,GET,true,23.892
146,65536,GET,true,29.918
147,4448,GET,false,16.005
148,1332,GET,false,16.584
149,1900,GET,true,20.109
150,16384,GET,true,21.943
151,17743872,GET,false,2737.787
152,8004,GET,true,21.539
153,2628,GET,false,15.972
154,2144,GET,true,18.953
155,3256,GET,true,19.797
156,6908,GET,false,16.101
157,5236,GET,true,20.876
158,196608,GET,true,103.148
159,2628,GET,true,50.513
160,1916928,GET,true,626.593
161,16384,GET,true,65.965
162,54394880,GET,true,19068.319
163,1772,GET,true,69.337
164,8004,GET,true,27.725
165,2628,GET,false,16.402
166,1584,GET,true,25.576
167,2604,GET,false,15.239
168,9576,GET,true,21.898
169,1772,GET,true,18.738
170,2344,GET,true,18.459
171,2420,GET,false,13.984
172,147456,GET,true,87.759
173,671744,GET,false,115.642
174,65536,GET,true,50.623
175,196608,GET,true,95.76
176,2628,GET,true,48.783
177,3376,GET,false,18.701
178,2344,GET,true,20.282
179,2628,GET,false,19.09
180,2424,GET,false,15.19
181,26443776,GET,true,9465.927
182,32768,GET,false,42.319
183,3416,GET,true,53.97
184,7028736,GET,true,2384.065
185,5184,GET,true,49.754
186,1064960,GET,false,172.932
187,9576,GET,true,26.214
188,1980,GET,true,19.522
189,10764288,GET,true,3758.554
190,2828,GET,true,53.717
191,65536,GET,false,24.659
192,5184,GET,false,21.477
193,2344,GET,true,24.282
194,1964,GET,true,19.458
195,7476,GET,false,16.833
196,15269888,GET,true,5225.497
197,1028,GET,false,26.745
198,1720,PUT,false,63.991
199,7946240,GET,false,1224.968
200,2212,GET,true,22.326
201,2628,GET,false,17.517
202,16384,GET,true,21.937
203,2628,GET,true,18.418
204,2628,GET,true,18.41
205,1116,GET,false,16.398
206,6992,GET,false,16.044
207,2628,GET,true,19.861
208,2420,GET,true,18.713
209,2195456,GET,true,693.966
210,65536,GET,false,32.85
211,1236,GET,true,47.565
212,16384,GET,true,25.126
213,5390336,PUT,false,3001.398
214,1988,GET,false,22.576
215,2628,GET,false,24.227
216,16384,GET,true,45.922
217,10368,GET,false,24.521
218,16384,GET,true,24.349
219,2097152,GET,false,330.401
220,671744,PUT,false,399.264
221,358039552,GET,true,119545.972
222,2628,GET,false,38.766
223,16384,GET,true,82.618
224,1156,GET,false,23.618
225,10764288,GET,true,3673.262
226,12284,GET,false,28.743
227,2012,GET,false,25.109
228,12284,GET,true,48.476
229,1040,GET,false,23.885
230,4964352,GET,false,782.128
231,1720,PUT,false,90.631
232,3024,GET,false,21.487
233,1116,GET,false,20.568
234,3342336,GET,true,1220.285
235,10320,PUT,false,82.398
236,1916928,GET,false,303.259
237,16187392,GET,false,2491.626
238,2310144,GET,false,362.153
239,12156,GET,false,22.299
240,88768512,GET,true,31014.348
241,12156,GET,true,81.822
242,6720,PUT,false,77.523
243,12284,GET,true,29.408
244,4392,GET,false,17.363
245,589824,GET,true,187.749
246,16384,GET,false,29.062
247,32768,GET,true,32.067
248,1720,GET,true,24.987
249,182452224,GET,false,28008.153
250,16384,GET,true,26.647
251,16187392,GET,false,2504.093
252,2628,GET,false,13.561
253,2632,GET,true,18.728
254,12284,GET,false,11.86
255,11500,GET,true,20.717
256,9388032,GET,false,1462.297
257,10272768,GET,false,1589.156
258,10272768,GET,false,1581.133
259,2628,GET,true,19.351
260,2420,GET,false,13.062
261,2420,GET,false,13.32
262,6000,GET,false,13.353
263,4833280,GET,false,747.45
264,3768320,GET,false,583.41
265,1040,GET,false,9.289
266,4088,GET,false,12.974
267,6728,PUT,false,40.736
268,2804,GET,true,19.632
269,357416960,GET,true,120617.384
270,2420,GET,false,41.304
271,1780,PUT,false,90.312
272,12156,GET,true,27.125
273,2340,GET,true,19.025
274,1152,GET,true,17.087
275,2628,GET,false,13.262
276,1576,GET,true,16.01
277,2260,GET,true,16.334
278,15548416,GET,true,5587.405
279,3342336,GET,true,1200.336
280,1064960,GET,false,174.837
281,2996,GET,true,49.75
282,3652,PUT,false,54.557
283,17743872,GET,true,5974.424
284,3784,GET,true,49.996
285,4572,GET,false,20.541
286,3000,GET,false,16.685
287,1568,GET,true,23.629
288,7456,GET,true,23.505
289,4592,GET,false,14.982
290,1372,GET,true,29.743
291,13565952,GET,true,4195.929
292,1900,GET,false,26.181
293,2260,GET,false,23.928
294,819200,GET,false,133.524
295,671744,GET,true,244.989
296,2404,GET,false,29.182
297,26918912,GET,true,9265.345
298,6376,PUT,false,81.975
299,9240576,GET,true,2923.942
300,2310144,GET,false,374.201
301,1332,GET,true,46.679
302,1116,GET,true,28.687
303,9240576,PUT,false,5327.814
304,294912,GET,true,133.685
305,16384,GET,true,56.97
306,819200,GET,true,282.294
307,1900544,GET,true,631.601
308,4092,GET,true,51.751
309,52412416,GET,false,8050.168
310,12156,GET,true,25.417
311,170737664,PUT,false,95683.731
312,2080768,GET,true,785.234
313,9544,GET,true,77.38
314,3652,GET,false,28.421
315,1980,GET,false,21.627
316,1916928,GET,true,685.742
317,170737664,GET,true,59585.288
318,1966080,GET,true,763.249
319,2628,GET,false,36.705
320,12156,GET,true,64.233
321,2310144,GET,false,366.136
322,52412416,GET,true,18698.607
323,3784,GET,true,80.534
324,2628,GET,false,29.355
325,2604,GET,false,28.028
326,2828,GET,true,28.011
327,1128,GET,false,19.946
328,294912,GET,true,147.758
329,2628,GET,false,31.199
330,671744,GET,false,125.839
331,17743872,GET,true,6446.604
332,4960,GET,false,28.784
333,5560,GET,false,22.272
334,3784,GET,false,30.497
335,3342336,GET,false,521.939
336,2628,GET,true,47.517
337,12284,GET,false,29.581
338,1584,GET,true,28.61
339,2996,GET,false,18.841
340,6308,GET,true,26.205
341,14663680,GET,true,5170.244
342,1376256,GET,true,437.652
343,16384,GET,false,27.872
344,6708,GET,false,22.896
345,2628,GET,true,43.081
346,4960,GET,true,32.086
347,1584,GET,true,25.889
348,1352,GET,false,19.432
349,1364,GET,true,25.617
350,65536,GET,true,38.348
351,6916,GET,false,20.977
352,54394880,GET,false,8354.06
353,4960,GET,true,30.749
354,1152,GET,true,24.341
355,4960,GET,true,26.593
356,7476,GET,true,25.439
357,3000,GET,true,26.639
358,1336,GET,false,19.958
359,6788,GET,true,26.413
360,4960,GET,true,21.008
361,2628,GET,false,20.818
362,2832,GET,true,25.711
363,16384,GET,true,27.74
364,1372,GET,true,24.345
365,1332,GET,false,19.608
366,16154624,GET,true,5741.998
367,54394880,GET,false,8359.609
368,1772,GET,true,47.523
369,12156,GET,false,28.695
370,7344,PUT,false,50.19
371,3240,GET,true,24.525
372,2628,GET,true,29.985
373,11059200,PUT,false,6183.533
374,2404,GET,false,23.699
375,12156,GET,false,22.492
376,3228,GET,false,19.99
377,51478528,GET,false,7896.412
378,1332,GET,false,19.761
379,54394880,GET,true,18627.347
380,54394880,GET,false,8377.911
381,16384,GET,true,62.956
382,1064960,GET,false,172.682
383,557056,GET,true,227.574
384,52412416,GET,true,19070.64
385,20316160,GET,false,3159.605
386,12284,GET,true,60.799
387,30720000,GET,false,4717.748
388,4960,GET,true,30.563
389,2804,GET,false,18.326
390,2628,GET,false,19.425
391,2516,GET,true,25.076
392,2628,GET,true,98.355
393,1584,GET,false,19.007
394,16187392,GET,false,2506.131
395,9764864,GET,false,1505.406
396,1332,GET,true,26.803
397,2420,GET,false,18.263
398,9576,GET,true,25.818
399,3342336,GET,false,519.985
400,2310144,GET,true,802.15
401,12284,GET,true,56.121
402,9027584,GET,false,1408.566
403,2680,PUT,false,45.632
404,6912,GET,false,60.517
405,2060,GET,false,20.734
406,16384,GET,false,17.323
407,294912,GET,false,53.661
408,2490368,GET,true,917.97
409,720896,GET,true,274.827
410,12284,GET,false,28.289
411,2632,GET,false,24.601
412,1988,GET,true,52.19
413,1236,GET,false,23.134
414,2628,GET,false,19.656
415,294912,GET,false,51.493
416,1146880,GET,false,184.209
417,1116,GET,false,19.583
418,9576,GET,false,18.437
419,1332,GET,true,26.565
420,1900544,GET,true,582.204
421,10320,GET,true,44.165
422,1128,GET,false,18.833
423,6932,GET,false,19.803
424,1772,GET,true,25.811
425,2828,GET,true,23.239
426,4960,GET,true,24.544
427,2344,GET,true,21.754
428,2628,GET,false,19.723
429,65536,GET,true,35.174
430,15548416,GET,true,5368.366
431,2260,GET,true,50.955
432,1584,GET,false,19.552
433,2056,PUT,false,39.878
434,2480,GET,true,23.123
435,9544,GET,false,14.754
436,86900736,GET,false,13356.49
437,6712,GET,false,15.282
438,9240,GET,true,25.588
439,1584,GET,false,14.66
440,2080768,GET,false,325.118
441,33767424,GET,true,11134.07
442,737280,GET,false,142.625
443,2112,GET,true,57.807
444,11500,GET,true,31.849
445,294912,GET,false,54.78
446,1584,GET,true,26.757
447,3376,GET,false,17.294
448,6716,GET,false,16.524
449,51478528,GET,false,7900.714
450,107085824,GET,true,37292.633
451,2420,GET,false,43.517
452,4448,GET,false,21.169
453,2628,GET,false,22.335
454,4524,GET,true,89.04
455,6968,GET,true,47.278
456,2056,PUT,false,47.445
457,1336,GET,false,18.864
458,3220,GET,false,18.401
459,30720000,GET,true,11191.731
460,1152,GET,true,60.567
461,3860,GET,false,21.336
462,1356,GET,false,17.874
463,1236,GET,true,25.286
464,12284,GET,true,29.901
465,2628,GET,true,20.005
466,3000,GET,false,16.174
467,2604,GET,true,20.129
468,2420,GET,false,17.213
469,2420,GET,false,15.635
470,2420,GET,true,20.342
471,3000,GET,true,19.916
472,4656,GET,true,20.339
473,2628,GET,true,17.746
474,32768,GET,false,17.346
475,3936,GET,false,17.105
476,12996,GET,true,23.739
477,2844,GET,false,14.858
478,10764288,GET,false,1676.142
479,16384,GET,true,28.468
480,1336,GET,false,14.758
481,1156,GET,false,16.753
482,6572,GET,false,15.021
483,2212,GET,false,16.128
484,3680,GET,true,21.736
485,52412416,GET,true,18732.995
486,3784,GET,true,80.707
487,110215168,GET,false,16898.301
488,54394880,GET,false,8340.603
489,1916928,GET,false,301.6
490,1900,GET,false,19.079
491,2112,GET,false,16.722
492,2628,GET,true,28.521
493,30720000,GET,false,4717.601
494,2628,GET,false,19.831
495,819200,GET,false,133.365
496,2628,GET,false,17.443
497,3860,GET,true,26.627
498,5160960,GET,false,799.009
499,3000,GET,false,17.469
500,3817472,GET,false,592.961
501,819200,GET,false,133.932
502,2097152,GET,true,707.157
503,3680,GET,false,37.14
504,1116,GET,false,22.957
505,2628,GET,false,17.904
506,2628,GET,false,21.751
507,151633920,GET,true,52786.204
508,2260,GET,true,80.761
509,2144,GET,false,26.534
510,3784,GET,false,22.245
511,1980,GET,false,22.294
512,2628,GET,false,16.766
513,2628,GET,true,29.419
514,2628,GET,true,22.749
515,2628,GET,false,16.498
516,1982464,GET,false,311.746
517,2310144,GET,false,367.325
518,3342336,GET,false,520.612
519,2949120,GET,false,460.66
520,54394880,GET,false,8354.881
521,2628,GET,true,33.688
522,262144,GET,true,128.62
523,2490368,GET,true,769.493
524,5560,GET,false,23.95
525,21528576,GET,false,3326.331
526,367247360,GET,true,123460.191
527,83017728,GET,false,12761.545
528,2628,GET,true,55.692
529,1372,GET,false,22.856
530,2195456,GET,true,824.267
531,16384,GET,true,71.974
532,16384,GET,true,35.576
533,16384,GET,false,19.602
534,2804,GET,false,19.622
535,819200,GET,true,281.462
536,12284,GET,true,49.372
537,2420,GET,false,30.888
538,6520832,GET,true,2378.295
539,16384,GET,true,62.202
540,12284,GET,false,22.726
541,52412416,GET,true,18058.131
542,6728,GET,false,44.566
543,2628,GET,true,69.407
544,3020,GET,true,38.378
545,3342336,GET,false,532.826
546,19791872,GET,false,3060.432
547,54394880,GET,true,19589.785
548,2628,GET,true,100.698
549,16187392,GET,true,5657.641
550,2632,GET,false,27.389
551,2628,GET,false,26.31
552,16187392,GET,false,2491.563
553,5816320,GET,false,900.31
554,2604,GET,true,44.467
555,2310144,GET,true,737.983
556,9682944,GET,false,1500.715
557,1372,GET,true,45.864
558,3000,GET,true,33.177
559,2628,GET,true,23.075
560,1568,GET,true,23.39
561,2310144,GET,false,362.618
562,2628,GET,false,21.86
563,2310144,GET,false,365.093
564,6784,GET,true,29.168
565,2628,GET,false,17.278
566,1966080,GET,false,308.536
567,6932,GET,false,18.977
568,2162688,GET,true,682.601
569,4524,GET,true,51.949
570,9879552,GET,true,3015.077
571,1128,GET,true,42.2
572,2604,GET,false,17.739
573,3020,GET,false,14.424
574,1368,GET,false,15.702
575,655360,GET,true,232.027
576,1116,GET,true,52.007
577,10764288,GET,true,3178.373
578,12284,GET,false,27.33
579,2112,GET,true,45.078
580,1332,GET,false,21.805
581,1900544,GET,false,298.533
582,65536,GET,false,20.502
583,2628,GET,true,21.801
584,5576,GET,false,17.634
585,16384,GET,false,18.336
586,3220,GET,false,16.486
587,6632,GET,true,24.519
588,51478528,GET,false,7930.848
589,12156,GET,false,19.167
590,1584,GET,true,23.143
591,51478528,GET,true,17368.783
592,2628,GET,false,47.602
593,6504448,GET,false,1007.643
594,9420800,GET,true,2966.29
595,2628,GET,true,46.113
596,294912,GET,true,133.861
597,2804,GET,true,50.832
598,10408,GET,false,21.118
599,12284,GET,true,24.805
600,17743872,GET,false,2727.183
601,86065152,GET,false,13210.552
602,163840,PUT,false,154.579
603,3784,GET,true,59.574
604,10698752,GET,true,3788.121
605,32768,GET,true,60.799
606,23248896,GET,false,3571.58
607,3020,GET,true,23.677
608,3376,GET,true,18.813
609,2080768,GET,false,326.717
610,15548416,GET,true,5424.825
611,2628,GET,false,29.034
612,10368,GET,false,21.353
613,1900544,GET,true,700.932
614,2310144,GET,false,365.297
615,151633920,GET,false,23248.158
616,16384,GET,false,20.247
617,2628,GET,false,16.853
618,2628,GET,true,39.592
619,15024128,GET,true,4936.644
620,16384,GET,false,30.09
621,2828,GET,true,48.604
622,3948,PUT,false,55.472
623,8476,GET,false,22.98
624,5560,GET,true,27.995
625,3000,GET,false,19.188
626,1040,GET,true,25.563
627,6724,GET,true,27.066
628,1152,GET,false,21.27
629,1372,GET,true,24.871
630,1772,GET,true,24.851
631,1982464,GET,false,312.274
632,1364,GET,true,25.102
633,2628,GET,true,26.095
634,2490368,GET,false,389.397
635,2628,GET,true,26.609
636,2060,GET,true,27.317
637,671744,GET,false,121.085
638,1760,GET,false,20.067
639,2412,GET,false,20.337
640,51478528,GET,true,18229.839
641,3817472,GET,true,1307.616
642,2056,PUT,false,74.567
643,52412416,GET,true,18790.902
644,16384,GET,true,86.742
645,2628,GET,false,20.102
646,1368,GET,true,25.247
647,6720,GET,false,15.661
648,2112,GET,false,18.492
649,294912,GET,false,52.952
650,3000,GET,true,28.363
651,2340,GET,false,17.858
652,65536,GET,false,20.879
653,2804,GET,true,23.291
654,1336,GET,true,21.687
655,2420,GET,false,17.813
656,32768,GET,true,28.475
657,12156,GET,false,17.586
658,147456,GET,true,83.835
659,65536,GET,false,27.861
660,2632,GET,false,23.234
661,2628,GET,true,45.345
662,26443776,GET,true,9268.757
663,13304,GET,false,26.739
664,1507328,GET,true,524.584
665,2840,GET,true,51.037
666,11862016,GET,true,3906.87
667,1982464,GET,false,314.611
668,12284,GET,false,17.102
669,9544,GET,false,25.602
670,2628,GET,true,42.094
671,1584,GET,true,31.074
672,7476,GET,false,22.186
673,12284,GET,false,16.506
674,4524,GET,false,17.071
675,1818624,GET,true,619.426
676,2628,GET,true,54.801
677,2628,GET,false,17.791
678,2832,GET,true,21.931
679,12284,GET,true,20.023
680,12284,GET,true,22.488
681,55967744,GET,false,8586.079
682,1368,GET,false,13.486
683,2420,GET,false,12.762
684,3784,GET,false,14.178
685,47415296,GET,true,16284.886
686,6904,GET,false,39.666
687,12284,GET,false,29.398
688,2628,GET,true,62.626
689,16384,GET,true,41.543
690,2804,GET,false,19.879
691,4960,GET,true,24.595
692,30539776,GET,false,4703.777
693,2144,GET,false,18.314
694,2628,GET,false,16.674
695,1576,PUT,false,43.985
696,2628,GET,false,18.947
697,2628,GET,true,22.338
698,655360,GET,false,107.892
699,1982464,GET,false,311.977
700,2144,GET,false,16.844
701,27688960,GET,true,9597.752
702,655360,GET,false,115.89
703,2628,GET,false,18.794
704,3592,GET,true,52.8
705,30720000,GET,true,9795.915
706,2080768,GET,false,333.833
707,2628,GET,false,23.188
708,51478528,GET,false,7899.657
709,54394880,GET,true,18395.846
710,7476,GET,false,44.732
711,3000,GET,false,28.137
712,2996,GET,false,19.545
713,2628,GET,true,60.151
714,32653312,GET,false,5016.713
715,16384,GET,true,35.679
716,704512,GET,false,116.936
717,2828,GET,false,18.951
718,2628,GET,true,26.582
719,2628,GET,true,25.653
720,704512,GET,false,116.872
721,32653312,GET,false,5023.205
722,2628,GET,true,28.529
723,2420,GET,true,26.441
724,125108224,GET,false,19193.958
725,9576,GET,false,19.503
726,1584,GET,true,26.011
727,1332,GET,false,19.433
728,3856,GET,false,17.773
729,278528,GET,true,127.728
730,2804,GET,true,50.496
731,1420,GET,false,19.509
732,3220,GET,false,19.792
733,278528,GET,true,148.743
734,2628,GET,true,61.99
735,1332,GET,true,30.263
736,9764864,GET,false,1507.686
737,12156,GET,false,18.975
738,16384,GET,true,29.386
739,238272512,GET,true,76307.961
740,3904,GET,true,85.047
741,32768,GET,false,25.936
742,2820,GET,true,23.422
743,671744,PUT,false,493.699
744,1332,GET,true,67.807
745,2097152,GET,true,811.39
746,16384,GET,false,33.254
747,278528,GET,true,135.168
748,2832,GET,true,56.579
749,2056,GET,true,34.219
750,2420,GET,false,26.512
751,2949120,GET,true,818.255
752,2628,GET,false,22.726
753,12284,GET,false,20.522
754,2832,GET,false,18.466
755,2310144,GET,true,606.912
756,65536,GET,true,63.116
757,2832,GET,false,24.832
758,2632,GET,false,20.993
759,4148,GET,true,29.295
760,95682560,GET,true,33626.116
761,2260,GET,true,96.385
762,16384,GET,true,37.991
763,819200,GET,true,299.291
764,6732,GET,true,51.306
765,1900,GET,false,21.727
766,2080768,GET,true,776.552
767,1772,GET,true,53.986
768,1916928,GET,true,669.276
769,12284,GET,false,25.655
770,16384,GET,false,52.891
771,55197696,GET,true,18543.477
772,2628,GET,false,36.467
773,2628,GET,true,57.98
774,1720,GET,true,32.263
775,4964,GET,false,21.213
776,5652480,GET,false,873.526
777,2628,GET,true,23.435
778,2628,GET,false,20.838
779,671744,GET,true,238.576
780,12284,GET,false,48.941
781,2097152,GET,false,329.707
782,49577984,GET,true,17392.704
783,12156,GET,false,34.491
784,14663680,GET,true,4851.843
785,3342336,GET,false,523.675
786,9027584,GET,true,2754.856
787,2412,GET,true,49.899
788,2828,GET,false,21.815
789,2628,GET,false,25.878
790,2310144,GET,true,692.868
791,2832,GET,false,26.279
792,151633920,GET,false,23259.754
793,12156,GET,false,18.175
794,6732,GET,true,37.804
795,1764,GET,false,22.873
796,3784,GET,false,19.178
797,12284,GET,false,19.844
798,6968,GET,true,25.072
799,1336,GET,false,17.628
800,17743872,GET,true,4598.409
801,2628,GET,true,37.765
802,4259840,GET,true,1328.473
803,12284,GET,false,27.785
804,2310144,GET,false,362.184
805,4448,GET,true,41.419
806,9338880,GET,false,1453.647
807,9027584,GET,true,2770.188
808,147456,GET,false,33.247
809,2144,GET,true,44.369
810,3904,GET,false,20.927
811,194838528,GET,false,29848.879
812,14920,GET,true,23.482
813,1372,GET,false,14.863
814,2310144,GET,true,699.837
815,2260,GET,true,48.371
816,3932,GET,false,16.701
817,655360,GET,true,179.832
818,1116,GET,true,34.127
819,3680,GET,false,15.857
820,294912,GET,false,52.869
821,9027584,GET,true,3259.285
822,2628,GET,false,32.756
823,2628,GET,true,50.347
824,12156,GET,false,21.754
825,1372,GET,true,24.783
826,10764288,GET,true,3611.119
827,10764288,GET,false,1660.661
828,9576,GET,true,36.892
829,2310144,GET,true,835.358
830,16187392,GET,true,4779.234
831,3860,GET,false,28.707
832,3784,GET,false,23.839
833,9519104,GET,false,1483.767
834,9544,GET,true,39.614
835,2996,GET,false,19.944
836,54394880,GET,true,19247.284
837,4756,GET,true,70.52
838,2628,GET,true,20.582
839,1832,GET,false,17.551
840,12284,GET,false,12.776
841,147456,GET,false,29.203
842,182452224,GET,false,27993.045
843,51478528,GET,false,7893.731
844,78348288,GET,false,12007.041
845,1368,GET,true,20.096
846,12156,GET,true,19.309
847,2628,GET,false,10.552
848,54394880,PUT,false,30465.181
849,2056,GET,false,23.97
850,1156,GET,false,18.4
851,1900,GET,false,18.881
852,9568256,GET,false,1488.48
853,22675456,GET,true,7821.275
854,2628,GET,true,55.892
855,2628,GET,true,25.632
856,3784,GET,true,21.663
857,2195456,GET,false,344.397
858,14663680,GET,false,2274.178
859,4756,GET,false,19.99
860,819200,GET,true,330.225
861,4284,GET,true,60.271
862,1179648,GET,true,379.042
863,151633920,GET,false,23277.586
864,6716,GET,true,30.685
865,3020,GET,false,19.402
866,35553280,GET,false,5466.113
867,8159232,GET,false,1259.351
868,65536,GET,true,36.781
869,1332,GET,true,21.82
870,3936,GET,true,21.158
871,1900544,GET,false,298.594
872,2996,GET,true,21.471
873,2628,GET,false,17.787
874,1940,GET,true,21.45
875,16384,GET,true,24.403
876,2628,GET,false,15.815
877,1228,GET,false,14.701
878,3680,GET,true,20.657
879,4448,GET,false,15.804
880,2628,GET,true,19.889
881,17743872,GET,true,5480.71
882,1772,GET,true,45.122
883,3342336,GET,false,520.942
884,671744,GET,false,110.17
885,2628,GET,true,20.708
886,10764288,GET,false,1657.988
887,2420,GET,true,21.443
888,2404,GET,true,19.351
889,2220,GET,false,17.004
890,2628,GET,true,22.693
891,1368,GET,false,16.377
892,2097152,GET,true,792.56
893,3936,GET,false,31.146
894,30720000,GET,true,10733.26
895,2628,GET,false,30.605
896,54394880,GET,true,19401.561
897,294912,GET,true,174.237
898,4608,GET,false,29.594
899,5608,GET,false,22.859
900,3652,GET,false,19.242
901,16187392,GET,false,2504.63
902,2310144,GET,true,763.719
903,1772,GET,false,30.12
904,9388032,GET,true,3312.822
905,54394880,GET,true,18917.953
906,3342336,GET,false,528.925
907,1372,GET,false,26.216
908,12284,GET,true,62.628
909,2804,GET,true,29.898
910,2344,GET,false,20.115
911,2996,GET,false,17.962
912,1576,GET,false,15.539
913,16384,GET,false,18.459
914,1360,GET,true,26.609
915,671744,GET,true,281.543
916,1156,GET,true,73.612
917,4284,GET,false,22.519
918,1152,GET,false,21.764
919,1980,GET,false,19.863
920,2260,GET,false,23.448
921,2310144,GET,false,363.948
922,294912,GET,true,133.052
923,2828,GET,false,26.742
924,1164,PUT,false,75.736
925,2844,GET,true,30.615
926,1064960,GET,false,171.226
927,3342336,GET,false,520.115
928,1576,GET,false,22.276
929,819200,GET,false,133.728
930,15548416,GET,false,2405.291
931,3376,GET,false,19.472
932,2628,GET,false,19.729
933,1336,GET,true,28.266
934,2420,GET,true,26.989
935,32768,GET,false,22.456
936,819200,GET,false,134.31
937,1368,GET,false,20.602
938,32768,GET,true,32.66
939,2080768,GET,false,326.894
940,16384,GET,false,19.545
941,2260,GET,false,19.993
942,2832,GET,false,20.952
943,655360,GET,true,220.931
944,9830400,GET,false,1518.44
945,1916928,GET,true,636.409
946,3020,GET,true,72.161
947,1116,GET,true,32.55
948,6524,GET,true,27.02
949,32768,GET,false,20.581
950,1980,GET,false,18.9
951,36601856,GET,true,13300.479
952,54394880,GET,true,19469.062
953,2056,GET,false,36.218
954,12284,GET,false,20.227
955,2060,GET,false,27.514
956,2628,GET,true,64.179
957,1372,GET,true,33.607
958,2628,GET,false,25.991
959,3000,GET,false,18.485
960,3020,GET,true,22.719
961,1982464,GET,true,737.97
962,6716,PUT,false,74.939
963,3000,GET,true,28.456
964,4344,GET,true,28.947
965,14663680,GET,true,5364.487
966,2628,GET,false,39.836
967,3664,GET,true,56.281
968,16384,GET,false,26.615
969,54394880,GET,false,8357.052
970,32768,GET,true,29.465
971,6152,GET,false,16.061
972,132939776,GET,true,43608.089
973,9879552,GET,true,3534.008
974,8536,PUT,false,62.924
975,22102016,GET,false,3406.109
976,2628,GET,false,17.153
977,86900736,GET,true,30503.953
978,10764288,GET,true,3866.853
979,14663680,GET,true,5216.198
980,1760,GET,false,26.418
981,2996,GET,false,20.374
982,2112,GET,false,19.903
983,6728,GET,true,51.322
984,2844,GET,false,25.272
985,2628,GET,false,22.562
986,43368448,GET,true,15613.2
987,2420,GET,false,34.119
988,2420,GET,true,66.697
989,1332,GET,false,27.761
990,655360,GET,false,108.06
991,52920320,GET,true,18567.007
992,16384,GET,false,42.579
993,4524,GET,false,28.139
994,2080768,GET,true,764.075
995,2424,GET,true,55.408
996,16384,GET,false,24.129
997,1152,GET,false,21.382
998,1744,GET,true,24.14
999,2996,GET,true,20.967
1000,1584,GET,false,15.694
1001,2804,GET,false,15.312
1002,294912,GET,false,52.249
1003,2832,GET,true,18.858
1004,19169280,GET,false,2949.105
1005,10190848,GET,true,3478.92
1006,1332,GET,true,47.515
1007,2628,GET,true,23.717
1008,3680,GET,false,16.739
1009,1116,GET,false,14.957
1010,1368,GET,false,14.692
1011,65536,GET,true,28.654
1012,3784,GET,false,15.417
1013,51478528,GET,false,7899.766
1014,2628,GET,true,21.541
1015,117899264,GET,false,18099.299
1016,294912,GET,false,52.714
1017,2628,GET,true,20.748
1018,5232,GET,true,18.7
1019,16384,GET,true,19.432
1020,1916928,GET,false,300.553
1021,1116,GET,false,13.766
1022,655360,GET,true,255.048
1023,2144,GET,true,55.384
1024,2949120,GET,true,1068.845
1025,49152,GET,true,54.891
1026,671744,GET,false,111.51
1027,2628,GET,false,15.197
1028,6972,GET,false,13.331
1029,36782080,GET,true,10880.88
1030,1772,GET,false,46.749
1031,16384,GET,false,24.993
1032,14663680,GET,true,4714.622
1033,3884,GET,false,31.025
1034,1152,GET,true,43.969
1035,1152,GET,true,22.824
1036,1116,GET,false,15.704
1037,2056,GET,true,17.677
1038,1656,GET,true,17.174
1039,26443776,GET,false,4061.127
1040,65536,GET,true,30.556
1041,2420,GET,true,18.649
1042,54394880,GET,true,17420.592
1043,2628,GET,true,65.118
1044,9338880,GET,false,1463.984
1045,2344,GET,false,16.07
1046,12284,GET,false,16.613
1047,12156,GET,true,34.38
1048,2097152,GET,true,727.024
1049,2162688,GET,false,342.785
1050,17743872,GET,true,6143.091
1051,2628,GET,true,48.223
1052,1356,GET,false,19.334
1053,2628,GET,true,21.06
1054,68943872,GET,true,21931.814
1055,2060,PUT,false,83.093
1056,52412416,GET,false,8047.305
1057,6772,GET,false,17.016
1058,2828,GET,true,25.673
1059,54394880,GET,true,19056.696
1060,52412416,GET,false,8066.031
1061,16384,GET,false,19.221
1062,12664832,GET,false,1957.898
1063,2604,GET,false,18.982
1064,6720,GET,true,47.972
1065,2949120,GET,true,982.746
1066,2628,GET,true,69.955
1067,2080768,GET,true,759.316
1068,1364,GET,false,30.227
1069,54394880,PUT,false,31056.781
1070,16384,GET,false,24.185
1071,9388032,GET,true,3469.703
1072,3220,GET,false,28.88
1073,1867776,GET,true,621.675
1074,32768,GET,false,40.48
1075,2628,GET,true,42.591
1076,86900736,GET,true,30170.895
1077,1772,GET,false,39.787
1078,65536,PUT,false,102.192
1079,901120,GET,false,146.504
1080,1176,GET,true,28.544
1081,3020,GET,true,21.619
1082,2628,GET,false,16.883
1083,3936,GET,true,25.502
1084,2056,GET,false,14.048
1085,65699840,PUT,false,36612.275
1086,2804,GET,false,23.615
1087,147456,GET,true,106.096
1088,3220,GET,false,27.681
1089,12284,GET,true,52.473
1090,3220,GET,true,30.571
1091,9338880,GET,false,1461.833
1092,1116,GET,false,19.863
1093,1584,GET,true,30.421
1094,16187392,GET,false,2504.606
1095,4960,GET,true,25.904
1096,65536,GET,false,22.757
1097,2310144,GET,true,762.63
1098,3784,GET,false,26.084
1099,2340,GET,false,21.63
1100,65536,GET,true,53.528
1101,67305472,GET,true,23267.159
1102,1368,GET,true,64.672
1103,15548416,GET,true,5474.627
1104,32768,GET,true,57.671
1105,51478528,GET,false,7906.215
1106,30720000,GET,true,9998.252
1107,16384,GET,false,45.565
1108,12284,GET,false,27.865
1109,6912,GET,true,50.707
1110,54394880,GET,false,8354.162
1111,54394880,PUT,false,31536.713
1112,1332,GET,false,30.628
1113,9338880,GET,true,3301.699
1114,2604,GET,true,58.826
1115,9576,GET,true,32.456
1116,655360,GET,false,109.548
1117,9572,GET,false,22.557
1118,16187392,GET,true,5187.0
1119,9027584,GET,false,1395.336
1120,4580,PUT,false,74.474
1121,10764288,GET,false,1671.286
1122,2628,GET,true,30.973
1123,2628,GET,false,20.174
1124,4284,GET,false,19.836
1125,1348,GET,true,27.514
1126,4284,GET,false,21.139
1127,1584,GET,false,20.461
1128,2310144,GET,false,362.01
1129,4284,GET,true,26.462
1130,2310144,GET,true,867.583
1131,2056,GET,true,63.835
1132,3522560,GET,true,1147.779
1133,2420,GET,true,52.231
1134,3024,GET,false,27.288
1135,16384,GET,true,29.043
1136,2628,GET,true,25.291
1137,32768,PUT,false,46.655
1138,1116,GET,true,26.104
1139,12284,GET,false,20.191
1140,28229632,GET,false,4333.076
1141,12284,GET,true,24.024
1142,1490944,GET,true,534.576
1143,7200,PUT,false,65.65
1144,51478528,GET,true,18536.817
1145,7946240,GET,false,1242.407
1146,16384,GET,false,28.837
1147,2628,GET,false,23.701
1148,4088,GET,false,19.562
1149,1040,GET,true,70.605
1150,65536,GET,true,43.666
1151,12156,GET,true,23.915
1152,65880064,GET,false,10101.155
1153,3000,GET,true,23.111
1154,16384,GET,true,19.594
1155,2628,GET,false,15.985
1156,3860,GET,false,14.297
1157,2628,GET,true,20.31
1158,2628,GET,false,14.662
1159,2628,GET,true,19.282
1160,2628,GET,false,15.195
1161,2628,GET,true,19.58
1162,704512,GET,true,280.721
1163,10368,GET,false,29.616
1164,2340,GET,false,21.984
1165,4620,GET,false,41.466
1166,5628,GET,true,44.938
1167,2628,GET,false,19.686
1168,147456,GET,true,77.601
1169,2996,GET,true,46.074
1170,16384,GET,true,29.922
1171,19578880,GET,false,3014.782
1172,2097152,GET,false,328.951
1173,7946240,GET,true,2741.656
1174,294912,GET,false,56.349
1175,6782976,GET,true,2439.598
1176,128532480,GET,true,42447.468
1177,16384,GET,false,38.677
1178,54394880,GET,true,18786.312
1179,2832,GET,false,34.32
1180,2628,GET,false,26.118
1181,12156,GET,false,22.908
1182,4444,GET,true,59.727
1183,2424,GET,true,33.221
1184,32768,GET,false,22.778
1185,16384,GET,false,18.08
1186,655360,GET,false,108.341
1187,16384,GET,true,23.025
1188,10576,GET,true,24.123
1189,2628,GET,true,17.366
1190,2080768,GET,true,790.881
1191,10576,GET,false,28.85
1192,147456,GET,false,31.132
1193,3044,GET,true,45.997
1194,2604,GET,false,23.145
1195,1720,PUT,false,42.228
1196,2628,GET,true,23.047
1197,2310144,GET,true,712.382
1198,16384,GET,false,27.638
1199,2628,GET,false,17.471
1200,16384,GET,true,46.043
1201,2628,GET,true,21.938
1202,32768,GET,false,20.09
1203,1116,GET,false,19.115
1204,2228224,GET,true,769.933
1205,1292,PUT,false,56.057
1206,4833280,GET,true,1630.078
1207,14216,GET,true,47.817
1208,10576,GET,true,25.873
1209,32768,GET,true,25.576
1210,20398080,GET,true,6847.254
1211,2628,GET,true,51.659
1212,1772,GET,true,24.621
1213,294912,GET,false,53.578
1214,3220,GET,false,14.552
1215,9388032,GET,false,1458.378
1216,2195456,GET,true,672.789
1217,5232,GET,false,24.462
1218,3048,GET,true,38.615
1219,2628,GET,true,23.649
1220,7368,PUT,false,33.217
1221,7241728,PUT,false,4064.303
1222,901120,GET,false,147.266
1223,2628,GET,true,41.52
1224,4931584,GET,false,767.326
1225,49152,GET,false,22.376
1226,9544,GET,true,23.34
1227,16384,GET,true,21.295
1228,2060,GET,true,19.296
1229,2628,GET,true,18.37
1230,2212,GET,false,16.232
1231,16384,GET,false,16.36
1232,2628,GET,false,13.889
1233,2628,GET,false,13.916
1234,3020,GET,false,13.852
1235,11059200,GET,false,1703.077
1236,2340,GET,true,21.038
1237,671744,PUT,false,389.976
1238,2804,GET,true,49.169
1239,2310144,GET,false,362.664
1240,9576,GET,false,20.309
1241,14663680,GET,true,4392.619
1242,4524,GET,false,15.957
1243,1152,GET,true,20.025
1244,8036,GET,true,20.121
1245,65536,GET,false,19.933
1246,2628,GET,true,17.213
1247,12284,GET,true,19.895
1248,1064960,GET,false,176.238
1249,15548416,GET,false,2400.942
1250,1356,GET,false,13.2
1251,9576,GET,false,14.266
1252,1064960,GET,false,170.041
1253,2310144,GET,false,359.326
1254,11747328,GET,true,3560.685
1255,30720000,GET,true,10810.046
1256,2412,GET,true,57.097
1257,32768,GET,true,27.302
1258,16384,GET,true,24.053
1259,2628,GET,false,15.301
1260,3680,GET,false,13.929
1261,1128,GET,true,18.833
1262,1152,GET,true,16.814
1263,2628,GET,true,16.703
1264,2212,GET,false,13.564
1265,12156,GET,false,14.33
1266,16187392,GET,true,5760.545
1267,2420,GET,true,53.376
1268,12156,GET,false,15.702
1269,2628,GET,true,21.52
1270,2628,GET,false,12.316
1271,54394880,GET,false,8349.303
1272,32768,GET,false,16.296
1273,1507328,GET,true,498.848
1274,2113536,GET,false,337.492
1275,2420,GET,false,19.233
1276,2628,GET,false,13.952
1277,2949120,GET,true,983.979
1278,1772,GET,true,50.251
1279,16384,GET,true,22.454
1280,3784,GET,true,17.878
1281,2628,GET,false,11.749
1282,4960,GET,true,16.276
1283,3342336,GET,false,518.615
1284,6720,GET,false,12.063
1285,884736,GET,true,343.891
1286,2375680,GET,true,755.02
1287,2996,GET,true,43.449
1288,3376,GET,false,17.723
1289,6376,GET,true,24.215
1290,1492,GET,true,17.494
1291,2420,GET,false,11.454
1292,10092,GET,true,17.078
1293,2144,GET,true,15.376
1294,5284,GET,false,13.508
1295,6912,GET,false,12.566
1296,819200,GET,true,270.505
1297,884736,GET,true,287.581
1298,65536,GET,true,44.385
1299,43204608,GET,false,6635.415
1300,2408,GET,true,18.246
1301,819200,GET,false,132.239
1302,4284,GET,true,21.749
1303,1356,GET,true,14.929
1304,2056,GET,false,10.801
1305,655360,GET,true,218.538
1306,55967744,GET,false,8581.219
1307,43368448,GET,false,6674.186
1308,1982464,GET,true,645.126
1309,2620,GET,false,22.352
1310,3000,GET,true,38.778
1311,3652,GET,false,17.915
1312,2344,GET,true,17.731
1313,2628,GET,false,15.722
1314,52412416,GET,true,17762.573
1315,32768,GET,false,35.981
1316,3784,GET,true,52.604
1317,30720000,GET,true,11187.807
1318,2340,GET,false,33.601
1319,9027584,GET,false,1409.857
1320,16384,GET,true,47.275
1321,16187392,GET,true,5448.427
1322,2195456,GET,true,740.358
1323,9576,GET,false,30.348
1324,1156,GET,false,24.497
1325,2628,GET,true,43.723
1326,1336,GET,true,27.109
1327,294912,GET,false,52.923
1328,2344,GET,true,21.857
1329,1772,GET,true,19.466
1330,2628,GET,false,17.528
1331,1128,GET,true,17.563
1332,3220,GET,true,18.837
1333,16384,GET,true,22.392
1334,1584,GET,false,16.263
1335,12284,GET,true,21.069
1336,3020,GET,true,18.248
1337,22331392,GET,true,7908.883
1338,3884,GET,true,49.018
1339,4524,GET,false,18.634
1340,2144,GET,true,21.164
1341,2310144,GET,false,361.094
1342,2620,GET,true,19.351
1343,2628,GET,true,21.388
1344,2080768,GET,false,326.945
1345,54394880,PUT,false,30723.215
1346,1364,GET,true,70.578
1347,32768,GET,true,36.09
1348,49152,GET,false,23.385
1349,2628,GET,true,21.857
1350,2060,GET,false,20.912
1351,2628,GET,false,16.675
1352,16384,GET,true,24.186
1353,16384,GET,true,24.123
1354,2195456,GET,false,344.657
1355,1332,GET,true,22.246
1356,13910016,GET,false,2159.754
1357,9240,GET,false,17.819
1358,4931584,GET,true,1631.242
1359,3448,GET,false,26.181
1360,2097152,GET,false,329.543
1361,2344,GET,false,21.07
1362,2828,GET,true,39.167
1363,9338880,GET,true,3049.204
1364,2628,GET,false,28.042
1365,2628,GET,true,50.156
1366,12284,GET,true,25.521
1367,6968,GET,false,16.078
1368,2820,GET,true,23.44
1369,3680,GET,true,22.4
1370,2628,GET,false,14.955
1371,2212,GET,false,15.776
1372,16187392,GET,true,5351.93
1373,9576,GET,true,50.114
1374,3342336,GET,true,862.26
1375,12156,GET,false,19.274
1376,2628,GET,true,34.06
1377,16384,GET,false,18.235
1378,2340,GET,false,14.296
1379,311296,GET,true,86.062
1380,3936,GET,false,17.605
1381,1152,GET,true,21.725
1382,1507328,GET,true,493.009
1383,1584,GET,false,27.617
1384,1372,GET,false,24.444
1385,4341760,GET,true,1342.306
1386,1507328,GET,false,241.419
1387,6632,GET,false,24.002
1388,9544,GET,false,18.279
1389,2060,GET,false,23.923
1390,1372,GET,true,55.514
1391,16384,GET,false,25.149
1392,2310144,GET,false,361.711
1393,10156,GET,true,26.014
1394,2344,GET,false,16.529
1395,1900544,GET,false,298.259
1396,16384,GET,true,20.472
1397,1336,GET,false,17.121
1398,2832,GET,true,18.673
1399,655360,GET,true,242.218
1400,2949120,GET,true,1119.614
1401,2804,GET,false,35.051
1402,1356,GET,false,23.224
1403,53280768,GET,true,19153.645
1404,2628,GET,false,34.206
1405,1980,GET,false,23.16
1406,9338880,GET,false,1468.616
1407,3376,GET,false,18.405
1408,132939776,GET,false,20403.861
1409,83017728,PUT,false,47353.593
1410,51478528,GET,true,18906.432
1411,12156,GET,false,43.241
1412,2056,GET,false,27.965
1413,16384,GET,true,67.756
1414,49152,GET,false,22.628
1415,1064960,GET,true,365.389
1416,22740992,GET,true,8236.742
1417,9338880,GET,true,3268.279
1418,4734976,GET,true,1431.663
1419,2340,GET,false,26.262
1420,30720000,GET,false,4733.336
1421,1128,GET,true,40.956
1422,3440640,GET,true,1076.687
1423,2628,GET,false,28.587
1424,3981312,GET,false,617.966
1425,2628,GET,false,22.716
1426,16384,GET,false,19.589
1427,1772,GET,false,19.011
1428,1772,GET,true,41.707
1429,2804,GET,false,24.45
1430,819200,GET,true,362.648
1431,2628,GET,false,33.164
1432,65536,GET,false,24.056
1433,1064960,GET,true,373.206
1434,2828,GET,false,29.121
1435,1368,GET,true,49.882
1436,1772,GET,false,22.047
1437,19791872,GET,false,3045.82
1438,2404,GET,true,28.61
1439,65536,GET,false,21.48
1440,2804,GET,false,18.229
1441,12284,GET,true,27.558
1442,5865472,GET,true,2130.759
1443,10764288,GET,true,3586.884
1444,1356,GET,true,51.888
1445,1900544,GET,false,301.538
1446,2832,GET,true,28.343
1447,3024,GET,true,25.522
1448,1368,GET,true,24.133
1449,37994496,GET,false,5846.777
1450,2628,GET,true,24.383
1451,344064,GET,true,137.875
1452,1900544,GET,true,692.089
1453,135217152,GET,false,20738.709
1454,3948,PUT,false,75.027
1455,15076,GET,true,28.637
1456,2628,GET,false,17.107
1457,12156,GET,false,17.163
1458,238272512,GET,true,81495.936
1459,2628,GET,true,80.152
1460,4964352,GET,true,1676.788
1461,737280,GET,false,124.64
1462,16384,GET,false,19.809
1463,107757568,GET,true,34629.547
1464,16384,GET,true,76.939
1465,52412416,GET,false,8046.81
1466,65536,GET,true,43.145
1467,1818624,GET,true,668.403
1468,1980,GET,true,54.951
1469,2628,GET,false,25.543
1470,12284,GET,true,29.669
1471,26443776,GET,false,4069.712
1472,32768,GET,false,18.766
1473,1128,GET,true,25.128
1474,1772,GET,false,18.323
1475,2420,GET,false,17.612
1476,27918336,GET,false,4286.904
1477,16384,GET,true,28.582
1478,1128,GET,false,17.995
1479,2112,GET,false,17.828
1480,819200,GET,true,313.861
1481,3784,GET,false,27.825
1482,65536,GET,false,22.643
1483,2628,GET,false,21.577
1484,2628,GET,true,42.703
1485,19578880,GET,true,7091.247
1486,16384,GET,true,58.168
1487,2832,GET,false,28.747
1488,12284,GET,true,29.266
1489,1040,GET,false,26.873
1490,10368,GET,true,27.143
1491,151633920,GET,false,23262.005
1492,819200,GET,true,317.18
1493,87965696,GET,false,13534.881
1494,1982464,GET,false,312.819
1495,3904,GET,false,19.422
1496,327680,GET,false,58.7
1497,16384,GET,true,46.196
1498,22904832,GET,true,7819.058
1499,2804,GET,false,30.692
1500,10088,GET,false,22.626
1501,10088,GET,true,43.15
1502,3522560,GET,true,1221.424
1503,1584,GET,true,51.542
1504,3024,GET,true,31.7
1505,9576,GET,true,24.961
1506,2490368,GET,true,891.771
1507,147456,GET,false,34.768
1508,4284,GET,true,49.587
1509,3240,PUT,false,48.656
1510,1916928,GET,false,312.067
1511,1116,GET,false,17.941
1512,54394880,GET,true,19417.247
1513,3020,GET,true,85.917
1514,4524,GET,true,29.232
1515,2144,GET,false,18.604
1516,1916928,GET,false,302.598
1517,12156,GET,false,18.065
1518,26443776,GET,true,9054.195
1519,2628,GET,false,27.748
1520,54394880,GET,false,8347.885
1521,10240000,GET,true,3537.426
1522,86900736,GET,true,30760.828
1523,15548416,GET,true,5322.318
1524,10764288,GET,false,1687.577
1525,9576,GET,false,18.554
1526,2080768,GET,true,600.79
1527,2628,GET,false,31.516
1528,2056,GET,false,19.308
1529,2195456,GET,false,345.725
1530,86900736,GET,false,13323.292
1531,1336,GET,false,17.222
1532,9544,GET,false,14.955
1533,147456,GET,true,97.368
1534,2310144,GET,false,366.157
1535,1896,GET,true,53.777
1536,4960,GET,false,23.546
1537,10088,GET,true,27.599
1538,2604,GET,false,15.546
1539,2260,GET,false,16.604
1540,51478528,GET,false,7905.95
1541,2112,GET,true,27.428
1542,1900544,GET,false,299.637
1543,2628,GET,false,17.016
1544,2628,GET,false,18.974
1545,2404,GET,true,25.632
1546,1372,GET,false,17.397
1547,2628,GET,true,26.833
1548,2056,GET,false,18.109
1549,1368,GET,true,23.194
1550,3784,GET,false,18.96
1551,2344,GET,true,21.794
1552,16187392,GET,false,2506.811
1553,16384,GET,false,18.346
1554,2628,GET,true,43.143
1555,2604,GET,true,22.309
1556,9576,GET,true,22.102
1557,54394880,GET,true,18361.931
1558,54394880,GET,true,19443.92
1559,1156,GET,true,90.989
1560,2804,GET,true,36.462
1561,23822336,PUT,false,13123.265
1562,65699840,GET,false,10081.538
1563,1584,GET,true,58.298
1564,52477952,GET,true,16796.971
1565,2628,GET,false,38.289
1566,32768,GET,false,26.238
1567,12284,GET,false,17.92
1568,1772,GET,false,19.54
1569,10576,GET,false,17.236
1570,10088,GET,false,17.125
1571,819200,GET,false,132.955
1572,2628,GET,true,68.612
1573,2628,GET,false,25.055
1574,12284,GET,false,20.923
1575,12156,GET,true,27.908
1576,2060,GET,false,23.907
1577,2628,GET,false,19.048
1578,655360,GET,false,108.292
1579,22102016,GET,false,3405.918
1580,3376,GET,true,31.089
1581,2628,GET,false,19.292
1582,9519104,GET,true,3380.911
1583,1040,GET,true,57.476
1584,1772,GET,false,22.913
1585,19791872,GET,false,3041.423
1586,1576,GET,true,25.036
1587,225198080,GET,true,78568.885
1588,2832,GET,false,39.855
1589,1982464,GET,true,768.424
1590,9617408,GET,true,3373.042
1591,1064960,GET,true,368.489
1592,9027584,GET,false,1393.451
1593,2832,GET,true,46.839
1594,2604,GET,true,27.371
1595,1128,GET,false,16.95
1596,671744,GET,false,109.818
1597,2344,GET,true,21.543
1598,2628,GET,false,14.996
1599,1372,GET,false,13.223
1600,3648,GET,true,19.108
1601,2172,GET,true,18.406
1602,3376,GET,true,18.831
1603,1772,GET,true,16.435
1604,2628,GET,false,11.629
1605,16384,GET,true,22.124
1606,10088,GET,true,17.861
1607,2949120,GET,false,457.897
1608,1772,GET,true,18.462
1609,2404,GET,true,17.528
1610,6716,PUT,false,40.549
1611,54394880,PUT,false,31078.811
1612,3457024,GET,true,1283.003
1613,1332,GET,false,29.663
1614,819200,GET,true,351.054
1615,1152,GET,true,67.962
1616,3652,GET,false,28.566
1617,15548416,GET,false,2399.04
1618,2628,GET,true,35.94
1619,2344,GET,false,20.177
1620,86900736,GET,false,13339.033
1621,3220,GET,true,31.599
1622,2628,GET,false,19.439
1623,10764288,GET,true,3888.653
1624,4524,GET,true,62.63
1625,1900,GET,true,30.463
1626,671744,GET,true,271.752
1627,1980,GET,false,32.799
1628,16384,GET,true,58.287
1629,3162112,PUT,false,1800.206
1630,2628,GET,false,21.57
1631,30720000,GET,false,4717.894
1632,2628,GET,false,19.275
1633,12656,GET,true,53.278
1634,16384,GET,true,38.818
1635,16384,GET,false,20.477
1636,6712,GET,true,31.254
1637,1372,GET,true,25.855
1638,3220,GET,false,18.515
1639,3000,GET,true,25.545
1640,294912,GET,true,157.387
1641,2604,GET,true,57.451
1642,1372,GET,false,24.529
1643,2097152,GET,true,780.44
1644,9576,GET,false,32.649
1645,2344,GET,false,27.007
1646,2628,GET,false,21.396
1647,2628,GET,true,45.974
1648,294912,GET,false,55.119
1649,2628,GET,false,18.749
1650,1584,GET,false,16.404
1651,16187392,GET,true,5802.28
1652,3256,GET,true,57.13
1653,6940,GET,false,21.997
1654,10576,GET,false,17.073
1655,78348288,GET,true,27248.176
1656,2604,GET,false,40.935
1657,30720000,GET,true,11048.192
1658,54394880,GET,true,19295.658
1659,4931584,GET,true,1693.944
1660,2310144,GET,false,368.263
1661,65536,GET,false,25.651
1662,132939776,GET,false,20370.292
1663,3000,GET,false,19.672
1664,10780672,GET,false,1663.761
1665,1152,GET,true,43.334
1666,1416,GET,false,23.375
1667,2056,GET,false,23.343
1668,12156,GET,false,30.978
1669,2056,GET,true,26.603
1670,2244608,PUT,false,1320.903
1671,11500,GET,false,23.066
1672,294912,GET,true,130.688
1673,3376,GET,false,27.509
1674,12284,GET,false,23.564
1675,2080768,GET,true,627.287
1676,16384,GET,true,40.704
1677,2080768,GET,false,327.563
1678,1372,GET,true,28.394
1679,86900736,GET,false,13328.243
1680,54394880,GET,false,8339.723
1681,2490368,GET,false,390.045
1682,2060,GET,false,16.219
1683,2424,GET,true,22.839
1684,2260,GET,false,16.619
1685,2060,GET,false,15.354
1686,655360,GET,false,107.432
1687,3000,GET,true,22.368
1688,1916928,GET,false,300.457
1689,1332,GET,false,13.425
1690,2056,GET,false,12.757
1691,26443776,GET,true,9007.27
1692,10320,GET,true,63.621
1693,9633792,GET,false,1491.834
1694,2949120,GET,true,1002.599
1695,2628,GET,true,45.582
1696,1356,GET,true,33.758
1697,43499520,GET,true,15524.286
1698,12284,GET,false,37.347
1699,2310144,GET,false,364.398
1700,2628,GET,true,58.623
1701,2628,GET,true,31.639
1702,16384,GET,false,20.423
1703,43499520,PUT,false,25604.181
1704,2060,GET,false,26.475
1705,16384,GET,true,72.817
1706,2310144,GET,true,802.307
1707,110198784,PUT,false,61918.149
1708,51478528,GET,true,18847.293
1709,6992,PUT,false,84.365
1710,52412416,GET,false,8096.253
1711,1867776,PUT,false,1145.126
1712,1146880,GET,false,188.086
1713,1048576,PUT,false,590.538
1714,2628,GET,false,22.3
1715,1720,PUT,false,67.915
1716,14385152,GET,false,2224.45
1717,3100,GET,true,32.489
1718,1356,GET,true,23.743
1719,110198784,GET,false,16923.706
1720,16384,GET,true,30.855
1721,8684,GET,true,24.605
1722,1068,GET,true,22.759
1723,2628,GET,true,22.761
1724,16384,GET,true,21.413
1725,1982464,GET,false,311.552
1726,16384,GET,false,18.807
1727,15368192,GET,true,5582.247
1728,2832,GET,false,31.453
1729,2832,GET,true,74.048
1730,9576,GET,true,35.782
1731,28606464,GET,false,4411.284
1732,147456,GET,true,84.247
1733,2996,GET,true,48.65
1734,2628,GET,true,26.11
1735,16384,GET,true,28.239
1736,7052,GET,true,23.776
1737,2832,GET,false,15.044
1738,2628,GET,false,16.705
1739,23822336,GET,false,3657.373
1740,2310144,GET,false,360.557
1741,3342336,GET,false,519.003
1742,6712,GET,true,22.903
1743,2052,GET,true,19.586
1744,3020,GET,true,21.254
1745,1356,GET,true,19.518
1746,12156,GET,false,16.364
1747,3020,GET,true,17.799
1748,3020,GET,true,17.754
1749,2996,GET,false,14.977
1750,2844,GET,false,13.153
1751,2628,GET,false,13.828
1752,12656,GET,true,21.628
1753,294912,GET,false,53.054
1754,1916928,GET,false,300.671
1755,1368,GET,true,20.149
1756,3680,GET,true,19.366
1757,2388,GET,true,20.026
1758,1152,GET,true,18.491
1759,294912,GET,true,106.612
1760,1867776,GET,true,719.59
1761,2628,GET,false,29.081
1762,20365312,GET,false,3134.493
1763,5236,GET,true,45.107
1764,4148,GET,true,30.136
1765,4524,GET,false,14.339
1766,5184,GET,true,22.023
1767,2804,GET,false,15.86
1768,2195456,GET,true,746.728
1769,3000,GET,false,26.582
1770,3672,GET,true,43.45
1771,6716,GET,false,21.1
1772,15368192,PUT,false,8538.379
1773,7016,GET,true,46.132
1774,3784,GET,true,26.722
1775,2344,GET,true,23.583
1776,19578880,GET,false,3025.775
1777,140279808,GET,false,21531.671
1778,6664,GET,false,14.521
1779,4833280,GET,true,1611.702
1780,4576,GET,false,42.691
1781,16384,GET,false,22.857
1782,10368,GET,true,44.083
1783,107757568,GET,false,16535.786
1784,1900544,GET,false,299.252
1785,278528,GET,true,137.853
1786,2844,GET,true,53.174
1787,2628,GET,true,24.932
1788,1584,GET,false,16.402
1789,16384,GET,true,18.436
1790,65536,GET,true,27.059
1791,12284,GET,true,17.984
1792,5688,GET,true,18.405
1793,12284,GET,false,13.64
1794,2340,GET,true,15.507
1795,1576,GET,false,11.265
1796,16187392,GET,false,2488.848
1797,2628,GET,false,12.503
1798,16187392,GET,false,2487.901
1799,12156,GET,true,18.496
1800,12284,GET,true,17.432
1801,3680,GET,true,15.778
1802,2244608,GET,true,799.065
1803,23822336,GET,false,3660.759
1804,4580,GET,false,16.953
1805,65536,GET,true,49.592
1806,2056,PUT,false,39.045
1807,32768,GET,false,15.918
1808,671744,PUT,false,398.985
1809,2604,GET,false,27.367
1810,819200,GET,true,272.752
1811,1332,GET,true,43.934
1812,2628,GET,false,16.868
1813,12284,GET,false,12.412
1814,671744,PUT,false,380.36
1815,2628,GET,true,39.668
1816,2628,GET,false,16.848
1817,4904,GET,true,19.704
1818,32768,GET,false,16.247
1819,2060,PUT,false,26.737
1820,2008,GET,true,16.236
1821,1152,GET,true,15.918
1822,5560,GET,true,17.177
1823,30720000,GET,true,10284.949
1824,16384,GET,true,68.243
1825,1356,GET,false,23.191
1826,2949120,GET,false,459.512
1827,6376,GET,false,19.5
1828,1336,GET,true,23.166
1829,86900736,GET,false,13325.847
1830,2080768,GET,false,326.937
1831,1368,GET,true,21.714
1832,147456,GET,true,72.936
1833,819200,GET,true,334.546
1834,2628,GET,true,51.108
1835,16384,GET,false,20.499
1836,2996,GET,true,23.161
1837,1900544,GET,true,697.882
1838,2195456,GET,true,732.333
1839,9027584,GET,true,3142.071
1840,4960,GET,false,26.94
1841,16384,GET,false,19.026
1842,2628,GET,false,21.415
1843,51478528,GET,false,7905.028
1844,3652,PUT,false,60.711
1845,1156,GET,false,21.164
1846,3342336,GET,false,519.461
1847,2628,GET,false,15.834
1848,2260,GET,false,15.782
1849,147456,GET,true,106.582
1850,83247104,GET,true,28995.994
1851,1116,GET,true,69.642
1852,51478528,GET,true,18544.103
1853,65536,GET,false,40.698
1854,2628,GET,true,69.626
1855,30720000,GET,true,11030.115
1856,1584,GET,true,64.645
1857,32768,GET,true,37.829
1858,1064960,GET,true,435.989
1859,1900544,GET,true,652.283
1860,294912,GET,true,137.847
1861,2256,GET,true,52.34
1862,5160960,GET,true,1560.772
1863,17121280,GET,true,5506.812
1864,3196,GET,true,45.77
1865,2056,GET,true,31.434
1866,132939776,PUT,false,72016.848
1867,54394880,GET,false,8365.756
1868,26443776,GET,true,9455.807
1869,15548416,GET,true,5308.918
1870,16384,GET,false,32.652
1871,1966080,GET,false,309.09
1872,26443776,GET,true,8205.571
1873,2628,GET,false,23.968
1874,2420,GET,false,19.969
1875,16384,GET,true,59.209
1876,1128,GET,false,22.252
1877,3652,GET,false,19.904
1878,1156,GET,true,23.242
1879,4284,GET,true,25.141
1880,819200,GET,true,322.361
1881,1982464,GET,true,681.752
1882,1796,GET,true,69.391
1883,2628,GET,false,22.941
1884,2056,GET,true,26.064
1885,21954560,GET,false,3385.976
1886,51478528,GET,true,17478.483
1887,4960,GET,true,74.844
1888,1507328,GET,true,515.138
1889,9175040,GET,false,1416.199
1890,2628,GET,true,46.737
1891,2604,GET,true,33.71
1892,1772,GET,true,25.579
1893,2628,GET,false,20.138
1894,1236,GET,true,26.41
1895,1900,GET,true,24.529
1896,1772,GET,true,25.147
1897,1372,GET,true,23.679
1898,2097152,GET,true,679.159
1899,3522560,GET,true,1106.55
1900,3220,GET,false,24.073
1901,2628,GET,true,26.938
1902,147456,GET,false,30.34
1903,16187392,GET,false,2490.807
1904,13598720,GET,false,2091.014
1905,2628,GET,false,18.261
1906,86900736,GET,false,13319.424
1907,3020,GET,false,19.742
1908,819200,GET,false,133.64
1909,2310144,GET,true,845.952
1910,3020,GET,false,29.699
1911,671744,GET,false,111.088
1912,1772,GET,false,21.834
1913,170737664,GET,true,59692.837
1914,1356,GET,false,40.122
1915,16384,GET,true,67.536
1916,2056,GET,true,44.483
1917,2080768,GET,true,704.879
1918,294912,GET,false,56.365
1919,2628,GET,true,42.87
1920,38174720,GET,false,5869.226
1921,1356,GET,false,15.928
1922,9338880,GET,false,1439.382
1923,1336,GET,true,24.437
1924,52412416,GET,false,8051.213
1925,2195456,GET,true,703.393
1926,86900736,GET,false,13340.379
1927,2404,GET,false,19.884
1928,1156,GET,false,17.943
1929,2056,GET,false,17.254
1930,12156,GET,true,43.892
1931,4960,GET,false,21.666
1932,6680,GET,false,18.28
1933,2244608,GET,false,351.91
1934,10688,GET,true,27.123
1935,2628,GET,true,21.839
1936,1156,GET,false,20.765
1937,236584960,GET,false,36277.531
1938,7476,GET,false,14.57
1939,9240,GET,false,13.957
1940,1116,GET,true,18.572
1941,8636,GET,true,19.346
1942,51478528,GET,true,17692.295
1943,6924,GET,false,39.031
1944,86900736,GET,false,13343.093
1945,5476,GET,true,59.78
1946,36601856,GET,true,12970.06
1947,14663680,GET,false,2269.482
1948,49152,GET,false,21.309
1949,26443776,GET,true,8932.737
1950,12156,GET,false,33.231
1951,89079808,GET,true,31376.881
1952,2260,GET,false,38.795
1953,3936,GET,false,26.159
1954,6712,GET,true,62.977
1955,16384,GET,true,31.071
1956,65536,GET,false,23.343
1957,3784,GET,false,19.961
1958,2112,GET,true,22.033
1959,1982464,GET,false,311.37
1960,16384,GET,true,25.824
1961,3522560,GET,false,554.95
1962,1152,GET,false,18.647
1963,12156,GET,true,30.477
1964,3244032,GET,true,1004.532
1965,2844,GET,false,21.193
1966,9576,GET,true,42.823
1967,4372,GET,true,29.729
1968,16384,GET,true,29.699
1969,2310144,GET,false,361.599
1970,3376,GET,false,27.731
1971,1116,GET,false,18.496
1972,9338880,GET,false,1450.554
1973,3325952,GET,false,518.231
1974,2828,GET,true,26.659
1975,671744,GET,true,289.612
1976,2628,GET,true,63.17
1977,10764288,GET,false,1659.605
1978,3048,GET,true,28.787
1979,86900736,GET,true,30494.59
1980,2628,GET,false,39.666
1981,16384,GET,false,26.061
1982,107757568,GET,true,38288.501
1983,737280,GET,false,130.355
1984,14663680,GET,true,5291.149
1985,1128,GET,true,67.777
1986,357482496,GET,true,108092.039
1987,6728,PUT,false,97.448
1988,1048576,GET,false,184.329
1989,2480,GET,true,40.518
1990,16580608,GET,false,2550.413
1991,1988,GET,false,18.028
1992,117899264,GET,false,18098.656
1993,2628,GET,false,18.486
1994,28557312,PUT,false,16092.944
1995,2420,GET,true,62.049
1996,4496,PUT,false,47.648
1997,1576,GET,false,21.35
1998,2628,GET,false,19.582
1999,2212,GET,true,27.203
2000,12284,GET,false,21.369
2001,1152,GET,false,17.318
2002,2628,GET,false,19.143
2003,2420,GET,false,17.999
2004,12156,GET,false,17.304
2005,12284,GET,true,27.501
2006,2490368,GET,false,390.17
2007,17743872,GET,true,5157.566
2008,15080,GET,true,49.858
2009,1336,GET,false,21.988
2010,12284,GET,false,17.292
2011,1916928,GET,false,302.278
2012,9338880,GET,false,1439.696
2013,3020,GET,false,17.169
2014,278528,GET,false,51.36
2015,1804,PUT,false,39.349
2016,16384,GET,true,27.751
2017,294912,GET,true,129.075
2018,2628,GET,true,55.441
2019,12284,GET,false,21.413
2020,9060,PUT,false,35.971
2021,15076,GET,true,27.762
2022,1040,GET,false,18.406
2023,4496,GET,true,26.848
2024,12517376,GET,false,1929.745
2025,2628,GET,true,24.916
2026,87965696,PUT,false,51198.498
2027,1988,GET,true,65.357
2028,16384,GET,true,37.779
2029,10368,GET,true,31.822
2030,2628,GET,true,28.899
2031,1982464,GET,true,678.657
2032,2628,GET,false,29.592
2033,2628,GET,true,51.844
2034,2056,GET,false,26.692
2035,16384,GET,false,23.662
2036,2832,GET,false,23.508
2037,12284,GET,false,21.931
2038,2628,GET,false,19.903
2039,3220,GET,false,21.009
2040,3522560,GET,false,554.02
2041,1988,GET,true,32.231
2042,2832,GET,false,17.137
2043,16384,GET,false,18.263
2044,10698752,GET,true,3715.616
2045,278528,GET,false,53.161
2046,2420,GET,false,18.713
2047,2097152,GET,true,669.332
2048,2404,GET,true,53.438
2049,8142848,GET,true,2474.299
2050,121733120,GET,false,18674.751
2051,1982464,GET,true,734.359
2052,3522560,GET,true,1237.713
2053,1980,GET,false,28.015
2054,2195456,GET,false,345.534
2055,9879552,GET,true,3393.081
2056,1780,GET,false,23.762
2057,2216,GET,false,18.996
2058,2628,GET,true,47.974
2059,8004,GET,false,25.272
2060,2832,PUT,false,47.718
2061,2628,GET,true,28.744
2062,86900736,GET,false,13334.147
2063,6708,PUT,false,41.254
2064,1128,GET,true,23.222
2065,1622016,GET,true,534.58
2066,12156,GET,true,70.443
2067,2184,GET,false,20.351
2068,1336,GET,false,12.864
2069,12284,GET,true,28.581
2070,12284,GET,false,12.589
2071,2628,GET,false,14.573
2072,4068,GET,false,13.565
2073,1332,GET,true,21.147
2074,8636,GET,false,14.609
2075,43499520,GET,false,6678.933
2076,4372,GET,true,22.853
2077,6616,GET,true,21.467
2078,3376,GET,true,19.632
2079,2056,GET,true,21.894
2080,1368,GET,false,14.765
2081,3342336,GET,true,1064.605
2082,86900736,GET,false,13340.647
2083,16384,GET,false,17.243
2084,21872640,GET,false,3357.783
2085,1604,GET,false,17.621
2086,344064,GET,true,134.508
2087,1116,GET,true,45.2
2088,10576,GET,false,21.398
2089,2628,GET,true,23.933
2090,2310144,GET,true,788.52
2091,1584,GET,true,56.834
2092,65536,GET,true,39.764
2093,2310144,GET,true,743.557
2094,1932,GET,true,44.878
2095,55967744,GET,true,19281.142
2096,1336,GET,false,30.754
2097,32768,GET,false,32.543
2098,16384,GET,false,18.578
2099,16580608,GET,true,5567.495
2100,1980,GET,false,32.96
2101,12156,GET,true,57.821
2102,3000,GET,false,22.624
2103,1336,GET,true,28.283
2104,1900,GET,true,19.071
2105,1982464,GET,true,623.604
2106,5560,GET,true,45.378
2107,5560,GET,true,25.479
2108,12284,GET,true,23.993
2109,819200,GET,true,296.751
2110,1156,GET,true,50.284
2111,2628,GET,false,23.851
2112,54394880,GET,true,19399.711
2113,1424,GET,true,73.711
2114,2420,GET,false,21.055
2115,2628,GET,false,17.471
2116,2340,GET,true,25.62
2117,9544,GET,true,24.416
2118,819200,GET,false,133.844
2119,2412,GET,false,17.919
2120,16384,GET,true,23.663
2121,12156,GET,true,24.024
2122,54394880,GET,true,18889.138
2123,3664,PUT,false,75.97
2124,12156,GET,true,40.158
2125,12156,GET,true,26.595
2126,3020,GET,true,22.176
2127,3860,GET,false,17.274
2128,6788,GET,false,16.2
2129,11059200,GET,true,3936.933
2130,12284,GET,false,32.7
2131,9576,GET,false,28.934
2132,2260,GET,false,23.719
2133,12284,GET,false,18.659
2134,3342336,GET,true,1111.032
2135,2420,GET,true,51.317
2136,6720,GET,true,30.878
2137,2112,GET,false,19.887
2138,671744,PUT,false,430.79
2139,4960,GET,true,48.828
2140,2344,GET,true,29.015
2141,2844,GET,false,18.441
2142,4148,PUT,false,37.323
2143,2060,GET,true,22.397
2144,1966080,GET,false,308.161
2145,819200,GET,false,133.438
2146,2628,GET,false,16.994
2147,2628,GET,false,16.533
2148,16384,PUT,false,37.371
2149,2420,GET,false,16.186
2150,5236,GET,true,24.367
2151,1368,GET,false,16.566
2152,2228224,GET,true,716.342
2153,2244608,GET,false,353.921
2154,15548416,GET,true,5619.119
2155,54394880,GET,false,8345.757
2156,1356,GET,false,18.328
2157,3196,GET,false,18.572
2158,1152,GET,false,20.696
2159,16384,GET,true,45.993
2160,7476,GET,true,29.881
2161,6920,GET,false,21.636
2162,3342336,GET,false,520.135
2163,9027584,GET,false,1408.545
2164,16384,GET,false,17.784
2165,12156,GET,true,20.839
2166,2628,GET,true,20.022
2167,2628,GET,true,18.944
2168,2310144,GET,true,752.065
2169,2056,GET,false,30.643
2170,16384,GET,true,43.346
2171,2080768,GET,false,328.631
2172,12284,GET,true,21.512
2173,42483712,GET,true,15231.231
2174,1980,GET,false,35.399
2175,15548416,GET,true,5842.115
2176,54394880,GET,true,19377.041
2177,9576,GET,false,42.007
2178,1152,GET,false,22.354
2179,2060,PUT,false,94.125
2180,3000,GET,true,33.54
2181,2804,GET,true,22.391
2182,2804,GET,true,16.418
2183,16384,GET,true,26.108
2184,4284,GET,true,19.323
2185,2628,GET,true,24.818
2186,2424,GET,true,19.722
2187,2112,GET,true,18.206
2188,9027584,GET,true,3286.354
2189,1584,GET,false,29.682
2190,11500,GET,true,57.588
2191,655360,GET,true,259.228
2192,2996,GET,false,28.204
2193,3376,GET,false,21.087
2194,2195456,GET,false,346.596
2195,3452,GET,true,55.899
2196,2828,GET,false,37.624
2197,11976704,GET,false,1871.348
2198,2840,GET,true,107.878
2199,147456,GET,true,89.044
2200,3000,GET,false,70.495
2201,2420,GET,false,28.119
2202,8388608,GET,false,1308.71
2203,54394880,GET,true,19508.111
2204,2112,GET,true,81.724
2205,6728,GET,true,48.352
2206,9544,GET,true,34.286
2207,4284,GET,true,26.662
2208,54394880,GET,false,8374.386
2209,3936,GET,false,17.964
2210,2828,GET,false,17.767
2211,9240576,GET,false,1424.533
2212,2172,GET,false,18.511
2213,1356,GET,true,30.205
2214,16384,GET,false,19.525
2215,2628,GET,true,23.669
2216,1332,GET,false,18.117
2217,1818624,GET,false,287.375
2218,851968,GET,false,137.957
2219,4524,GET,true,23.876
2220,1336,GET,false,18.379
2221,12156,GET,false,16.378
2222,1900544,GET,false,300.087
2223,147456,GET,true,101.208
2224,17743872,GET,false,2736.322
2225,86900736,GET,false,13322.305
2226,819200,GET,false,133.674
2227,2832,GET,true,44.664
2228,2144,GET,false,26.204
2229,1982464,GET,false,312.441
2230,52412416,GET,true,18385.304
2231,2628,GET,false,43.819
2232,2628,GET,true,51.811
2233,1576,GET,false,27.239
2234,9576,GET,true,28.294
2235,1576,GET,true,23.639
2236,11500,GET,false,19.759
2237,2310144,GET,false,366.127
2238,2310144,GET,false,362.9
2239,4960,GET,false,18.232
2240,2212,GET,true,23.73
2241,2420,GET,false,24.878
2242,1343488,GET,true,483.573
2243,2628,GET,false,27.235
2244,2628,GET,true,47.487
2245,7476,GET,true,31.066
2246,4960,GET,true,21.884
2247,12284,GET,false,21.225
2248,1376256,GET,true,523.043
2249,51478528,GET,true,18449.364
2250,1156,GET,true,72.002
2251,9544,GET,false,26.116
2252,294912,GET,true,130.818
2253,2828,GET,true,52.098
2254,12284,GET,true,28.881
2255,7852,GET,false,24.397
2256,1772,GET,false,17.08
2257,7508,GET,false,18.243
2258,9338880,GET,true,3267.975
2259,14663680,GET,false,2260.935
2260,2412,GET,true,50.913
2261,2112,GET,true,27.417
2262,16384,GET,true,26.965
2263,2404,GET,true,21.573
2264,65536,GET,false,19.912
2265,2628,GET,true,20.877
2266,1156,GET,true,21.349
2267,12996,GET,false,18.862
2268,52412416,GET,false,8035.846
2269,2628,GET,false,17.306
2270,6972,PUT,false,40.349
2271,22102016,PUT,false,12099.105
2272,2628,GET,true,46.773
2273,6972,GET,false,20.643
2274,7260,GET,false,18.864
2275,12284,GET,false,18.092
2276,12284,GET,true,23.137
2277,4588,GET,true,19.826
2278,12284,GET,false,13.71
2279,6062080,GET,false,950.813
2280,12156,GET,false,17.78
2281,3020,GET,false,15.92
2282,2628,GET,true,21.947
2283,1584,GET,false,15.775
2284,3220,GET,true,21.285
2285,15548416,GET,true,5535.21
2286,2604,GET,false,29.672
2287,6912,GET,true,52.78
2288,5160,GET,false,22.443
2289,819200,GET,false,133.804
2290,819200,GET,false,152.548
2291,1372,GET,false,15.188
2292,1372,GET,false,10.814
2293,458752,GET,false,77.424
2294,1656,GET,true,21.836
2295,54394880,PUT,false,29451.868
2296,5960,GET,false,22.109
2297,51478528,GET,false,7917.99
2298,2628,GET,false,17.393
2299,2112,GET,false,15.932
2300,16384,GET,false,17.992
2301,1152,GET,false,16.431
2302,4284,GET,false,18.315
2303,7476,GET,true,52.884
2304,2260,GET,true,27.832
2305,1048576,PUT,false,568.968
2306,1760,GET,true,29.358
2307,2628,GET,true,26.291
2308,65536,GET,true,38.062
2309,65536,GET,true,39.268
2310,86900736,GET,false,13330.939
2311,2080768,GET,true,718.292
2312,294912,GET,false,57.806
2313,147456,GET,false,30.718
2314,30720000,GET,false,4715.583
2315,51478528,GET,true,18563.462
2316,2628,GET,false,40.607
2317,2310144,GET,false,374.041
2318,4960,GET,false,23.007
2319,86900736,GET,false,13339.773
2320,2628,GET,true,60.802
2321,12284,GET,false,24.171
2322,65536,GET,true,40.384
2323,4960,GET,false,23.998
2324,1048576,GET,true,339.166
2325,2628,GET,true,45.413
2326,1368,GET,false,21.837
2327,2844,GET,true,29.87
2328,6644,GET,false,21.342
2329,2628,GET,true,28.115
2330,12284,GET,false,19.899
2331,32768,GET,true,34.059
2332,2628,GET,false,20.828
2333,2144,GET,true,28.342
2334,12156,GET,true,29.168
2335,1916928,GET,true,571.414
2336,12656,GET,false,26.319
2337,5560,GET,true,46.604
2338,86900736,GET,true,30491.757
2339,2056,GET,true,90.889
2340,3856,GET,true,34.542
2341,27688960,GET,false,4252.862
2342,2056,GET,true,29.34
2343,1760,GET,false,18.66
2344,2628,GET,false,17.47
2345,671744,PUT,false,439.092
2346,3784,GET,true,47.393
2347,2628,GET,true,36.637
2348,32768,GET,false,20.648
2349,1156,GET,true,25.866
2350,7844,GET,false,28.632
2351,84459520,GET,false,12985.12
2352,14920,GET,false,19.619
2353,12156,GET,false,18.838
2354,40943616,GET,false,6281.951
2355,4756,GET,true,26.985
2356,26443776,GET,true,9613.41
2357,2804,GET,true,62.538
2358,3000,GET,false,23.941
2359,51478528,GET,false,7896.037
2360,2628,GET,true,27.041
2361,342114304,GET,true,113156.735
2362,7440,GET,false,36.029
2363,2628,GET,true,64.454
2364,704512,GET,true,289.749
2365,2420,GET,true,71.647
2366,1228,GET,false,25.79
2367,3444,GET,true,27.664
2368,1152,GET,true,27.22
2369,1048576,PUT,false,624.658
2370,737280,GET,false,124.437
2371,3784,GET,true,49.355
2372,10272768,GET,true,3492.574
2373,6820,GET,false,24.728
2374,10272768,GET,false,1583.341
2375,3860,GET,false,19.933
2376,278528,GET,true,140.287
2377,16384,GET,true,53.99
2378,10272768,GET,false,1592.151
2379,2236,GET,false,22.579
2380,671744,GET,false,111.64
2381,819200,GET,false,132.959
2382,2628,GET,false,20.581
2383,704512,GET,true,272.468
2384,10368,GET,false,29.212
2385,2628,GET,true,44.26
2386,4964352,GET,false,770.03
2387,163840,GET,false,33.345
2388,10088,GET,false,26.913
2389,2560,GET,true,28.332
2390,16384,GET,false,19.592
2391,12156,GET,true,27.979
2392,32653312,GET,true,10901.672
2393,32653312,GET,false,5022.829
2394,2628,GET,false,17.615
2395,49577984,GET,false,7611.377
2396,2628,GET,true,30.7
2397,2060,GET,false,18.608
2398,32653312,GET,true,11031.066
2399,2628,GET,false,41.213
2400,2828,GET,true,69.235
2401,1356,GET,false,20.632
2402,1360,GET,true,24.513
2403,448905216,GET,true,148589.399
2404,1048576,PUT,false,667.529
2405,2628,GET,false,23.307
2406,65699840,GET,true,23303.913
2407,238272512,GET,true,74527.143
2408,49152,GET,true,85.69
2409,94404608,GET,false,14492.793
2410,3228,GET,false,18.376
2411,1524,GET,false,17.815
2412,27688960,GET,true,9883.766
2413,1064960,GET,false,185.111
2414,15076,GET,false,24.274
2415,15076,GET,false,16.224
2416,1040,GET,true,56.266
2417,4088,GET,false,20.089
2418,2484,GET,true,39.241
2419,1336,GET,false,15.767
2420,720896,GET,false,117.476
2421,12284,GET,false,17.608
2422,10088,GET,true,22.762
2423,4620,GET,true,20.888
2424,4964352,GET,false,767.502
2425,1064,GET,false,18.397
2426,8476,GET,true,22.648
2427,16384,GET,false,14.126
2428,4588,GET,false,13.207
2429,10272768,GET,true,3241.058
2430,7440,GET,false,20.874
2431,10272768,GET,true,3651.015
2432,6032,GET,false,30.458
2433,16384,GET,false,25.857
2434,6160384,GET,true,2090.542
2435,6664,GET,true,51.958
2436,16384,GET,true,30.97
2437,7368,GET,true,22.968
2438,1356,GET,true,19.86
2439,671744,GET,false,114.118
2440,2628,GET,true,24.826
2441,1980,GET,false,13.027
2442,49152,GET,false,18.069
2443,3020,GET,false,18.651
2444,2628,GET,true,21.265
2445,15076,GET,true,21.197
2446,3784,GET,false,14.564
2447,3342336,GET,true,1189.462
2448,2804,GET,false,33.254
2449,1584,GET,false,23.258
2450,2260,GET,false,22.96
2451,1336,GET,false,19.135
2452,14663680,GET,true,4817.239
2453,16187392,GET,false,2517.743
2454,2628,GET,true,38.45
2455,12284,GET,true,25.92
2456,3024,GET,true,21.697
2457,12284,GET,false,10.39
2458,10576,GET,false,17.375
2459,2628,GET,false,15.992
2460,2490368,GET,true,789.039
2461,1128,GET,true,44.406
2462,5144576,GET,false,799.221
2463,2260,GET,false,15.946
2464,2097152,GET,false,329.112
2465,1916928,GET,true,591.057
2466,1982464,GET,true,632.382
2467,2628,GET,true,45.551
2468,1916928,GET,true,629.391
2469,54394880,GET,false,8357.441
2470,30720000,GET,false,4722.282
2471,671744,GET,true,285.067
2472,1368,GET,false,31.119
2473,1152,GET,false,27.714
2474,2628,GET,false,19.974
2475,2490368,GET,false,389.664
2476,54394880,GET,false,8343.829
2477,2628,GET,false,20.414
2478,2628,GET,false,18.042
2479,5160960,GET,false,799.853
2480,10764288,GET,false,1668.008
2481,6716,GET,true,47.001
2482,26443776,GET,true,8625.786
2483,8536,GET,false,27.986
2484,2420,GET,false,20.435
2485,655360,GET,false,107.527
2486,22052864,GET,true,6796.857
2487,26443776,GET,false,4060.889
2488,114688,GET,true,68.245
2489,2628,GET,false,23.805
2490,17743872,GET,true,6293.693
2491,2620,GET,false,30.094
2492,8780,GET,true,53.511
2493,16384,GET,true,33.729
2494,5996544,GET,false,942.021
2495,2620,GET,false,17.042
2496,42680320,GET,true,14615.935
2497,2056,PUT,false,75.816
2498,2220,GET,false,18.161
2499,30720000,GET,false,4725.481
2500,4524,GET,false,17.617
2501,2056,PUT,false,36.868
2502,1716,PUT,false,29.835
2503,8476,GET,true,26.356
2504,1048576,PUT,false,549.203
2505,3948,PUT,false,32.701
2506,238272512,GET,false,36558.362
2507,86900736,GET,true,30379.301
2508,2628,GET,false,33.072
2509,32768,GET,false,28.996
2510,12284,GET,true,55.574
2511,2816,GET,true,26.802
2512,1792,GET,false,14.687
2513,10368,GET,true,17.163
2514,3342336,GET,false,518.105
2515,9388032,GET,false,1454.924
2516,7052,GET,true,16.914
2517,2628,GET,true,16.484
2518,4088,GET,false,12.208
2519,12284,GET,false,12.746
2520,12156,GET,false,12.522
2521,3522560,GET,false,547.225
2522,4524,GET,false,12.738
2523,2112,GET,true,17.154
2524,65699840,GET,true,23010.29
2525,1336,GET,true,87.001
2526,65880064,GET,false,10109.637
2527,3408,GET,true,23.728
2528,7476,GET,false,16.795
2529,1332,GET,true,17.84
2530,704512,GET,false,115.648
2531,15076,GET,false,16.749
2532,11500,GET,true,20.803
2533,4088,GET,true,17.593
2534,2628,GET,false,13.464
2535,5996,GET,false,14.984
2536,1464,GET,true,19.063
2537,8476,GET,false,15.629
2538,2260,GET,false,15.941
2539,12284,GET,false,15.398
2540,9544,GET,false,13.409
2541,4960,GET,true,19.113
2542,447889408,GET,true,148222.843
2543,1064960,GET,true,449.99
2544,4524,GET,true,77.734
2545,10576,GET,false,26.531
2546,6716,GET,true,28.338
2547,2310144,GET,false,361.557
2548,851968,GET,true,308.166
2549,65536,GET,true,75.54
2550,4580,GET,false,25.847
2551,2628,GET,true,30.368
2552,2628,GET,true,22.362
2553,16384,GET,true,27.36
2554,3444,GET,true,35.817
2555,32768,GET,true,33.418
2556,3162112,GET,false,492.895
2557,1064960,GET,false,171.124
2558,2420,GET,true,28.546
2559,14216,GET,true,27.033
2560,16384,GET,false,19.85
2561,2216,GET,false,18.871
2562,2628,GET,true,26.529
2563,3936,GET,false,19.806
2564,65536,GET,false,22.7
2565,2628,GET,true,26.642
2566,2310144,GET,false,363.263
2567,16384,GET,false,20.734
2568,2628,GET,true,25.225
2569,357416960,GET,true,120006.764
2570,3376,GET,true,85.085
2571,26443776,GET,false,4074.15
2572,2628,GET,true,29.038
2573,86900736,GET,false,13326.872
2574,2420,GET,true,25.238
2575,671744,GET,false,112.133
2576,2628,GET,true,24.987
2577,12284,GET,false,18.91
2578,12156,GET,false,18.202
2579,1900544,GET,true,647.345
2580,54394880,GET,false,8350.307
2581,88801280,GET,false,13609.884
2582,2310144,GET,true,895.058
2583,2604,GET,false,31.373
2584,12156,GET,false,24.724
2585,1441792,GET,false,230.199
2586,238272512,GET,false,36519.772
2587,9544,GET,false,17.063
2588,357482496,GET,false,54865.478
2589,7684096,GET,false,1197.183
2590,2628,GET,true,40.614
2591,3408,GET,false,25.791
2592,52412416,GET,false,8057.666
2593,9576,GET,true,29.291
2594,10576,GET,false,17.458
2595,2060,GET,false,18.32
2596,9576,GET,false,17.467
2597,3344,GET,true,25.058
2598,11059200,GET,false,1703.427
2599,2828,GET,true,26.458
2600,4524,GET,true,25.089
2601,819200,GET,false,133.738
2602,1788,GET,true,23.983
2603,20840448,GET,false,3223.144
2604,1368,GET,false,19.862
2605,327680,GET,false,57.879
2606,294912,GET,true,134.864
2607,2404,GET,false,25.731
2608,163840,GET,true,102.382
2609,6784,PUT,false,74.907
2610,1356,GET,false,29.386
2611,3220,GET,false,19.927
2612,12284,GET,false,19.55
2613,11108,GET,false,16.636
2614,13598720,GET,false,2092.407
2615,28442624,GET,true,10302.357
2616,10764288,GET,false,1673.461
2617,1368,GET,true,43.971
2618,2628,GET,true,33.97
2619,2632,GET,true,26.558
2620,1336,GET,false,21.393
2621,2490368,GET,true,895.326
2622,4448,GET,true,51.989
2623,9519104,PUT,false,5400.47
2624,344064,GET,true,157.109
2625,2628,GET,false,29.428
2626,3632,GET,false,22.537
2627,25116672,GET,true,8783.105
2628,2310144,GET,true,814.437
2629,2060,GET,true,56.031
2630,12156,GET,false,24.408
2631,1900544,GET,false,299.54
2632,41828352,GET,true,14956.992
2633,51478528,GET,false,7934.359
2634,13598720,GET,false,2101.983
2635,13123584,GET,true,4531.651
2636,4524,GET,true,55.079
2637,1916928,GET,true,520.205
2638,17743872,GET,false,2750.537
2639,2628,GET,false,17.624
2640,13836,GET,true,39.002
2641,1152,GET,true,25.445
2642,10576,GET,false,17.441
2643,671744,GET,false,109.876
2644,1336,GET,false,16.178
2645,2404,GET,true,24.617
2646,32768,GET,true,26.597
2647,12156,GET,false,13.88
2648,2375680,GET,false,378.203
2649,65536,GET,true,31.709
2650,2056,PUT,false,37.011
2651,2310144,GET,false,360.512
2652,2628,GET,false,17.089
2653,16384,GET,true,24.778
2654,13192,GET,true,22.236
2655,1376256,GET,false,217.376
2656,2604,GET,false,16.739
2657,2628,GET,true,21.926
2658,1372,GET,true,21.324
2659,6792,GET,false,15.029
2660,1332,GET,false,16.07
2661,2420,GET,true,21.209
2662,3376,GET,true,20.167
2663,11059200,PUT,false,6240.4
2664,2310144,GET,true,823.584
2665,10576,GET,false,29.468
2666,2080768,GET,true,704.952
2667,54394880,GET,true,18891.53
2668,10469376,GET,false,1639.818
2669,1116,GET,false,38.527
2670,65536,GET,true,59.032
2671,19791872,GET,true,7000.841
2672,17924096,GET,true,6366.189
2673,16384,GET,true,61.039
2674,9576,GET,false,25.881
2675,3020,GET,true,34.049
2676,2628,GET,true,25.202
2677,12284,GET,true,26.959
2678,83017728,GET,true,29336.319
2679,30720000,GET,false,4732.33
2680,3024,GET,true,57.577
2681,52412416,GET,false,8050.992
2682,851968,GET,false,138.72
2683,11059200,GET,true,3932.024
2684,16187392,GET,false,2507.38
2685,32768,GET,true,53.38
2686,3000,GET,false,25.921
2687,1128,GET,true,31.817
2688,13192,GET,true,24.7
2689,2832,PUT,false,43.103
2690,10408,PUT,false,39.959
2691,3020,GET,false,17.767
2692,2628,GET,false,18.17
2693,2628,GET,true,23.644
2694,52412416,GET,false,8036.64
2695,12284,GET,true,33.509
2696,32768,GET,false,21.023
2697,12284,GET,false,14.287
2698,1980,GET,true,18.86
2699,3000,GET,false,15.318
2700,12284,GET,false,14.811
2701,2628,GET,false,16.937
2702,1152,GET,false,15.777
2703,54394880,GET,true,19589.29
2704,55967744,GET,true,20382.695
2705,163840,GET,false,41.731
2706,2628,GET,false,25.43
2707,9576,GET,false,17.635
2708,1116,GET,true,77.012
2709,16384,GET,true,32.852
2710,2628,GET,true,23.994
2711,54394880,GET,false,8355.59
2712,2632,GET,false,20.203
2713,16187392,GET,false,2504.806
2714,1900,GET,true,30.491
2715,8568832,GET,true,2755.333
2716,6716,GET,true,50.96
2717,2420,GET,false,25.542
2718,1368,GET,true,27.646
2719,3342336,GET,false,520.43
2720,1900544,GET,false,300.064
2721,3000,GET,false,17.163
2722,1980,GET,false,18.445
2723,2632,GET,false,18.512
2724,6732,PUT,false,48.016
2725,2056,GET,true,27.172
2726,2628,GET,true,25.128
2727,1772,GET,true,23.824
2728,16384,GET,true,26.948
2729,86900736,GET,false,13365.206
2730,2628,GET,false,18.964
2731,2628,GET,false,16.702
2732,2162688,GET,true,667.007
2733,10764288,GET,true,3849.163
2734,14663680,GET,false,2261.807
2735,1146880,GET,true,404.171
2736,26443776,GET,false,4061.535
2737,5560,GET,false,18.586
2738,2628,GET,true,42.007
2739,9027584,GET,true,3206.524
2740,1916928,GET,false,315.853
2741,147456,GET,true,89.482
2742,86900736,GET,false,13325.953
2743,3342336,GET,false,518.799
2744,16384,GET,true,41.752
2745,33898496,GET,true,12145.13
2746,2620,GET,false,35.673
2747,3044,GET,true,64.872
2748,2260,GET,true,28.355
2749,5560,GET,true,26.252
2750,5062656,GET,true,1732.302
2751,2628,GET,false,26.298
2752,9879552,GET,true,3474.685
2753,2628,GET,true,54.557
2754,2310144,GET,false,364.334
2755,4960,GET,false,17.493
2756,4960,GET,false,19.86
2757,1372,GET,true,24.996
2758,9338880,GET,false,1438.453
2759,2628,GET,false,17.914
2760,9338880,GET,true,2947.594
2761,2628,GET,false,17.466
2762,2620,GET,true,25.424
2763,2628,GET,false,15.711
2764,11500,GET,false,18.036
2765,2097152,GET,false,329.237
2766,5652,GET,false,17.44
2767,14663680,GET,true,5167.407
2768,3024,GET,false,29.505
2769,3860,GET,false,19.265
2770,2420,GET,false,23.067
2771,3000,GET,false,19.298
2772,32768,GET,true,49.665
2773,1332,GET,false,25.227
2774,9576,GET,false,22.171
2775,4960,GET,false,13.276
2776,16384,GET,true,26.322
2777,12284,GET,false,15.416
2778,2628,GET,true,19.962
2779,3342336,GET,true,1056.985
2780,16384,GET,true,45.224
2781,2628,GET,true,27.016
2782,26443776,GET,true,8065.829
2783,9544,GET,true,43.345
2784,16384,GET,false,17.226
2785,2628,GET,false,18.962
2786,3342336,GET,false,523.52
2787,2628,GET,true,21.63
2788,3860,GET,true,21.446
2789,16187392,GET,false,2502.029
2790,1164,GET,true,22.246
2791,2628,GET,false,16.387
2792,2097152,GET,true,785.528
2793,16384,GET,false,31.774
2794,2344,GET,false,23.962
2795,30720000,GET,true,10831.779
2796,14663680,GET,true,5047.926
2797,2628,GET,true,54.791
2798,2628,GET,true,22.658
2799,10088,GET,true,27.969
2800,11500,GET,true,19.445
2801,1772,GET,true,21.889
2802,9027584,GET,false,1403.129
2803,2628,GET,true,20.192
2804,2628,GET,true,18.731
2805,2172,GET,false,12.737
2806,3342336,GET,true,1072.867
2807,3000,GET,false,26.027
2808,294912,GET,true,125.329
2809,294912,GET,false,55.028
2810,86900736,GET,true,30160.211
2811,5560,GET,false,42.015
2812,3784,GET,false,25.296
2813,65536,GET,false,21.896
2814,3784,GET,false,15.044
2815,2628,GET,false,19.232
2816,1332,GET,false,25.107
2817,3342336,GET,false,521.139
2818,2628,GET,false,20.737
2819,3457024,GET,true,1273.975
2820,26443776,GET,true,9523.918
2821,2628,GET,true,74.367
2822,6088,GET,true,29.992
2823,1896,GET,true,28.807
2824,2628,GET,true,20.919
2825,30720000,GET,false,4737.358
2826,1576,GET,false,18.991
2827,54394880,GET,false,8341.209
2828,2097152,GET,true,671.251
2829,54394880,GET,false,8344.781
2830,16384,GET,false,19.081
2831,131072,GET,true,78.097
2832,2628,GET,false,24.7
2833,16187392,GET,true,5780.413
2834,16384,GET,true,60.176
2835,12156,GET,true,35.314
2836,819200,GET,true,314.497
2837,4524,GET,false,51.482
2838,9371648,GET,true,3246.996
2839,57720832,GET,true,20559.564
2840,2628,GET,true,72.345
2841,2344,GET,true,32.23
2842,2628,GET,false,20.957
2843,6220,GET,false,16.46
2844,49577984,PUT,false,28219.44
2845,2628,GET,true,60.687
2846,9576,GET,true,34.735
2847,20365312,GET,true,6731.793
2848,196608,PUT,false,175.361
2849,3000,GET,false,22.873
2850,12156,GET,false,22.904
2851,14417920,GET,false,2219.653
2852,2804,GET,true,46.086
2853,2628,GET,true,33.447
2854,2628,GET,true,25.827
2855,1277952,GET,true,515.117
2856,17743872,GET,false,2742.504
2857,2628,GET,true,46.556
2858,1980,GET,false,31.346
2859,9338880,GET,true,3325.898
2860,2628,GET,true,52.786
2861,30720000,GET,true,10998.557
2862,2820,GET,true,59.868
2863,1900544,GET,false,300.64
2864,5016,GET,true,24.317
2865,9027584,GET,false,1405.374
2866,26443776,GET,true,9379.951
2867,2628,GET,true,57.313
2868,1356,GET,false,21.904
2869,671744,GET,false,110.493
2870,3784,GET,false,13.268
2871,4372,PUT,false,42.818
2872,2228,GET,false,15.216
2873,16187392,GET,false,2488.395
2874,16384,GET,false,16.501
2875,2996,GET,false,13.441
2876,51478528,GET,true,18498.208
2877,8956,GET,false,43.221
2878,3784,GET,true,65.217
2879,2195456,GET,false,345.348
2880,16384,GET,true,30.814
2881,671744,GET,false,109.506
2882,52412416,GET,true,19031.593
2883,2212,GET,true,80.604
2884,5390336,GET,true,1828.024
2885,2420,GET,false,24.413
2886,16384,GET,false,27.715
2887,7476,GET,false,16.849
2888,671744,GET,false,121.185
2889,819200,GET,true,357.675
2890,12284,GET,false,32.095
2891,9544,GET,false,25.722
2892,32768,GET,true,51.996
2893,16384,GET,false,21.986
2894,2490368,GET,true,895.092
2895,11157504,GET,false,1738.428
2896,2628,GET,true,208.756
2897,2804,GET,true,47.765
2898,9576,GET,true,17.648
2899,9338880,GET,false,1445.751
2900,53903360,GET,false,8264.962
2901,4960,GET,true,19.702
2902,7344,GET,true,16.409
2903,3220,GET,true,14.784
2904,1236,GET,false,12.095
2905,2832,GET,true,15.396
2906,3936,GET,false,11.426
2907,26443776,GET,false,4072.411
2908,7052,GET,false,13.132
2909,9544,GET,true,18.568
2910,16384,GET,true,14.791
2911,1152,GET,false,10.654
2912,2832,GET,true,15.414
2913,51478528,GET,true,18374.357
2914,1368,GET,false,38.31
2915,2097152,GET,false,331.178
2916,3680,GET,false,26.364
2917,2628,GET,true,51.611
2918,2628,GET,false,26.197
2919,3860,GET,false,14.725
2920,2628,GET,true,19.238
2921,3000,GET,false,13.273
2922,2340,GET,true,14.812
2923,2632,GET,true,13.454
2924,29868032,GET,true,10492.228
2925,7200,GET,false,30.417
2926,54394880,GET,false,8367.065
2927,15548416,GET,false,2397.413
2928,3784,GET,false,15.843
2929,12284,GET,false,15.514
2930,1356,GET,true,39.301
2931,1336,GET,false,16.078
2932,1368,GET,true,17.856
2933,1900544,GET,false,297.472
2934,11500,GET,false,12.788
2935,2828,GET,false,10.678
2936,1128,GET,false,11.111
2937,3324,GET,true,175.338
2938,30720000,GET,false,4737.363
2939,2628,GET,false,31.526
2940,3522560,GET,false,547.411
2941,1064960,GET,true,368.786
2942,32768,GET,true,86.512
2943,1332,GET,true,32.68
2944,2949120,GET,true,1083.807
2945,12284,GET,false,67.788
2946,3020,GET,false,28.072
2947,2244608,GET,true,625.473
2948,6004,GET,false,26.17
2949,86900736,GET,true,30205.782
2950,2628,GET,false,74.708
2951,2628,GET,false,33.526
2952,12284,GET,false,24.572
2953,12284,GET,true,72.388
2954,16384,PUT,false,47.788
2955,2195456,GET,false,346.682
2956,6904,GET,true,31.221
2957,30720000,GET,true,11159.09
2958,671744,GET,false,120.688
2959,196608,GET,true,159.217
2960,2632,GET,true,123.105
2961,2628,GET,true,35.517
2962,12284,GET,true,24.669
2963,65536,GET,false,24.976
2964,16384,GET,true,26.239
2965,2340,GET,false,18.085
2966,15548416,GET,false,2399.029
2967,2490368,GET,false,435.664
2968,655360,GET,false,109.258
2969,1156,GET,true,24.275
2970,2628,GET,false,18.54
2971,2804,GET,true,20.98
2972,12284,GET,false,17.25
2973,9544,GET,true,24.565
2974,2310144,GET,true,764.554
2975,1720,GET,false,37.782
2976,1116,GET,true,47.421
2977,7200,GET,true,26.399
2978,7200,GET,true,18.044
2979,3324,GET,true,24.028
2980,1277952,GET,true,489.794
2981,2080768,GET,true,688.046
2982,4572,GET,true,56.731
2983,2184,PUT,false,42.082
2984,16384,GET,true,29.08
2985,6680,GET,true,23.15
2986,9879552,GET,false,1538.791
2987,3260,GET,true,23.654
2988,49152,GET,false,21.297
2989,6920,GET,false,18.689
2990,1152,GET,true,20.44
2991,2420,GET,true,19.744
2992,2340,GET,false,17.127
2993,2804,GET,true,17.79
2994,3020,GET,false,19.501
2995,1760,GET,false,16.571
2996,16384,GET,false,17.969
2997,3342336,GET,true,1223.006
2998,393216,GET,false,77.132
2999,2344,GET,true,50.157
3000,6928,GET,false,21.931
3001,2832,GET,false,20.939
3002,1156,GET,false,16.314
3003,2604,GET,false,18.541
3004,2195456,GET,true,718.597
3005,7344,GET,true,55.449
3006,3936,GET,false,19.902
3007,12284,GET,false,18.878
3008,6728,GET,true,25.108
3009,147456,GET,true,92.681
3010,33767424,GET,true,12210.257
3011,3856,GET,true,63.362
3012,2056,GET,true,30.035
3013,4524,GET,true,23.553
3014,51478528,GET,true,18586.684
3015,54394880,GET,false,8385.971
3016,2628,GET,false,21.977
3017,52412416,GET,false,8057.625
3018,2097152,GET,true,813.879
3019,2310144,GET,false,369.912
3020,182452224,GET,false,27971.167
3021,72876032,GET,true,26478.647
3022,2628,GET,true,109.165
3023,2340,GET,false,26.857
3024,2628,GET,false,19.469
3025,86900736,GET,true,30683.187
3026,2632,GET,false,57.077
3027,1156,GET,true,63.013
3028,2195456,GET,false,348.435
3029,16187392,GET,true,5469.255
3030,655360,GET,false,116.377
3031,16187392,GET,false,2503.913
3032,2097152,GET,true,793.813
3033,2344,GET,false,31.123
3034,3020,GET,false,23.992
3035,1916928,PUT,false,1129.063
3036,671744,PUT,false,379.393
3037,2628,GET,true,46.847
3038,114688,PUT,false,61.99
3039,2804,GET,false,20.145
3040,4960,GET,true,24.023
3041,2996,GET,false,23.622
3042,2899968,GET,false,451.761
3043,1064960,GET,true,359.444
3044,3784,GET,true,53.92
3045,2056,PUT,false,31.436
3046,4528,GET,false,16.938
3047,3220,GET,true,22.372
3048,3936,GET,true,20.207
3049,2195456,GET,true,542.576
3050,91504640,GET,true,32978.087
3051,1772,GET,false,56.385
3052,6920,GET,true,70.486
3053,2828,GET,true,61.446
3054,1536,GET,true,24.557
3055,737280,GET,false,120.756
3056,1532,GET,false,16.542
3057,54394880,GET,true,19973.316
3058,2464,GET,false,52.065
3059,3860,GET,false,31.644
3060,2628,GET,false,20.926
3061,9027584,GET,false,1412.637
3062,52412416,GET,false,8055.205
3063,78348288,GET,true,28150.274
3064,27688960,GET,true,9955.221
3065,2260,GET,false,35.653
3066,1900,GET,true,47.221
3067,1336,GET,false,20.553
3068,1336,GET,true,18.315
3069,2828,GET,true,17.333
3070,6728,GET,false,14.636
3071,9240,GET,false,14.357
3072,4931584,GET,false,762.68
3073,2628,GET,false,15.693
3074,6720,GET,true,20.342
3075,278528,GET,true,114.101
3076,5344,GET,true,41.475
3077,3680,GET,true,23.234
3078,16384,GET,false,15.481
3079,12156,GET,false,16.593
3080,78348288,GET,true,27485.088
3081,10368,GET,true,90.783
3082,10368,GET,true,26.076
3083,16384,GET,false,20.57
3084,16384,GET,true,22.875
3085,278528,GET,true,158.387
