0,26443776,GET,true,4056.971
1,2144,GET,true,5.073
2,2310144,GET,true,359.746
3,1980,GET,true,4.518
4,1152,GET,true,3.803
5,2404,GET,true,4.951
6,2628,GET,true,4.571
7,1336,GET,true,4.182
8,1772,GET,true,4.135
9,14708,GET,true,8.285
10,40943616,GET,true,6292.469
11,2195456,GET,true,342.312
12,2404,GET,true,4.695
13,4931584,GET,true,760.833
14,2420,GET,true,4.435
15,30720000,GET,true,4726.581
16,2212,GET,true,5.297
17,1584,GET,true,4.456
18,114688,GET,true,25.991
19,20365312,GET,true,3140.266
20,65536,PUT,false,108.569
21,16187392,GET,true,2486.775
22,4016,GET,true,6.456
23,15548416,GET,true,2387.175
24,10764288,GET,true,1654.366
25,14663680,GET,true,2251.822
26,23822336,GET,true,3670.934
27,1116,GET,true,4.756
28,2628,GET,true,4.858
29,1152,GET,true,3.843
30,10088,GET,true,6.828
31,16384,GET,true,7.875
32,1980,GET,true,4.636
33,1900544,GET,true,296.891
34,2628,GET,true,5.008
35,2996,GET,true,5.224
36,54394880,GET,true,8336.498
37,3000,GET,true,5.642
38,2628,GET,true,4.678
39,3784,GET,true,5.188
40,851968,GET,true,169.298
41,671744,GET,true,124.215
42,7476,GET,true,6.384
43,2628,GET,true,5.152
44,2080768,GET,true,324.688
45,3342336,GET,true,517.655
46,3784,GET,true,4.663
47,3342336,GET,true,516.889
48,1720,PUT,false,27.933
49,1332,GET,true,4.303
50,819200,GET,true,149.51
51,2628,GET,true,5.475
52,12284,GET,true,6.871
53,7596,GET,true,5.609
54,3376,GET,true,5.197
55,9544,GET,true,6.519
56,1336,GET,true,3.848
57,7852,GET,true,5.888
58,2097152,GET,true,326.717
59,32768,GET,true,10.236
60,1372,GET,true,4.478
61,65536,GET,true,16.063
62,3020,GET,true,4.653
63,86900736,GET,true,13315.262
64,2340,GET,true,5.429
65,12284,GET,true,7.408
66,2080768,GET,true,324.392
67,2340,GET,true,3.881
68,10088,GET,true,6.674
69,1900544,GET,true,342.242
70,2628,GET,true,4.803
71,2844,GET,true,4.817
72,28606464,GET,true,4387.418
73,132939776,GET,true,20366.774
74,9338880,GET,true,1457.375
75,2144,GET,true,4.819
76,1576,GET,true,4.103
77,17743872,GET,true,2723.35
78,55967744,GET,true,8593.424
79,14663680,GET,true,2254.496
80,10764288,GET,true,1670.546
81,1788,GET,true,4.925
82,1966080,GET,true,307.52
83,1788,PUT,false,32.276
84,62947328,GET,true,9647.081
85,4524,GET,true,6.769
86,1980,GET,true,4.282
87,1332,GET,true,4.121
88,3680,GET,true,5.411
89,1128,GET,true,3.602
90,2340,GET,true,4.153
91,1336,GET,true,3.847
92,10404,GET,true,7.314
93,16187392,GET,true,2485.234
94,2195456,GET,true,342.641
95,1788,GET,true,4.717
96,1128,GET,true,3.838
97,54394880,GET,true,8336.216
98,32768,GET,true,10.305
99,3020,GET,true,4.73
100,2844,GET,true,5.396
101,3784,GET,true,5.463
102,4960,GET,true,5.555
103,6728,GET,true,5.704
104,110198784,GET,true,16884.044
105,3162112,GET,true,489.966
106,12284,GET,true,8.088
107,14663680,GET,true,2253.582
108,3342336,GET,true,517.492
109,33767424,PUT,false,17787.123
110,2628,GET,true,6.151
111,2310144,GET,true,360.266
112,6920,GET,true,5.721
113,51478528,GET,true,7891.039
114,2628,GET,true,5.172
115,1156,GET,true,3.781
116,2628,GET,true,4.874
117,1988,GET,true,4.333
118,2112,GET,true,4.429
119,2490368,GET,true,418.178
120,114688,GET,true,25.192
121,55197696,GET,true,8474.425
122,16384,GET,true,8.659
123,294912,GET,true,56.448
124,3000,GET,true,4.741
125,2820,GET,true,4.61
126,32768,GET,true,10.376
127,2628,GET,true,4.884
128,2949120,GET,true,457.42
129,7476,GET,true,6.402
130,2785280,GET,true,432.488
131,2060,GET,true,4.579
132,2628,GET,true,4.402
133,2628,GET,true,4.805
134,3024,GET,true,4.942
135,1332,GET,true,3.926
136,2628,GET,true,4.74
137,1772,GET,true,4.252
138,2228224,PUT,false,1040.983
139,3784,GET,true,6.103
140,2628,GET,true,5.743
141,54394880,GET,true,8341.579
142,2628,GET,true,5.257
143,12656,PUT,false,25.223
144,1152,GET,true,4.766
145,2628,GET,true,4.521
146,65536,GET,true,15.649
147,4448,GET,true,5.602
148,1332,GET,true,4.243
149,1900,GET,true,4.508
150,16384,GET,true,8.366
151,17743872,GET,true,2723.765
152,8004,GET,true,7.05
153,2628,GET,true,4.459
154,2144,GET,true,4.37
155,3256,GET,true,5.063
156,6908,GET,true,5.746
157,5236,GET,true,5.566
158,196608,GET,true,39.026
159,2628,GET,true,4.102
160,1916928,GET,true,299.588
161,16384,GET,true,7.617
162,54394880,GET,true,8351.885
163,1772,GET,true,5.285
164,8004,GET,true,6.509
165,2628,GET,true,4.467
166,1584,GET,true,4.343
167,2604,GET,true,4.906
168,9576,GET,true,6.227
169,1772,GET,true,3.908
170,2344,GET,true,4.774
171,2420,GET,true,5.414
172,147456,GET,true,31.594
173,671744,GET,true,119.476
174,65536,GET,true,15.595
175,196608,GET,true,41.996
176,2628,GET,true,4.709
177,3376,GET,true,4.691
178,2344,GET,true,4.899
179,2628,GET,true,4.49
180,2424,GET,true,4.725
181,26443776,GET,true,4058.398
182,32768,GET,true,9.982
183,3416,GET,true,5.215
184,7028736,GET,true,1081.405
185,5184,GET,true,6.173
186,1064960,GET,true,194.946
187,9576,GET,true,6.665
188,1980,GET,true,4.212
189,10764288,GET,true,1674.02
190,2828,GET,true,5.19
191,65536,GET,true,15.919
192,5184,GET,true,5.765
193,2344,GET,true,4.958
194,1964,GET,true,4.479
195,7476,GET,true,5.969
196,15269888,GET,true,2344.517
197,1028,GET,true,4.624
198,1720,PUT,false,31.262
199,7946240,GET,true,1245.568
200,2212,GET,true,4.705
201,2628,GET,true,4.942
202,16384,GET,true,8.442
203,2628,GET,true,4.791
204,2628,GET,true,4.37
205,1116,GET,true,4.316
206,6992,GET,true,5.486
207,2628,GET,true,4.493
208,2420,GET,true,5.461
209,2195456,GET,true,343.073
210,65536,GET,true,16.269
211,1236,GET,true,4.148
212,16384,GET,true,7.755
213,5390336,PUT,false,2575.241
214,1988,GET,true,4.969
215,2628,GET,true,4.57
216,16384,GET,true,7.519
217,10368,GET,true,6.032
218,16384,GET,true,6.52
219,2097152,GET,true,326.476
220,671744,PUT,false,339.039
221,358039552,GET,true,54868.333
222,2628,GET,true,6.686
223,16384,GET,true,8.757
224,1156,GET,true,4.009
225,10764288,GET,true,1671.226
226,12284,GET,true,7.008
227,2012,GET,true,4.202
228,12284,GET,true,6.492
229,1040,GET,true,4.029
230,4964352,GET,true,782.562
231,1720,PUT,false,52.597
232,3024,GET,true,4.955
233,1116,GET,true,3.931
234,3342336,GET,true,518.318
235,10320,PUT,false,27.68
236,1916928,GET,true,302.882
237,16187392,GET,true,2487.353
238,2310144,GET,true,360.382
239,12156,GET,true,7.294
240,88768512,GET,true,13619.49
241,12156,GET,true,7.027
242,6720,PUT,false,29.866
243,12284,GET,true,6.715
244,4392,GET,true,6.195
245,589824,GET,true,109.316
246,16384,GET,true,7.307
247,32768,GET,true,10.002
248,1720,GET,true,4.508
249,182452224,GET,true,27951.318
250,16384,GET,true,7.601
251,16187392,GET,true,2486.729
252,2628,GET,true,5.002
253,2632,GET,true,5.765
254,12284,GET,true,6.422
255,11500,GET,true,7.156
256,9388032,GET,true,1462.064
257,10272768,GET,true,1579.755
258,10272768,GET,true,1579.166
259,2628,GET,true,4.599
260,2420,GET,true,4.636
261,2420,GET,true,4.941
262,6000,GET,true,5.731
263,4833280,GET,true,746.593
264,3768320,GET,true,598.992
265,1040,GET,true,3.903
266,4088,GET,true,5.911
267,6728,PUT,false,33.532
268,2804,GET,true,5.832
269,357416960,GET,true,54767.572
270,2420,GET,true,6.674
271,1780,PUT,false,34.907
272,12156,GET,true,7.906
273,2340,GET,true,4.85
274,1152,GET,true,4.063
275,2628,GET,true,5.257
276,1576,GET,true,4.408
277,2260,GET,true,4.748
278,15548416,GET,true,2391.446
279,3342336,GET,true,518.378
280,1064960,GET,true,194.864
281,2996,GET,true,4.944
282,3652,PUT,false,25.633
283,17743872,GET,true,2723.553
284,3784,GET,true,5.364
285,4572,GET,true,5.587
286,3000,GET,true,4.848
287,1568,GET,true,4.283
288,7456,GET,true,5.779
289,4592,GET,true,5.057
290,1372,GET,true,3.849
291,13565952,GET,true,2089.893
292,1900,GET,true,4.961
293,2260,GET,true,4.697
294,819200,GET,true,148.407
295,671744,GET,true,123.457
296,2404,GET,true,4.706
297,26918912,GET,true,4129.244
298,6376,PUT,false,27.15
299,9240576,GET,true,1447.545
300,2310144,GET,true,359.77
301,1332,GET,true,4.389
302,1116,GET,true,4.339
303,9240576,PUT,false,4566.941
304,294912,GET,true,56.453
305,16384,GET,true,7.51
306,819200,GET,true,148.26
307,1900544,GET,true,296.836
308,4092,GET,true,5.864
309,52412416,GET,true,8033.437
310,12156,GET,true,7.702
311,170737664,PUT,false,89252.404
312,2080768,GET,true,324.603
313,9544,GET,true,6.075
314,3652,GET,true,5.287
315,1980,GET,true,5.11
316,1916928,GET,true,298.806
317,170737664,GET,true,26157.931
318,1966080,GET,true,359.253
319,2628,GET,true,4.974
320,12156,GET,true,6.474
321,2310144,GET,true,359.778
322,52412416,GET,true,8032.946
323,3784,GET,true,5.588
324,2628,GET,true,4.798
325,2604,GET,true,4.782
326,2828,GET,true,4.492
327,1128,GET,true,3.975
328,294912,GET,true,56.291
329,2628,GET,true,4.36
330,671744,GET,true,123.913
331,17743872,GET,true,2723.306
332,4960,GET,true,5.834
333,5560,GET,true,5.379
334,3784,GET,true,5.092
335,3342336,GET,true,517.549
336,2628,GET,true,4.269
337,12284,GET,true,6.295
338,1584,GET,true,4.424
339,2996,GET,true,4.835
340,6308,GET,true,5.693
341,14663680,GET,true,2255.242
342,1376256,GET,true,236.493
343,16384,GET,true,6.845
344,6708,GET,true,6.607
345,2628,GET,true,5.295
346,4960,GET,true,5.738
347,1584,GET,true,4.444
348,1352,GET,true,4.372
349,1364,GET,true,3.874
350,65536,GET,true,16.603
351,6916,GET,true,6.163
352,54394880,GET,true,8353.402
353,4960,GET,true,6.137
354,1152,GET,true,4.398
355,4960,GET,true,5.36
356,7476,GET,true,5.995
357,3000,GET,true,5.189
358,1336,GET,true,3.842
359,6788,GET,true,5.998
360,4960,GET,true,4.652
361,2628,GET,true,4.737
362,2832,GET,true,4.856
363,16384,GET,true,7.676
364,1372,GET,true,4.148
365,1332,GET,true,3.969
366,16154624,GET,true,2480.655
367,54394880,GET,true,8337.023
368,1772,GET,true,4.469
369,12156,GET,true,7.295
370,7344,PUT,false,12.153
371,3240,GET,true,6.022
372,2628,GET,true,4.399
373,11059200,PUT,false,5580.18
374,2404,GET,true,5.154
375,12156,GET,true,6.812
376,3228,GET,true,5.359
377,51478528,GET,true,7905.446
378,1332,GET,true,4.516
379,54394880,GET,true,8337.21
380,54394880,GET,true,8355.968
381,16384,GET,true,7.48
382,1064960,GET,true,186.38
383,557056,GET,true,103.811
384,52412416,GET,true,8036.049
385,20316160,GET,true,3136.625
386,12284,GET,true,7.85
387,30720000,GET,true,4732.006
388,4960,GET,true,6.857
389,2804,GET,true,5.83
390,2628,GET,true,5.227
391,2516,GET,true,4.797
392,2628,GET,true,4.492
393,1584,GET,true,3.913
394,16187392,GET,true,2488.247
395,9764864,GET,true,1502.492
396,1332,GET,true,4.026
397,2420,GET,true,4.684
398,9576,GET,true,5.83
399,3342336,GET,true,516.829
400,2310144,GET,true,359.195
401,12284,GET,true,7.138
402,9027584,GET,true,1390.544
403,2680,PUT,false,10.982
404,6912,GET,true,5.726
405,2060,GET,true,4.867
406,16384,GET,true,7.878
407,294912,GET,true,56.226
408,2490368,GET,true,418.361
409,720896,GET,true,131.507
410,12284,GET,true,6.173
411,2632,GET,true,4.665
412,1988,GET,true,4.985
413,1236,GET,true,3.853
414,2628,GET,true,4.399
415,294912,GET,true,52.826
416,1146880,GET,true,196.921
417,1116,GET,true,3.922
418,9576,GET,true,6.805
419,1332,GET,true,4.316
420,1900544,GET,true,339.836
421,10320,GET,true,6.416
422,1128,GET,true,3.875
423,6932,GET,true,6.058
424,1772,GET,true,3.987
425,2828,GET,true,4.608
426,4960,GET,true,5.102
427,2344,GET,true,4.97
428,2628,GET,true,4.419
429,65536,GET,true,16.151
430,15548416,GET,true,2387.55
431,2260,GET,true,5.043
432,1584,GET,true,4.068
433,2056,PUT,false,10.286
434,2480,GET,true,4.735
435,9544,GET,true,7.217
436,86900736,GET,true,13331.598
437,6712,GET,true,6.293
438,9240,GET,true,6.208
439,1584,GET,true,4.071
440,2080768,GET,true,324.402
441,33767424,GET,true,5193.775
442,737280,GET,true,147.406
443,2112,GET,true,4.75
444,11500,GET,true,6.692
445,294912,GET,true,61.5
446,1584,GET,true,3.836
447,3376,GET,true,5.447
448,6716,GET,true,5.956
449,51478528,GET,true,7905.312
450,107085824,GET,true,16425.299
451,2420,GET,true,5.454
452,4448,GET,true,6.021
453,2628,GET,true,4.48
454,4524,GET,true,5.086
455,6968,GET,true,6.781
456,2056,PUT,false,10.943
457,1336,GET,true,4.24
458,3220,GET,true,5.181
459,30720000,GET,true,4710.577
460,1152,GET,true,4.901
461,3860,GET,true,5.244
462,1356,GET,true,4.324
463,1236,GET,true,3.805
464,12284,GET,true,7.033
465,2628,GET,true,4.363
466,3000,GET,true,4.512
467,2604,GET,true,5.348
468,2420,GET,true,4.428
469,2420,GET,true,4.901
470,2420,GET,true,3.825
471,3000,GET,true,4.513
472,4656,GET,true,5.389
473,2628,GET,true,4.237
474,32768,GET,true,10.641
475,3936,GET,true,5.212
476,12996,GET,true,6.715
477,2844,GET,true,4.666
478,10764288,GET,true,1669.458
479,16384,GET,true,7.951
480,1336,GET,true,3.784
481,1156,GET,true,3.931
482,6572,GET,true,5.868
483,2212,GET,true,4.645
484,3680,GET,true,5.168
485,52412416,GET,true,8032.207
486,3784,GET,true,5.616
487,110215168,GET,true,16885.758
488,54394880,GET,true,8337.387
489,1916928,GET,true,299.916
490,1900,GET,true,4.659
491,2112,GET,true,4.602
492,2628,GET,true,4.515
493,30720000,GET,true,4727.281
494,2628,GET,true,5.376
495,819200,GET,true,153.746
496,2628,GET,true,4.639
497,3860,GET,true,5.572
498,5160960,GET,true,796.311
499,3000,GET,true,4.794
500,3817472,GET,true,591.43
501,819200,GET,true,146.5
502,2097152,GET,true,327.08
503,3680,GET,true,4.76
504,1116,GET,true,3.887
505,2628,GET,true,4.208
506,2628,GET,true,4.945
507,151633920,GET,true,23231.571
508,2260,GET,true,5.274
509,2144,GET,true,4.625
510,3784,GET,true,5.089
511,1980,GET,true,4.534
512,2628,GET,true,4.86
513,2628,GET,true,4.316
514,2628,GET,true,4.696
515,2628,GET,true,4.858
516,1982464,GET,true,309.793
517,2310144,GET,true,359.755
518,3342336,GET,true,517.73
519,2949120,GET,true,497.22
520,54394880,GET,true,8337.271
521,2628,GET,true,5.538
522,262144,GET,true,50.899
523,2490368,GET,true,416.462
524,5560,GET,true,5.537
525,21528576,GET,true,3319.847
526,367247360,GET,true,56256.545
527,83017728,GET,true,12730.292
528,2628,GET,true,5.559
529,1372,GET,true,4.139
530,2195456,GET,true,341.582
531,16384,GET,true,7.724
532,16384,GET,true,6.67
533,16384,GET,true,7.508
534,2804,GET,true,5.166
535,819200,GET,true,149.284
536,12284,GET,true,6.613
537,2420,GET,true,4.415
538,6520832,GET,true,1022.92
539,16384,GET,true,7.705
540,12284,GET,true,8.176
541,52412416,GET,true,8033.342
542,6728,GET,true,6.629
543,2628,GET,true,4.791
544,3020,GET,true,5.453
545,3342336,GET,true,517.081
546,19791872,GET,true,3053.191
547,54394880,GET,true,8339.423
548,2628,GET,true,5.186
549,16187392,GET,true,2484.778
550,2632,GET,true,5.011
551,2628,GET,true,4.544
552,16187392,GET,true,2485.371
553,5816320,GET,true,897.748
554,2604,GET,true,5.161
555,2310144,GET,true,360.023
556,9682944,GET,true,1507.499
557,1372,GET,true,4.449
558,3000,GET,true,5.093
559,2628,GET,true,4.616
560,1568,GET,true,4.119
561,2310144,GET,true,388.314
562,2628,GET,true,5.228
563,2310144,GET,true,359.781
564,6784,GET,true,6.125
565,2628,GET,true,4.881
566,1966080,GET,true,306.499
567,6932,GET,true,5.738
568,2162688,GET,true,336.367
569,4524,GET,true,5.725
570,9879552,GET,true,1536.155
571,1128,GET,true,4.741
572,2604,GET,true,4.215
573,3020,GET,true,4.877
574,1368,GET,true,4.092
575,655360,GET,true,120.995
576,1116,GET,true,3.843
577,10764288,GET,true,1654.559
578,12284,GET,true,6.534
579,2112,GET,true,5.04
580,1332,GET,true,3.997
581,1900544,GET,true,297.482
582,65536,GET,true,16.104
583,2628,GET,true,4.356
584,5576,GET,true,6.457
585,16384,GET,true,7.351
586,3220,GET,true,5.269
587,6632,GET,true,6.06
588,51478528,GET,true,7906.748
589,12156,GET,true,7.623
590,1584,GET,true,4.056
591,51478528,GET,true,7890.979
592,2628,GET,true,5.415
593,6504448,GET,true,1002.49
594,9420800,GET,true,1470.434
595,2628,GET,true,5.179
596,294912,GET,true,57.388
597,2804,GET,true,4.575
598,10408,GET,true,6.487
599,12284,GET,true,6.537
600,17743872,GET,true,2724.302
601,86065152,GET,true,13187.788
602,163840,PUT,false,85.489
603,3784,GET,true,5.641
604,10698752,GET,true,1661.003
605,32768,GET,true,10.395
606,23248896,GET,true,3597.924
607,3020,GET,true,5.58
608,3376,GET,true,5.437
609,2080768,GET,true,325.122
610,15548416,GET,true,2387.038
611,2628,GET,true,4.928
612,10368,GET,true,7.087
613,1900544,GET,true,297.774
614,2310144,GET,true,388.223
615,151633920,GET,true,23232.507
616,16384,GET,true,8.433
617,2628,GET,true,5.21
618,2628,GET,true,4.505
619,15024128,GET,true,2307.504
620,16384,GET,true,7.734
621,2828,GET,true,4.811
622,3948,PUT,false,11.689
623,8476,GET,true,6.249
624,5560,GET,true,5.72
625,3000,GET,true,4.949
626,1040,GET,true,3.684
627,6724,GET,true,6.058
628,1152,GET,true,4.128
629,1372,GET,true,3.998
630,1772,GET,true,4.591
631,1982464,GET,true,309.564
632,1364,GET,true,4.678
633,2628,GET,true,4.306
634,2490368,GET,true,387.353
635,2628,GET,true,5.213
636,2060,GET,true,4.467
637,671744,GET,true,122.523
638,1760,GET,true,4.625
639,2412,GET,true,5.339
640,51478528,GET,true,7889.634
641,3817472,GET,true,590.924
642,2056,PUT,false,10.932
643,52412416,GET,true,8033.245
644,16384,GET,true,8.613
645,2628,GET,true,4.51
646,1368,GET,true,3.802
647,6720,GET,true,6.125
648,2112,GET,true,4.298
649,294912,GET,true,56.994
650,3000,GET,true,4.906
651,2340,GET,true,4.337
652,65536,GET,true,15.561
653,2804,GET,true,5.853
654,1336,GET,true,3.892
655,2420,GET,true,4.425
656,32768,GET,true,9.429
657,12156,GET,true,6.248
658,147456,GET,true,31.831
659,65536,GET,true,16.152
660,2632,GET,true,4.886
661,2628,GET,true,5.007
662,26443776,GET,true,4058.677
663,13304,GET,true,7.579
664,1507328,GET,true,245.845
665,2840,GET,true,5.242
666,11862016,GET,true,1851.02
667,1982464,GET,true,352.592
668,12284,GET,true,6.221
669,9544,GET,true,6.632
670,2628,GET,true,4.616
671,1584,GET,true,3.865
672,7476,GET,true,6.018
673,12284,GET,true,7.433
674,4524,GET,true,5.576
675,1818624,GET,true,343.995
676,2628,GET,true,4.698
677,2628,GET,true,3.956
678,2832,GET,true,4.938
679,12284,GET,true,6.014
680,12284,GET,true,7.402
681,55967744,GET,true,8592.223
682,1368,GET,true,4.822
683,2420,GET,true,4.532
684,3784,GET,true,4.94
685,47415296,GET,true,7287.757
686,6904,GET,true,6.788
687,12284,GET,true,7.648
688,2628,GET,true,4.369
689,16384,GET,true,7.552
690,2804,GET,true,4.643
691,4960,GET,true,5.469
692,30539776,GET,true,4700.373
693,2144,GET,true,4.948
694,2628,GET,true,4.636
695,1576,PUT,false,10.559
696,2628,GET,true,4.523
697,2628,GET,true,4.416
698,655360,GET,true,119.024
699,1982464,GET,true,355.172
700,2144,GET,true,4.464
701,27688960,GET,true,4265.736
702,655360,GET,true,115.912
703,2628,GET,true,4.59
704,3592,GET,true,5.448
705,30720000,GET,true,4726.423
706,2080768,GET,true,325.01
707,2628,GET,true,4.66
708,51478528,GET,true,7907.228
709,54394880,GET,true,8337.933
710,7476,GET,true,6.974
711,3000,GET,true,5.073
712,2996,GET,true,4.911
713,2628,GET,true,4.879
714,32653312,GET,true,5026.751
715,16384,GET,true,7.651
716,704512,GET,true,130.079
717,2828,GET,true,4.582
718,2628,GET,true,5.384
719,2628,GET,true,4.701
720,704512,GET,true,118.671
721,32653312,GET,true,5018.485
722,2628,GET,true,5.342
723,2420,GET,true,4.415
724,125108224,GET,true,19187.724
725,9576,GET,true,6.72
726,1584,GET,true,4.532
727,1332,GET,true,4.051
728,3856,GET,true,5.982
729,278528,GET,true,54.437
730,2804,GET,true,4.479
731,1420,GET,true,4.103
732,3220,GET,true,4.674
733,278528,GET,true,58.159
734,2628,GET,true,5.275
735,1332,GET,true,4.209
736,9764864,GET,true,1526.98
737,12156,GET,true,7.652
738,16384,GET,true,8.148
739,238272512,GET,true,36501.524
740,3904,GET,true,7.23
741,32768,GET,true,10.549
742,2820,GET,true,4.874
743,671744,PUT,false,324.519
744,1332,GET,true,3.956
745,2097152,GET,true,326.428
746,16384,GET,true,7.4
747,278528,GET,true,58.169
748,2832,GET,true,5.199
749,2056,GET,true,4.849
750,2420,GET,true,4.422
751,2949120,GET,true,457.442
752,2628,GET,true,4.681
753,12284,GET,true,6.733
754,2832,GET,true,4.743
755,2310144,GET,true,387.493
756,65536,GET,true,15.074
757,2832,GET,true,4.737
758,2632,GET,true,4.59
759,4148,GET,true,5.429
760,95682560,GET,true,14661.899
761,2260,GET,true,5.272
762,16384,GET,true,8.367
763,819200,GET,true,146.27
764,6732,GET,true,6.277
765,1900,GET,true,4.245
766,2080768,GET,true,324.74
767,1772,GET,true,4.33
768,1916928,GET,true,299.173
769,12284,GET,true,6.542
770,16384,GET,true,7.107
771,55197696,GET,true,8475.213
772,2628,GET,true,4.879
773,2628,GET,true,4.597
774,1720,GET,true,4.2
775,4964,GET,true,5.68
776,5652480,GET,true,872.547
777,2628,GET,true,4.496
778,2628,GET,true,4.743
779,671744,GET,true,124.957
780,12284,GET,true,6.849
781,2097152,GET,true,326.632
782,49577984,GET,true,7614.536
783,12156,GET,true,6.817
784,14663680,GET,true,2251.798
785,3342336,GET,true,517.837
786,9027584,GET,true,1389.584
787,2412,GET,true,4.798
788,2828,GET,true,5.177
789,2628,GET,true,4.343
790,2310144,GET,true,359.973
791,2832,GET,true,5.074
792,151633920,GET,true,23232.634
793,12156,GET,true,6.957
794,6732,GET,true,6.616
795,1764,GET,true,4.536
796,3784,GET,true,4.997
797,12284,GET,true,6.49
798,6968,GET,true,6.161
799,1336,GET,true,4.175
800,17743872,GET,true,2723.689
801,2628,GET,true,5.563
802,4259840,GET,true,658.587
803,12284,GET,true,6.865
804,2310144,GET,true,410.547
805,4448,GET,true,5.399
806,9338880,GET,true,1437.436
807,9027584,GET,true,1388.49
808,147456,GET,true,30.532
809,2144,GET,true,4.35
810,3904,GET,true,5.259
811,194838528,GET,true,29861.673
812,14920,GET,true,7.977
813,1372,GET,true,4.013
814,2310144,GET,true,411.353
815,2260,GET,true,4.231
816,3932,GET,true,5.682
817,655360,GET,true,120.579
818,1116,GET,true,3.707
819,3680,GET,true,5.577
820,294912,GET,true,57.61
821,9027584,GET,true,1408.664
822,2628,GET,true,5.315
823,2628,GET,true,4.535
824,12156,GET,true,6.246
825,1372,GET,true,4.048
826,10764288,GET,true,1654.065
827,10764288,GET,true,1673.357
828,9576,GET,true,7.549
829,2310144,GET,true,360.112
830,16187392,GET,true,2485.31
831,3860,GET,true,5.906
832,3784,GET,true,5.282
833,9519104,GET,true,1483.117
834,9544,GET,true,7.144
835,2996,GET,true,5.548
836,54394880,GET,true,8361.518
837,4756,GET,true,6.2
838,2628,GET,true,4.275
839,1832,GET,true,4.66
840,12284,GET,true,7.11
841,147456,GET,true,31.903
842,182452224,GET,true,27949.657
843,51478528,GET,true,7889.931
844,78348288,GET,true,12006.182
845,1368,GET,true,4.713
846,12156,GET,true,7.122
847,2628,GET,true,4.704
848,54394880,PUT,false,28230.752
849,2056,GET,true,6.054
850,1156,GET,true,4.138
851,1900,GET,true,5.006
852,9568256,GET,true,1471.756
853,22675456,GET,true,3481.304
854,2628,GET,true,5.222
855,2628,GET,true,4.581
856,3784,GET,true,5.164
857,2195456,GET,true,341.069
858,14663680,GET,true,2253.014
859,4756,GET,true,6.657
860,819200,GET,true,150.837
861,4284,GET,true,5.543
862,1179648,GET,true,203.529
863,151633920,GET,true,23233.553
864,6716,GET,true,6.7
865,3020,GET,true,5.332
866,35553280,GET,true,5483.4
867,8159232,GET,true,1255.394
868,65536,GET,true,15.864
869,1332,GET,true,4.09
870,3936,GET,true,5.622
871,1900544,GET,true,345.339
872,2996,GET,true,4.611
873,2628,GET,true,4.442
874,1940,GET,true,4.589
875,16384,GET,true,7.736
876,2628,GET,true,4.737
877,1228,GET,true,4.032
878,3680,GET,true,4.832
879,4448,GET,true,5.949
880,2628,GET,true,4.367
881,17743872,GET,true,2723.144
882,1772,GET,true,4.713
883,3342336,GET,true,518.051
884,671744,GET,true,123.557
885,2628,GET,true,4.154
886,10764288,GET,true,1672.555
887,2420,GET,true,5.108
888,2404,GET,true,4.386
889,2220,GET,true,4.81
890,2628,GET,true,4.989
891,1368,GET,true,4.32
892,2097152,GET,true,326.362
893,3936,GET,true,5.409
894,30720000,GET,true,4726.648
895,2628,GET,true,5.46
896,54394880,GET,true,8336.891
897,294912,GET,true,56.751
898,4608,GET,true,6.126
899,5608,GET,true,5.806
900,3652,GET,true,5.386
901,16187392,GET,true,2488.934
902,2310144,GET,true,360.312
903,1772,GET,true,4.003
904,9388032,GET,true,1460.878
905,54394880,GET,true,8337.481
906,3342336,GET,true,517.375
907,1372,GET,true,4.061
908,12284,GET,true,7.216
909,2804,GET,true,4.665
910,2344,GET,true,4.543
911,2996,GET,true,4.753
912,1576,GET,true,4.115
913,16384,GET,true,7.797
914,1360,GET,true,4.132
915,671744,GET,true,123.843
916,1156,GET,true,4.397
917,4284,GET,true,6.059
918,1152,GET,true,4.234
919,1980,GET,true,4.262
920,2260,GET,true,4.594
921,2310144,GET,true,359.62
922,294912,GET,true,55.411
923,2828,GET,true,4.82
924,1164,PUT,false,24.739
925,2844,GET,true,4.759
926,1064960,GET,true,193.63
927,3342336,GET,true,517.267
928,1576,GET,true,4.712
929,819200,GET,true,150.258
930,15548416,GET,true,2387.535
931,3376,GET,true,4.963
932,2628,GET,true,4.814
933,1336,GET,true,4.199
934,2420,GET,true,4.179
935,32768,GET,true,10.279
936,819200,GET,true,146.316
937,1368,GET,true,4.351
938,32768,GET,true,10.298
939,2080768,GET,true,323.948
940,16384,GET,true,8.013
941,2260,GET,true,4.362
942,2832,GET,true,4.662
943,655360,GET,true,117.41
944,9830400,GET,true,1542.756
945,1916928,GET,true,300.002
946,3020,GET,true,4.738
947,1116,GET,true,4.418
948,6524,GET,true,6.231
949,32768,GET,true,9.596
950,1980,GET,true,4.317
951,36601856,GET,true,5614.994
952,54394880,GET,true,8336.823
953,2056,GET,true,5.355
954,12284,GET,true,7.169
955,2060,GET,true,4.485
956,2628,GET,true,4.571
957,1372,GET,true,4.072
958,2628,GET,true,4.494
959,3000,GET,true,4.553
960,3020,GET,true,4.601
961,1982464,GET,true,309.549
962,6716,PUT,false,12.567
963,3000,GET,true,4.549
964,4344,GET,true,6.244
965,14663680,GET,true,2251.78
966,2628,GET,true,5.07
967,3664,GET,true,5.425
968,16384,GET,true,8.147
969,54394880,GET,true,8352.809
970,32768,GET,true,10.796
971,6152,GET,true,6.244
972,132939776,GET,true,20389.557
973,9879552,GET,true,1519.95
974,8536,PUT,false,12.816
975,22102016,GET,true,3408.126
976,2628,GET,true,5.554
977,86900736,GET,true,13329.122
978,10764288,GET,true,1672.807
979,14663680,GET,true,2252.839
980,1760,GET,true,4.838
981,2996,GET,true,4.584
982,2112,GET,true,4.291
983,6728,GET,true,6.217
984,2844,GET,true,4.994
985,2628,GET,true,4.507
986,43368448,GET,true,6665.676
987,2420,GET,true,5.056
988,2420,GET,true,4.298
989,1332,GET,true,3.926
990,655360,GET,true,120.905
991,52920320,GET,true,8127.581
992,16384,GET,true,8.371
993,4524,GET,true,5.597
994,2080768,GET,true,324.595
995,2424,GET,true,5.215
996,16384,GET,true,7.222
997,1152,GET,true,4.115
998,1744,GET,true,4.41
999,2996,GET,true,4.464
1000,1584,GET,true,3.934
1001,2804,GET,true,4.41
1002,294912,GET,true,60.159
1003,2832,GET,true,4.948
1004,19169280,GET,true,2942.167
1005,10190848,GET,true,1582.766
1006,1332,GET,true,3.805
1007,2628,GET,true,4.851
1008,3680,GET,true,5.233
1009,1116,GET,true,4.354
1010,1368,GET,true,3.834
1011,65536,GET,true,16.229
1012,3784,GET,true,5.047
1013,51478528,GET,true,7904.951
1014,2628,GET,true,5.282
1015,117899264,GET,true,18065.341
1016,294912,GET,true,63.932
1017,2628,GET,true,5.514
1018,5232,GET,true,6.556
1019,16384,GET,true,8.263
1020,1916928,GET,true,300.413
1021,1116,GET,true,4.703
1022,655360,GET,true,117.28
1023,2144,GET,true,5.341
1024,2949120,GET,true,495.776
1025,49152,GET,true,13.268
1026,671744,GET,true,125.733
1027,2628,GET,true,5.324
1028,6972,GET,true,6.619
1029,36782080,GET,true,5682.297
1030,1772,GET,true,5.482
1031,16384,GET,true,8.382
1032,14663680,GET,true,2252.808
1033,3884,GET,true,6.079
1034,1152,GET,true,4.13
1035,1152,GET,true,4.462
1036,1116,GET,true,4.349
1037,2056,GET,true,5.062
1038,1656,GET,true,4.568
1039,26443776,GET,true,4057.568
1040,65536,GET,true,18.053
1041,2420,GET,true,5.099
1042,54394880,GET,true,8338.008
1043,2628,GET,true,7.481
1044,9338880,GET,true,1436.826
1045,2344,GET,true,5.778
1046,12284,GET,true,8.018
1047,12156,GET,true,7.271
1048,2097152,GET,true,327.306
1049,2162688,GET,true,337.32
1050,17743872,GET,true,2726.943
1051,2628,GET,true,5.517
1052,1356,GET,true,4.729
1053,2628,GET,true,5.744
1054,68943872,GET,true,10580.638
1055,2060,PUT,false,14.452
1056,52412416,GET,true,8034.461
1057,6772,GET,true,6.487
1058,2828,GET,true,5.814
1059,54394880,GET,true,8337.959
1060,52412416,GET,true,8033.394
1061,16384,GET,true,8.087
1062,12664832,GET,true,1967.481
1063,2604,GET,true,5.719
1064,6720,GET,true,6.426
1065,2949120,GET,true,457.327
1066,2628,GET,true,4.658
1067,2080768,GET,true,323.759
1068,1364,GET,true,4.592
1069,54394880,PUT,false,28220.57
1070,16384,GET,true,8.388
1071,9388032,GET,true,1462.958
1072,3220,GET,true,6.054
1073,1867776,GET,true,292.216
1074,32768,GET,true,12.078
1075,2628,GET,true,4.789
1076,86900736,GET,true,13321.938
1077,1772,GET,true,5.046
1078,65536,PUT,false,38.989
1079,901120,GET,true,165.623
1080,1176,GET,true,4.224
1081,3020,GET,true,5.095
1082,2628,GET,true,5.027
1083,3936,GET,true,5.449
1084,2056,GET,true,5.22
1085,65699840,PUT,false,34155.328
1086,2804,GET,true,5.621
1087,147456,GET,true,32.218
1088,3220,GET,true,4.925
1089,12284,GET,true,7.068
1090,3220,GET,true,4.785
1091,9338880,GET,true,1436.013
1092,1116,GET,true,4.342
1093,1584,GET,true,4.357
1094,16187392,GET,true,2484.703
1095,4960,GET,true,6.622
1096,65536,GET,true,16.452
1097,2310144,GET,true,414.365
1098,3784,GET,true,5.233
1099,2340,GET,true,4.873
1100,65536,GET,true,15.151
1101,67305472,GET,true,10333.909
1102,1368,GET,true,4.916
1103,15548416,GET,true,2390.007
1104,32768,GET,true,11.074
1105,51478528,GET,true,7890.209
1106,30720000,GET,true,4710.869
1107,16384,GET,true,7.719
1108,12284,GET,true,7.802
1109,6912,GET,true,6.558
1110,54394880,GET,true,8351.947
1111,54394880,PUT,false,28226.03
1112,1332,GET,true,4.793
1113,9338880,GET,true,1456.223
1114,2604,GET,true,4.637
1115,9576,GET,true,6.94
1116,655360,GET,true,121.556
1117,9572,GET,true,6.468
1118,16187392,GET,true,2484.88
1119,9027584,GET,true,1404.567
1120,4580,PUT,false,11.027
1121,10764288,GET,true,1655.204
1122,2628,GET,true,5.206
1123,2628,GET,true,4.724
1124,4284,GET,true,6.225
1125,1348,GET,true,4.297
1126,4284,GET,true,5.932
1127,1584,GET,true,4.025
1128,2310144,GET,true,359.465
1129,4284,GET,true,5.449
1130,2310144,GET,true,358.732
1131,2056,GET,true,4.599
1132,3522560,GET,true,562.912
1133,2420,GET,true,4.738
1134,3024,GET,true,5.213
1135,16384,GET,true,7.096
1136,2628,GET,true,5.062
1137,32768,PUT,false,22.047
1138,1116,GET,true,4.069
1139,12284,GET,true,6.913
1140,28229632,GET,true,4349.27
1141,12284,GET,true,6.399
1142,1490944,GET,true,237.791
1143,7200,PUT,false,12.432
1144,51478528,GET,true,7907.196
1145,7946240,GET,true,1240.04
1146,16384,GET,true,7.156
1147,2628,GET,true,5.352
1148,4088,GET,true,5.369
1149,1040,GET,true,4.034
1150,65536,GET,true,17.824
1151,12156,GET,true,6.347
1152,65880064,GET,true,10113.38
1153,3000,GET,true,5.562
1154,16384,GET,true,7.481
1155,2628,GET,true,4.756
1156,3860,GET,true,5.685
1157,2628,GET,true,4.865
1158,2628,GET,true,4.805
1159,2628,GET,true,4.965
1160,2628,GET,true,4.952
1161,2628,GET,true,4.316
1162,704512,GET,true,129.591
1163,10368,GET,true,6.895
1164,2340,GET,true,4.704
1165,4620,GET,true,5.979
1166,5628,GET,true,6.954
1167,2628,GET,true,4.517
1168,147456,GET,true,30.306
1169,2996,GET,true,4.987
1170,16384,GET,true,7.702
1171,19578880,GET,true,3004.462
1172,2097152,GET,true,326.827
1173,7946240,GET,true,1239.945
1174,294912,GET,true,56.853
1175,6782976,GET,true,1045.707
1176,128532480,GET,true,19696.586
1177,16384,GET,true,8.559
1178,54394880,GET,true,8348.457
1179,2832,GET,true,5.286
1180,2628,GET,true,4.796
1181,12156,GET,true,6.938
1182,4444,GET,true,5.84
1183,2424,GET,true,5.096
1184,32768,GET,true,11.186
1185,16384,GET,true,7.456
1186,655360,GET,true,123.486
1187,16384,GET,true,7.031
1188,10576,GET,true,6.253
1189,2628,GET,true,5.004
1190,2080768,GET,true,324.811
1191,10576,GET,true,6.009
1192,147456,GET,true,30.555
1193,3044,GET,true,5.399
1194,2604,GET,true,5.369
1195,1720,PUT,false,9.895
1196,2628,GET,true,4.836
1197,2310144,GET,true,359.508
1198,16384,GET,true,7.604
1199,2628,GET,true,4.51
1200,16384,GET,true,8.359
1201,2628,GET,true,4.458
1202,32768,GET,true,10.5
1203,1116,GET,true,3.933
1204,2228224,GET,true,346.801
1205,1292,PUT,false,9.901
1206,4833280,GET,true,746.618
1207,14216,GET,true,7.829
1208,10576,GET,true,6.612
1209,32768,GET,true,11.973
1210,20398080,GET,true,3153.42
1211,2628,GET,true,5.39
1212,1772,GET,true,4.498
1213,294912,GET,true,56.621
1214,3220,GET,true,4.528
1215,9388032,GET,true,1457.149
1216,2195456,GET,true,342.354
1217,5232,GET,true,5.469
1218,3048,GET,true,5.154
1219,2628,GET,true,4.953
1220,7368,PUT,false,11.907
1221,7241728,PUT,false,3509.05
1222,901120,GET,true,164.147
1223,2628,GET,true,4.639
1224,4931584,GET,true,761.58
1225,49152,GET,true,13.314
1226,9544,GET,true,6.506
1227,16384,GET,true,7.222
1228,2060,GET,true,4.393
1229,2628,GET,true,4.753
1230,2212,GET,true,4.836
1231,16384,GET,true,8.243
1232,2628,GET,true,4.611
1233,2628,GET,true,4.972
1234,3020,GET,true,5.098
1235,11059200,GET,true,1717.858
1236,2340,GET,true,5.506
1237,671744,PUT,false,325.78
1238,2804,GET,true,4.384
1239,2310144,GET,true,359.232
1240,9576,GET,true,6.29
1241,14663680,GET,true,2255.939
1242,4524,GET,true,6.978
1243,1152,GET,true,4.633
1244,8036,GET,true,6.457
1245,65536,GET,true,16.635
1246,2628,GET,true,4.796
1247,12284,GET,true,6.779
1248,1064960,GET,true,185.986
1249,15548416,GET,true,2388.296
1250,1356,GET,true,4.294
1251,9576,GET,true,6.984
1252,1064960,GET,true,194.257
1253,2310144,GET,true,359.214
1254,11747328,GET,true,1822.741
1255,30720000,GET,true,4710.389
1256,2412,GET,true,4.966
1257,32768,GET,true,11.223
1258,16384,GET,true,7.994
1259,2628,GET,true,4.735
1260,3680,GET,true,5.539
1261,1128,GET,true,4.642
1262,1152,GET,true,4.083
1263,2628,GET,true,4.459
1264,2212,GET,true,4.538
1265,12156,GET,true,6.878
1266,16187392,GET,true,2484.729
1267,2420,GET,true,5.237
1268,12156,GET,true,6.517
1269,2628,GET,true,4.862
1270,2628,GET,true,4.453
1271,54394880,GET,true,8354.322
1272,32768,GET,true,10.809
1273,1507328,GET,true,243.292
1274,2113536,GET,true,330.047
1275,2420,GET,true,4.611
1276,2628,GET,true,4.488
1277,2949120,GET,true,457.373
1278,1772,GET,true,4.147
1279,16384,GET,true,7.554
1280,3784,GET,true,5.697
1281,2628,GET,true,4.484
1282,4960,GET,true,5.161
1283,3342336,GET,true,517.687
1284,6720,GET,true,6.222
1285,884736,GET,true,161.347
1286,2375680,GET,true,407.4
1287,2996,GET,true,4.564
1288,3376,GET,true,5.372
1289,6376,GET,true,5.842
1290,1492,GET,true,6.954
1291,2420,GET,true,5.09
1292,10092,GET,true,6.354
1293,2144,GET,true,4.174
1294,5284,GET,true,6.411
1295,6912,GET,true,6.482
1296,819200,GET,true,146.736
1297,884736,GET,true,157.832
1298,65536,GET,true,16.239
1299,43204608,GET,true,6638.476
1300,2408,GET,true,5.189
1301,819200,GET,true,152.019
1302,4284,GET,true,5.285
1303,1356,GET,true,4.688
1304,2056,GET,true,4.326
1305,655360,GET,true,121.76
1306,55967744,GET,true,8577.448
1307,43368448,GET,true,6648.429
1308,1982464,GET,true,309.592
1309,2620,GET,true,5.092
1310,3000,GET,true,5.21
1311,3652,GET,true,5.435
1312,2344,GET,true,4.64
1313,2628,GET,true,4.693
1314,52412416,GET,true,8032.529
1315,32768,GET,true,10.166
1316,3784,GET,true,5.852
1317,30720000,GET,true,4725.272
1318,2340,GET,true,4.984
1319,9027584,GET,true,1388.359
1320,16384,GET,true,8.229
1321,16187392,GET,true,2485.883
1322,2195456,GET,true,342.319
1323,9576,GET,true,5.986
1324,1156,GET,true,4.192
1325,2628,GET,true,5.24
1326,1336,GET,true,4.038
1327,294912,GET,true,61.343
1328,2344,GET,true,4.316
1329,1772,GET,true,4.74
1330,2628,GET,true,4.737
1331,1128,GET,true,4.385
1332,3220,GET,true,5.409
1333,16384,GET,true,12.523
1334,1584,GET,true,4.442
1335,12284,GET,true,7.024
1336,3020,GET,true,4.853
1337,22331392,GET,true,3449.9
1338,3884,GET,true,6.361
1339,4524,GET,true,5.743
1340,2144,GET,true,4.525
1341,2310144,GET,true,360.538
1342,2620,GET,true,4.931
1343,2628,GET,true,4.698
1344,2080768,GET,true,323.436
1345,54394880,PUT,false,28284.381
1346,1364,GET,true,4.939
1347,32768,GET,true,10.363
1348,49152,GET,true,13.651
1349,2628,GET,true,4.653
1350,2060,GET,true,4.623
1351,2628,GET,true,4.91
1352,16384,GET,true,7.231
1353,16384,GET,true,7.72
1354,2195456,GET,true,342.201
1355,1332,GET,true,4.33
1356,13910016,GET,true,2168.859
1357,9240,GET,true,7.088
1358,4931584,GET,true,777.777
1359,3448,GET,true,5.073
1360,2097152,GET,true,326.717
1361,2344,GET,true,4.998
1362,2828,GET,true,5.051
1363,9338880,GET,true,1437.244
1364,2628,GET,true,5.587
1365,2628,GET,true,4.619
1366,12284,GET,true,6.607
1367,6968,GET,true,6.435
1368,2820,GET,true,4.862
1369,3680,GET,true,5.841
1370,2628,GET,true,4.891
1371,2212,GET,true,4.499
1372,16187392,GET,true,2484.782
1373,9576,GET,true,6.674
1374,3342336,GET,true,518.626
1375,12156,GET,true,6.506
1376,2628,GET,true,4.807
1377,16384,GET,true,8.031
1378,2340,GET,true,4.615
1379,311296,GET,true,58.757
1380,3936,GET,true,5.435
1381,1152,GET,true,3.892
1382,1507328,GET,true,239.672
1383,1584,GET,true,4.03
1384,1372,GET,true,4.095
1385,4341760,GET,true,671.345
1386,1507328,GET,true,243.667
1387,6632,GET,true,6.476
1388,9544,GET,true,6.313
1389,2060,GET,true,4.683
1390,1372,GET,true,4.385
1391,16384,GET,true,7.257
1392,2310144,GET,true,358.992
1393,10156,GET,true,6.741
1394,2344,GET,true,3.893
1395,1900544,GET,true,296.588
1396,16384,GET,true,7.2
1397,1336,GET,true,3.928
1398,2832,GET,true,5.104
1399,655360,GET,true,118.306
1400,2949120,GET,true,457.257
1401,2804,GET,true,5.071
1402,1356,GET,true,4.639
1403,53280768,GET,true,8187.24
1404,2628,GET,true,4.906
1405,1980,GET,true,4.578
1406,9338880,GET,true,1435.911
1407,3376,GET,true,5.432
1408,132939776,GET,true,20384.886
1409,83017728,PUT,false,43297.333
1410,51478528,GET,true,7904.529
1411,12156,GET,true,10.001
1412,2056,GET,true,4.542
1413,16384,GET,true,8.409
1414,49152,GET,true,13.503
1415,1064960,GET,true,195.125
1416,22740992,GET,true,3510.127
1417,9338880,GET,true,1435.671
1418,4734976,GET,true,730.818
1419,2340,GET,true,4.517
1420,30720000,GET,true,4726.595
1421,1128,GET,true,4.321
1422,3440640,GET,true,533.85
1423,2628,GET,true,4.891
1424,3981312,GET,true,615.626
1425,2628,GET,true,4.683
1426,16384,GET,true,7.308
1427,1772,GET,true,4.11
1428,1772,GET,true,3.452
1429,2804,GET,true,4.615
1430,819200,GET,true,153.792
1431,2628,GET,true,4.568
1432,65536,GET,true,17.517
1433,1064960,GET,true,194.471
1434,2828,GET,true,4.767
1435,1368,GET,true,3.842
1436,1772,GET,true,4.086
1437,19791872,GET,true,3036.677
1438,2404,GET,true,4.986
1439,65536,GET,true,16.613
1440,2804,GET,true,4.505
1441,12284,GET,true,6.897
1442,5865472,GET,true,915.5
1443,10764288,GET,true,1654.05
1444,1356,GET,true,4.441
1445,1900544,GET,true,339.019
1446,2832,GET,true,5.129
1447,3024,GET,true,5.446
1448,1368,GET,true,4.259
1449,37994496,GET,true,5826.521
1450,2628,GET,true,5.174
1451,344064,GET,true,65.493
1452,1900544,GET,true,296.717
1453,135217152,GET,true,20731.459
1454,3948,PUT,false,11.737
1455,15076,GET,true,7.825
1456,2628,GET,true,4.955
1457,12156,GET,true,7.068
1458,238272512,GET,true,36499.653
1459,2628,GET,true,5.542
1460,4964352,GET,true,782.981
1461,737280,GET,true,135.92
1462,16384,GET,true,7.319
1463,107757568,GET,true,16523.711
1464,16384,GET,true,9.116
1465,52412416,GET,true,8034.019
1466,65536,GET,true,16.249
1467,1818624,GET,true,284.545
1468,1980,GET,true,4.965
1469,2628,GET,true,4.495
1470,12284,GET,true,6.455
1471,26443776,GET,true,4055.756
1472,32768,GET,true,10.188
1473,1128,GET,true,4.076
1474,1772,GET,true,3.914
1475,2420,GET,true,4.736
1476,27918336,GET,true,4288.631
1477,16384,GET,true,7.494
1478,1128,GET,true,3.884
1479,2112,GET,true,5.26
1480,819200,GET,true,149.994
1481,3784,GET,true,5.49
1482,65536,GET,true,16.61
1483,2628,GET,true,4.659
1484,2628,GET,true,4.493
1485,19578880,GET,true,3022.087
1486,16384,GET,true,7.892
1487,2832,GET,true,5.103
1488,12284,GET,true,6.582
1489,1040,GET,true,4.16
1490,10368,GET,true,6.583
1491,151633920,GET,true,23232.142
1492,819200,GET,true,149.171
1493,87965696,GET,true,13492.511
1494,1982464,GET,true,309.488
1495,3904,GET,true,5.72
1496,327680,GET,true,62.244
1497,16384,GET,true,7.059
1498,22904832,GET,true,3529.189
1499,2804,GET,true,5.143
1500,10088,GET,true,6.774
1501,10088,GET,true,5.764
1502,3522560,GET,true,545.584
1503,1584,GET,true,4.323
1504,3024,GET,true,5.106
1505,9576,GET,true,5.824
1506,2490368,GET,true,387.739
1507,147456,GET,true,32.543
1508,4284,GET,true,5.583
1509,3240,PUT,false,11.888
1510,1916928,GET,true,298.762
1511,1116,GET,true,3.91
1512,54394880,GET,true,8352.814
1513,3020,GET,true,5.068
1514,4524,GET,true,5.511
1515,2144,GET,true,4.482
1516,1916928,GET,true,299.267
1517,12156,GET,true,6.401
1518,26443776,GET,true,4056.078
1519,2628,GET,true,5.307
1520,54394880,GET,true,8353.412
1521,10240000,GET,true,1606.283
1522,86900736,GET,true,13348.339
1523,15548416,GET,true,2390.596
1524,10764288,GET,true,1671.216
1525,9576,GET,true,6.809
1526,2080768,GET,true,324.917
1527,2628,GET,true,4.329
1528,2056,GET,true,4.951
1529,2195456,GET,true,341.388
1530,86900736,GET,true,13341.984
1531,1336,GET,true,4.771
1532,9544,GET,true,6.949
1533,147456,GET,true,32.815
1534,2310144,GET,true,360.382
1535,1896,GET,true,4.428
1536,4960,GET,true,5.68
1537,10088,GET,true,5.91
1538,2604,GET,true,4.538
1539,2260,GET,true,4.431
1540,51478528,GET,true,7890.868
1541,2112,GET,true,5.252
1542,1900544,GET,true,342.387
1543,2628,GET,true,4.958
1544,2628,GET,true,4.977
1545,2404,GET,true,4.36
1546,1372,GET,true,4.15
1547,2628,GET,true,4.743
1548,2056,GET,true,4.639
1549,1368,GET,true,4.047
1550,3784,GET,true,4.842
1551,2344,GET,true,5.006
1552,16187392,GET,true,2485.302
1553,16384,GET,true,7.665
1554,2628,GET,true,4.562
1555,2604,GET,true,4.483
1556,9576,GET,true,6.296
1557,54394880,GET,true,8369.478
1558,54394880,GET,true,8354.221
1559,1156,GET,true,4.597
1560,2804,GET,true,4.8
1561,23822336,PUT,false,12243.376
1562,65699840,GET,true,10068.804
1563,1584,GET,true,4.671
1564,52477952,GET,true,8064.369
1565,2628,GET,true,5.13
1566,32768,GET,true,9.891
1567,12284,GET,true,6.693
1568,1772,GET,true,4.232
1569,10576,GET,true,6.672
1570,10088,GET,true,6.07
1571,819200,GET,true,150.645
1572,2628,GET,true,4.333
1573,2628,GET,true,4.61
1574,12284,GET,true,6.84
1575,12156,GET,true,6.529
1576,2060,GET,true,4.678
1577,2628,GET,true,4.739
1578,655360,GET,true,120.89
1579,22102016,GET,true,3391.128
1580,3376,GET,true,5.678
1581,2628,GET,true,4.438
1582,9519104,GET,true,1480.076
1583,1040,GET,true,4.492
1584,1772,GET,true,4.608
1585,19791872,GET,true,3037.452
1586,1576,GET,true,4.783
1587,225198080,GET,true,34517.089
1588,2832,GET,true,5.575
1589,1982464,GET,true,309.752
1590,9617408,GET,true,1502.672
1591,1064960,GET,true,194.168
1592,9027584,GET,true,1409.151
1593,2832,GET,true,5.418
1594,2604,GET,true,4.726
1595,1128,GET,true,3.69
1596,671744,GET,true,127.067
1597,2344,GET,true,4.182
1598,2628,GET,true,4.51
1599,1372,GET,true,4.005
1600,3648,GET,true,5.443
1601,2172,GET,true,4.821
1602,3376,GET,true,5.061
1603,1772,GET,true,4.059
1604,2628,GET,true,4.532
1605,16384,GET,true,7.07
1606,10088,GET,true,6.341
1607,2949120,GET,true,457.789
1608,1772,GET,true,4.585
1609,2404,GET,true,5.296
1610,6716,PUT,false,11.318
1611,54394880,PUT,false,28188.744
1612,3457024,GET,true,555.869
1613,1332,GET,true,4.178
1614,819200,GET,true,145.719
1615,1152,GET,true,4.255
1616,3652,GET,true,5.603
1617,15548416,GET,true,2387.524
1618,2628,GET,true,5.459
1619,2344,GET,true,4.315
1620,86900736,GET,true,13331.98
1621,3220,GET,true,5.297
1622,2628,GET,true,4.655
1623,10764288,GET,true,9779.746
1624,4524,GET,true,38.732
1625,1900,GET,true,8.597
1626,671744,GET,true,128.877
1627,1980,GET,true,9.749
1628,16384,GET,true,14.85
1629,3162112,PUT,false,1520.8
1630,2628,GET,true,9.78
1631,30720000,GET,true,4712.537
1632,2628,GET,true,14.521
1633,12656,GET,true,15.215
1634,16384,GET,true,13.217
1635,16384,GET,true,11.845
1636,6712,GET,true,10.624
1637,1372,GET,true,8.613
1638,3220,GET,true,11.252
1639,3000,GET,true,9.524
1640,294912,GET,true,63.265
1641,2604,GET,true,9.145
1642,1372,GET,true,8.5
1643,2097152,GET,true,332.011
1644,9576,GET,true,12.707
1645,2344,GET,true,9.509
1646,2628,GET,true,9.008
1647,2628,GET,true,9.957
1648,294912,GET,true,60.733
1649,2628,GET,true,9.18
1650,1584,GET,true,8.425
1651,16187392,GET,true,2491.966
1652,3256,GET,true,10.626
1653,6940,GET,true,7.774
1654,10576,GET,true,11.516
1655,78348288,GET,true,12011.495
1656,2604,GET,true,9.803
1657,30720000,GET,true,4730.93
1658,54394880,GET,true,8356.723
1659,4931584,GET,true,783.358
1660,2310144,GET,true,371.671
1661,65536,GET,true,21.08
1662,132939776,GET,true,20382.299
1663,3000,GET,true,5.11
1664,10780672,GET,true,1688.538
1665,1152,GET,true,9.151
1666,1416,GET,true,4.269
1667,2056,GET,true,4.816
1668,12156,GET,true,6.983
1669,2056,GET,true,4.812
1670,2244608,PUT,false,1077.69
1671,11500,GET,true,7.152
1672,294912,GET,true,57.239
1673,3376,GET,true,5.173
1674,12284,GET,true,6.424
1675,2080768,GET,true,331.751
1676,16384,GET,true,8.077
1677,2080768,GET,true,324.038
1678,1372,GET,true,4.384
1679,86900736,GET,true,13331.418
1680,54394880,GET,true,8343.233
1681,2490368,GET,true,420.299
1682,2060,GET,true,5.165
1683,2424,GET,true,4.621
1684,2260,GET,true,4.467
1685,2060,GET,true,4.813
1686,655360,GET,true,120.685
1687,3000,GET,true,5.038
1688,1916928,GET,true,298.881
1689,1332,GET,true,3.963
1690,2056,GET,true,4.471
1691,26443776,GET,true,4058.888
1692,10320,GET,true,6.987
1693,9633792,GET,true,1503.573
1694,2949120,GET,true,458.729
1695,2628,GET,true,5.058
1696,1356,GET,true,4.659
1697,43499520,GET,true,6685.148
1698,12284,GET,true,7.247
1699,2310144,GET,true,360.436
1700,2628,GET,true,4.986
1701,2628,GET,true,5.054
1702,16384,GET,true,7.006
1703,43499520,PUT,false,22483.879
1704,2060,GET,true,5.66
1705,16384,GET,true,7.424
1706,2310144,GET,true,359.335
1707,110198784,PUT,false,57538.35
1708,51478528,GET,true,7907.445
1709,6992,PUT,false,12.278
1710,52412416,GET,true,8050.286
1711,1867776,PUT,false,898.121
1712,1146880,GET,true,199.799
1713,1048576,PUT,false,487.698
1714,2628,GET,true,4.836
1715,1720,PUT,false,9.25
1716,14385152,GET,true,2211.061
1717,3100,GET,true,5.876
1718,1356,GET,true,4.223
1719,110198784,GET,true,16883.578
1720,16384,GET,true,8.005
1721,8684,GET,true,6.4
1722,1068,GET,true,4.221
1723,2628,GET,true,4.511
1724,16384,GET,true,6.56
1725,1982464,GET,true,310.159
1726,16384,GET,true,7.823
1727,15368192,GET,true,2359.512
1728,2832,GET,true,5.31
1729,2832,GET,true,4.99
1730,9576,GET,true,6.677
1731,28606464,GET,true,4387.441
1732,147456,GET,true,30.828
1733,2996,GET,true,5.067
1734,2628,GET,true,4.598
1735,16384,GET,true,7.008
1736,7052,GET,true,5.955
1737,2832,GET,true,4.855
1738,2628,GET,true,4.64
1739,23822336,GET,true,3670.424
1740,2310144,GET,true,360.045
1741,3342336,GET,true,518.216
1742,6712,GET,true,6.055
1743,2052,GET,true,4.814
1744,3020,GET,true,5.047
1745,1356,GET,true,4.187
1746,12156,GET,true,6.262
1747,3020,GET,true,4.852
1748,3020,GET,true,4.964
1749,2996,GET,true,5.824
1750,2844,GET,true,4.873
1751,2628,GET,true,4.467
1752,12656,GET,true,6.693
1753,294912,GET,true,58.475
1754,1916928,GET,true,299.229
1755,1368,GET,true,4.377
1756,3680,GET,true,5.062
1757,2388,GET,true,4.753
1758,1152,GET,true,4.1
1759,294912,GET,true,57.587
1760,1867776,GET,true,291.255
1761,2628,GET,true,5.215
1762,20365312,GET,true,3126.281
1763,5236,GET,true,6.582
1764,4148,GET,true,5.781
1765,4524,GET,true,5.521
1766,5184,GET,true,5.718
1767,2804,GET,true,5.001
1768,2195456,GET,true,342.576
1769,3000,GET,true,5.868
1770,3672,GET,true,5.342
1771,6716,GET,true,6.018
1772,15368192,PUT,false,7721.337
1773,7016,GET,true,7.085
1774,3784,GET,true,5.367
1775,2344,GET,true,4.5
1776,19578880,GET,true,3004.491
1777,140279808,GET,true,21494.003
1778,6664,GET,true,6.638
1779,4833280,GET,true,746.417
1780,4576,GET,true,6.058
1781,16384,GET,true,8.418
1782,10368,GET,true,6.189
1783,107757568,GET,true,16513.127
1784,1900544,GET,true,297.533
1785,278528,GET,true,53.92
1786,2844,GET,true,5.284
1787,2628,GET,true,4.44
1788,1584,GET,true,4.283
1789,16384,GET,true,8.043
1790,65536,GET,true,16.219
1791,12284,GET,true,6.248
1792,5688,GET,true,6.132
1793,12284,GET,true,6.708
1794,2340,GET,true,4.55
1795,1576,GET,true,5.307
1796,16187392,GET,true,2496.424
1797,2628,GET,true,4.884
1798,16187392,GET,true,2485.831
1799,12156,GET,true,7.381
1800,12284,GET,true,6.996
1801,3680,GET,true,5.586
1802,2244608,GET,true,351.601
1803,23822336,GET,true,3671.303
1804,4580,GET,true,6.238
1805,65536,GET,true,17.232
1806,2056,PUT,false,10.267
1807,32768,GET,true,10.521
1808,671744,PUT,false,324.95
1809,2604,GET,true,4.613
1810,819200,GET,true,146.88
1811,1332,GET,true,4.213
1812,2628,GET,true,4.989
1813,12284,GET,true,7.975
1814,671744,PUT,false,315.176
1815,2628,GET,true,4.562
1816,2628,GET,true,4.584
1817,4904,GET,true,5.903
1818,32768,GET,true,9.58
1819,2060,PUT,false,8.601
1820,2008,GET,true,4.215
1821,1152,GET,true,4.011
1822,5560,GET,true,5.659
1823,30720000,GET,true,4730.221
1824,16384,GET,true,7.901
1825,1356,GET,true,4.137
1826,2949120,GET,true,486.294
1827,6376,GET,true,6.537
1828,1336,GET,true,4.179
1829,86900736,GET,true,13321.962
1830,2080768,GET,true,324.786
1831,1368,GET,true,4.062
1832,147456,GET,true,31.452
1833,819200,GET,true,150.806
1834,2628,GET,true,4.487
1835,16384,GET,true,7.216
1836,2996,GET,true,4.944
1837,1900544,GET,true,296.355
1838,2195456,GET,true,342.327
1839,9027584,GET,true,1406.978
1840,4960,GET,true,6.409
1841,16384,GET,true,7.883
1842,2628,GET,true,4.411
1843,51478528,GET,true,7890.377
1844,3652,PUT,false,11.3
1845,1156,GET,true,4.202
1846,3342336,GET,true,517.52
1847,2628,GET,true,4.967
1848,2260,GET,true,4.535
1849,147456,GET,true,30.926
1850,83247104,GET,true,12758.984
1851,1116,GET,true,4.526
1852,51478528,GET,true,7891.051
1853,65536,GET,true,16.137
1854,2628,GET,true,5.082
1855,30720000,GET,true,4731.148
1856,1584,GET,true,4.679
1857,32768,GET,true,10.019
1858,1064960,GET,true,193.904
1859,1900544,GET,true,300.034
1860,294912,GET,true,57.639
1861,2256,GET,true,5.01
1862,5160960,GET,true,796.329
1863,17121280,GET,true,2628.36
1864,3196,GET,true,5.388
1865,2056,GET,true,4.691
1866,132939776,PUT,false,69355.037
1867,54394880,GET,true,8347.525
1868,26443776,GET,true,4056.469
1869,15548416,GET,true,2387.895
1870,16384,GET,true,7.622
1871,1966080,GET,true,307.003
1872,26443776,GET,true,4055.349
1873,2628,GET,true,4.976
1874,2420,GET,true,4.8
1875,16384,GET,true,7.351
1876,1128,GET,true,3.778
1877,3652,GET,true,5.375
1878,1156,GET,true,4.29
1879,4284,GET,true,5.265
1880,819200,GET,true,154.378
1881,1982464,GET,true,309.745
1882,1796,GET,true,4.587
1883,2628,GET,true,4.927
1884,2056,GET,true,4.814
1885,21954560,GET,true,3386.381
1886,51478528,GET,true,7889.766
1887,4960,GET,true,6.755
1888,1507328,GET,true,242.511
1889,9175040,GET,true,1422.635
1890,2628,GET,true,4.652
1891,2604,GET,true,5.077
1892,1772,GET,true,4.157
1893,2628,GET,true,5.035
1894,1236,GET,true,4.41
1895,1900,GET,true,4.779
1896,1772,GET,true,4.336
1897,1372,GET,true,4.334
1898,2097152,GET,true,327.183
1899,3522560,GET,true,545.491
1900,3220,GET,true,5.192
1901,2628,GET,true,4.433
1902,147456,GET,true,31.881
1903,16187392,GET,true,2484.392
1904,13598720,GET,true,2091.396
1905,2628,GET,true,5.351
1906,86900736,GET,true,13315.83
1907,3020,GET,true,5.704
1908,819200,GET,true,149.797
1909,2310144,GET,true,359.211
1910,3020,GET,true,4.449
1911,671744,GET,true,123.995
1912,1772,GET,true,3.835
1913,170737664,GET,true,26155.376
1914,1356,GET,true,4.982
1915,16384,GET,true,8.8
1916,2056,GET,true,4.606
1917,2080768,GET,true,324.802
1918,294912,GET,true,56.49
1919,2628,GET,true,4.584
1920,38174720,GET,true,5853.095
1921,1356,GET,true,4.082
1922,9338880,GET,true,1458.21
1923,1336,GET,true,4.112
1924,52412416,GET,true,8033.462
1925,2195456,GET,true,341.811
1926,86900736,GET,true,13330.948
1927,2404,GET,true,5.584
1928,1156,GET,true,4.151
1929,2056,GET,true,4.512
1930,12156,GET,true,7.213
1931,4960,GET,true,5.648
1932,6680,GET,true,6.054
1933,2244608,GET,true,349.415
1934,10688,GET,true,7.247
1935,2628,GET,true,4.93
1936,1156,GET,true,3.664
1937,236584960,GET,true,36240.236
1938,7476,GET,true,6.682
1939,9240,GET,true,6.487
1940,1116,GET,true,3.971
1941,8636,GET,true,6.438
1942,51478528,GET,true,7903.908
1943,6924,GET,true,6.833
1944,86900736,GET,true,13332.492
1945,5476,GET,true,6.025
1946,36601856,GET,true,5615.278
1947,14663680,GET,true,2254.272
1948,49152,GET,true,14.206
1949,26443776,GET,true,4055.26
1950,12156,GET,true,6.883
1951,89079808,GET,true,13650.527
1952,2260,GET,true,5.34
1953,3936,GET,true,5.697
1954,6712,GET,true,6.192
1955,16384,GET,true,7.324
1956,65536,GET,true,16.355
1957,3784,GET,true,5.501
1958,2112,GET,true,4.557
1959,1982464,GET,true,309.459
1960,16384,GET,true,7.7
1961,3522560,GET,true,545.457
1962,1152,GET,true,4.036
1963,12156,GET,true,8.434
1964,3244032,GET,true,502.247
1965,2844,GET,true,4.501
1966,9576,GET,true,6.394
1967,4372,GET,true,5.313
1968,16384,GET,true,6.985
1969,2310144,GET,true,359.432
1970,3376,GET,true,5.292
1971,1116,GET,true,4.479
1972,9338880,GET,true,1435.809
1973,3325952,GET,true,515.541
1974,2828,GET,true,4.709
1975,671744,GET,true,124.587
1976,2628,GET,true,5.342
1977,10764288,GET,true,1654.35
1978,3048,GET,true,5.897
1979,86900736,GET,true,13314.766
1980,2628,GET,true,5.162
1981,16384,GET,true,8.006
1982,107757568,GET,true,16509.967
1983,737280,GET,true,139.701
1984,14663680,GET,true,2251.797
1985,1128,GET,true,4.462
1986,357482496,GET,true,54773.285
1987,6728,PUT,false,12.885
1988,1048576,GET,true,190.458
1989,2480,GET,true,4.929
1990,16580608,GET,true,2546.109
1991,1988,GET,true,5.379
1992,117899264,GET,true,18065.131
1993,2628,GET,true,5.205
1994,28557312,PUT,false,14746.809
1995,2420,GET,true,5.494
1996,4496,PUT,false,11.248
1997,1576,GET,true,4.691
1998,2628,GET,true,4.561
1999,2212,GET,true,4.548
2000,12284,GET,true,7.529
2001,1152,GET,true,3.833
2002,2628,GET,true,5.558
2003,2420,GET,true,5.055
2004,12156,GET,true,6.729
2005,12284,GET,true,6.403
2006,2490368,GET,true,417.864
2007,17743872,GET,true,2723.632
2008,15080,GET,true,7.672
2009,1336,GET,true,4.349
2010,12284,GET,true,5.995
2011,1916928,GET,true,299.66
2012,9338880,GET,true,1456.356
2013,3020,GET,true,5.369
2014,278528,GET,true,54.27
2015,1804,PUT,false,9.14
2016,16384,GET,true,7.485
2017,294912,GET,true,56.131
2018,2628,GET,true,4.832
2019,12284,GET,true,7.25
2020,9060,PUT,false,11.642
2021,15076,GET,true,6.878
2022,1040,GET,true,3.894
2023,4496,GET,true,5.7
2024,12517376,GET,true,1940.711
2025,2628,GET,true,4.87
2026,87965696,PUT,false,45862.773
2027,1988,GET,true,5.29
2028,16384,GET,true,8.088
2029,10368,GET,true,7.217
2030,2628,GET,true,4.417
2031,1982464,GET,true,310.664
2032,2628,GET,true,4.706
2033,2628,GET,true,4.454
2034,2056,GET,true,4.497
2035,16384,GET,true,7.101
2036,2832,GET,true,4.725
2037,12284,GET,true,7.009
2038,2628,GET,true,4.643
2039,3220,GET,true,5.112
2040,3522560,GET,true,546.802
2041,1988,GET,true,5.321
2042,2832,GET,true,4.508
2043,16384,GET,true,7.072
2044,10698752,GET,true,1661.217
2045,278528,GET,true,53.459
2046,2420,GET,true,4.565
2047,2097152,GET,true,326.338
2048,2404,GET,true,4.547
2049,8142848,GET,true,1263.092
2050,121733120,GET,true,18666.761
2051,1982464,GET,true,309.794
2052,3522560,GET,true,567.805
2053,1980,GET,true,4.621
2054,2195456,GET,true,341.065
2055,9879552,GET,true,1535.759
2056,1780,GET,true,4.771
2057,2216,GET,true,4.69
2058,2628,GET,true,4.774
2059,8004,GET,true,6.77
2060,2832,PUT,false,9.744
2061,2628,GET,true,4.616
2062,86900736,GET,true,13319.867
2063,6708,PUT,false,12.781
2064,1128,GET,true,3.807
2065,1622016,GET,true,257.754
2066,12156,GET,true,6.384
2067,2184,GET,true,4.851
2068,1336,GET,true,4.384
2069,12284,GET,true,6.334
2070,12284,GET,true,6.343
2071,2628,GET,true,4.658
2072,4068,GET,true,5.64
2073,1332,GET,true,4.45
2074,8636,GET,true,6.162
2075,43499520,GET,true,6691.431
2076,4372,GET,true,6.269
2077,6616,GET,true,6.364
2078,3376,GET,true,4.972
2079,2056,GET,true,4.294
2080,1368,GET,true,4.135
2081,3342336,GET,true,518.257
2082,86900736,GET,true,13315.581
2083,16384,GET,true,8.319
2084,21872640,GET,true,3362.342
2085,1604,GET,true,5.548
2086,344064,GET,true,66.095
2087,1116,GET,true,3.917
2088,10576,GET,true,6.622
2089,2628,GET,true,4.481
2090,2310144,GET,true,359.835
2091,1584,GET,true,4.123
2092,65536,GET,true,16.232
2093,2310144,GET,true,358.69
2094,1932,GET,true,4.245
2095,55967744,GET,true,8595.697
2096,1336,GET,true,4.292
2097,32768,GET,true,10.056
2098,16384,GET,true,7.501
2099,16580608,GET,true,2547.871
2100,1980,GET,true,5.799
2101,12156,GET,true,7.277
2102,3000,GET,true,4.88
2103,1336,GET,true,3.645
2104,1900,GET,true,4.446
2105,1982464,GET,true,310.204
2106,5560,GET,true,5.301
2107,5560,GET,true,5.581
2108,12284,GET,true,6.609
2109,819200,GET,true,149.624
2110,1156,GET,true,3.766
2111,2628,GET,true,5.034
2112,54394880,GET,true,8352.494
2113,1424,GET,true,4.552
2114,2420,GET,true,4.347
2115,2628,GET,true,4.667
2116,2340,GET,true,5.247
2117,9544,GET,true,6.765
2118,819200,GET,true,149.492
2119,2412,GET,true,4.89
2120,16384,GET,true,7.312
2121,12156,GET,true,6.304
2122,54394880,GET,true,8352.518
2123,3664,PUT,false,10.767
2124,12156,GET,true,7.371
2125,12156,GET,true,6.828
2126,3020,GET,true,5.077
2127,3860,GET,true,5.302
2128,6788,GET,true,5.83
2129,11059200,GET,true,1715.734
2130,12284,GET,true,6.686
2131,9576,GET,true,6.642
2132,2260,GET,true,4.225
2133,12284,GET,true,7.312
2134,3342336,GET,true,517.814
2135,2420,GET,true,4.631
2136,6720,GET,true,6.064
2137,2112,GET,true,4.636
2138,671744,PUT,false,316.806
2139,4960,GET,true,5.616
2140,2344,GET,true,4.374
2141,2844,GET,true,4.773
2142,4148,PUT,false,10.633
2143,2060,GET,true,4.84
2144,1966080,GET,true,349.438
2145,819200,GET,true,149.168
2146,2628,GET,true,4.904
2147,2628,GET,true,4.648
2148,16384,PUT,false,15.157
2149,2420,GET,true,4.823
2150,5236,GET,true,6.471
2151,1368,GET,true,4.269
2152,2228224,GET,true,346.911
2153,2244608,GET,true,351.009
2154,15548416,GET,true,2387.201
2155,54394880,GET,true,8350.116
2156,1356,GET,true,4.324
2157,3196,GET,true,5.057
2158,1152,GET,true,3.832
2159,16384,GET,true,7.708
2160,7476,GET,true,5.962
2161,6920,GET,true,5.737
2162,3342336,GET,true,518.419
2163,9027584,GET,true,1388.931
2164,16384,GET,true,7.721
2165,12156,GET,true,6.917
2166,2628,GET,true,4.563
2167,2628,GET,true,4.564
2168,2310144,GET,true,387.689
2169,2056,GET,true,4.635
2170,16384,GET,true,7.304
2171,2080768,GET,true,323.998
2172,12284,GET,true,7.577
2173,42483712,GET,true,6531.881
2174,1980,GET,true,4.649
2175,15548416,GET,true,2388.525
2176,54394880,GET,true,8346.659
2177,9576,GET,true,6.502
2178,1152,GET,true,4.235
2179,2060,PUT,false,10.466
2180,3000,GET,true,5.073
2181,2804,GET,true,5.113
2182,2804,GET,true,4.075
2183,16384,GET,true,7.611
2184,4284,GET,true,6.038
2185,2628,GET,true,4.517
2186,2424,GET,true,4.631
2187,2112,GET,true,4.386
2188,9027584,GET,true,1404.936
2189,1584,GET,true,4.742
2190,11500,GET,true,7.479
2191,655360,GET,true,124.33
2192,2996,GET,true,5.251
2193,3376,GET,true,4.995
2194,2195456,GET,true,342.394
2195,3452,GET,true,5.035
2196,2828,GET,true,4.874
2197,11976704,GET,true,1862.275
2198,2840,GET,true,5.673
2199,147456,GET,true,31.524
2200,3000,GET,true,4.677
2201,2420,GET,true,4.867
2202,8388608,GET,true,1290.131
2203,54394880,GET,true,8337.138
2204,2112,GET,true,4.475
2205,6728,GET,true,7.213
2206,9544,GET,true,6.262
2207,4284,GET,true,5.19
2208,54394880,GET,true,8336.785
2209,3936,GET,true,5.669
2210,2828,GET,true,4.932
2211,9240576,GET,true,1420.869
2212,2172,GET,true,5.454
2213,1356,GET,true,4.006
2214,16384,GET,true,7.546
2215,2628,GET,true,4.507
2216,1332,GET,true,4.133
2217,1818624,GET,true,334.165
2218,851968,GET,true,155.172
2219,4524,GET,true,6.177
2220,1336,GET,true,3.907
2221,12156,GET,true,6.775
2222,1900544,GET,true,296.599
2223,147456,GET,true,31.768
2224,17743872,GET,true,2723.09
2225,86900736,GET,true,13334.367
2226,819200,GET,true,151.09
2227,2832,GET,true,4.687
2228,2144,GET,true,4.983
2229,1982464,GET,true,309.851
2230,52412416,GET,true,8048.832
2231,2628,GET,true,5.101
2232,2628,GET,true,4.947
2233,1576,GET,true,4.276
2234,9576,GET,true,6.858
2235,1576,GET,true,5.439
2236,11500,GET,true,6.482
2237,2310144,GET,true,359.269
2238,2310144,GET,true,358.643
2239,4960,GET,true,5.436
2240,2212,GET,true,4.731
2241,2420,GET,true,4.298
2242,1343488,GET,true,218.78
2243,2628,GET,true,4.842
2244,2628,GET,true,4.431
2245,7476,GET,true,5.893
2246,4960,GET,true,5.352
2247,12284,GET,true,6.894
2248,1376256,GET,true,229.344
2249,51478528,GET,true,7906.734
2250,1156,GET,true,4.862
2251,9544,GET,true,6.683
2252,294912,GET,true,58.198
2253,2828,GET,true,4.64
2254,12284,GET,true,7.028
2255,7852,GET,true,6.594
2256,1772,GET,true,4.252
2257,7508,GET,true,5.859
2258,9338880,GET,true,1435.473
2259,14663680,GET,true,2253.411
2260,2412,GET,true,5.178
2261,2112,GET,true,4.453
2262,16384,GET,true,8.056
2263,2404,GET,true,4.331
2264,65536,GET,true,16.099
2265,2628,GET,true,4.471
2266,1156,GET,true,4.515
2267,12996,GET,true,6.916
2268,52412416,GET,true,8032.994
2269,2628,GET,true,4.989
2270,6972,PUT,false,12.472
2271,22102016,PUT,false,11331.892
2272,2628,GET,true,6.27
2273,6972,GET,true,6.919
2274,7260,GET,true,6.1
2275,12284,GET,true,7.322
2276,12284,GET,true,7.254
2277,4588,GET,true,6.458
2278,12284,GET,true,6.461
2279,6062080,GET,true,936.971
2280,12156,GET,true,6.862
2281,3020,GET,true,4.914
2282,2628,GET,true,4.513
2283,1584,GET,true,3.998
2284,3220,GET,true,5.054
2285,15548416,GET,true,2387.807
2286,2604,GET,true,4.591
2287,6912,GET,true,6.446
2288,5160,GET,true,5.971
2289,819200,GET,true,150.278
2290,819200,GET,true,136.912
2291,1372,GET,true,4.164
2292,1372,GET,true,3.453
2293,458752,GET,true,86.701
2294,1656,GET,true,4.863
2295,54394880,PUT,false,28307.536
2296,5960,GET,true,6.892
2297,51478528,GET,true,7909.272
2298,2628,GET,true,4.996
2299,2112,GET,true,4.417
2300,16384,GET,true,7.442
2301,1152,GET,true,4.25
2302,4284,GET,true,5.046
2303,7476,GET,true,5.743
2304,2260,GET,true,4.507
2305,1048576,PUT,false,504.137
2306,1760,GET,true,5.653
2307,2628,GET,true,4.629
2308,65536,GET,true,16.454
2309,65536,GET,true,16.321
2310,86900736,GET,true,13314.914
2311,2080768,GET,true,324.667
2312,294912,GET,true,57.604
2313,147456,GET,true,30.174
2314,30720000,GET,true,4726.746
2315,51478528,GET,true,7910.626
2316,2628,GET,true,5.962
2317,2310144,GET,true,398.81
2318,4960,GET,true,5.314
2319,86900736,GET,true,13321.261
2320,2628,GET,true,4.995
2321,12284,GET,true,7.025
2322,65536,GET,true,16.802
2323,4960,GET,true,5.179
2324,1048576,GET,true,192.196
2325,2628,GET,true,6.534
2326,1368,GET,true,4.024
2327,2844,GET,true,4.878
2328,6644,GET,true,6.047
2329,2628,GET,true,4.736
2330,12284,GET,true,6.744
2331,32768,GET,true,9.856
2332,2628,GET,true,4.41
2333,2144,GET,true,4.427
2334,12156,GET,true,6.51
2335,1916928,GET,true,298.889
2336,12656,GET,true,7.135
2337,5560,GET,true,5.961
2338,86900736,GET,true,13315.33
2339,2056,GET,true,5.747
2340,3856,GET,true,5.363
2341,27688960,GET,true,4263.811
2342,2056,GET,true,5.096
2343,1760,GET,true,4.853
2344,2628,GET,true,4.468
2345,671744,PUT,false,328.809
2346,3784,GET,true,5.52
2347,2628,GET,true,5.111
2348,32768,GET,true,10.817
2349,1156,GET,true,3.92
2350,7844,GET,true,6.412
2351,84459520,GET,true,12942.073
2352,14920,GET,true,8.421
2353,12156,GET,true,7.036
2354,40943616,GET,true,6292.294
2355,4756,GET,true,6.162
2356,26443776,GET,true,4057.004
2357,2804,GET,true,4.926
2358,3000,GET,true,5.317
2359,51478528,GET,true,7890.194
2360,2628,GET,true,5.238
2361,342114304,GET,true,52410.565
2362,7440,GET,true,9.012
2363,2628,GET,true,4.389
2364,704512,GET,true,130.656
2365,2420,GET,true,4.44
2366,1228,GET,true,4.369
2367,3444,GET,true,5.389
2368,1152,GET,true,3.839
2369,1048576,PUT,false,492.025
2370,737280,GET,true,138.869
2371,3784,GET,true,5.234
2372,10272768,GET,true,1609.28
2373,6820,GET,true,6.465
2374,10272768,GET,true,1600.118
2375,3860,GET,true,5.335
2376,278528,GET,true,56.022
2377,16384,GET,true,6.96
2378,10272768,GET,true,1593.205
2379,2236,GET,true,5.53
2380,671744,GET,true,124.542
2381,819200,GET,true,149.39
2382,2628,GET,true,4.518
2383,704512,GET,true,126.521
2384,10368,GET,true,6.293
2385,2628,GET,true,4.509
2386,4964352,GET,true,781.449
2387,163840,GET,true,34.03
2388,10088,GET,true,6.995
2389,2560,GET,true,4.985
2390,16384,GET,true,6.957
2391,12156,GET,true,6.342
2392,32653312,GET,true,5026.647
2393,32653312,GET,true,5018.74
2394,2628,GET,true,5.222
2395,49577984,GET,true,7600.092
2396,2628,GET,true,5.023
2397,2060,GET,true,4.589
2398,32653312,GET,true,5029.467
2399,2628,GET,true,5.36
2400,2828,GET,true,4.449
2401,1356,GET,true,3.889
2402,1360,GET,true,4.202
2403,448905216,GET,true,68759.286
2404,1048576,PUT,false,509.41
2405,2628,GET,true,4.935
2406,65699840,GET,true,10086.469
2407,238272512,GET,true,36504.127
2408,49152,GET,true,13.816
2409,94404608,GET,true,14465.129
2410,3228,GET,true,6.115
2411,1524,GET,true,4.548
2412,27688960,GET,true,4258.396
2413,1064960,GET,true,194.901
2414,15076,GET,true,6.729
2415,15076,GET,true,6.181
2416,1040,GET,true,3.806
2417,4088,GET,true,5.536
2418,2484,GET,true,4.706
2419,1336,GET,true,4.267
2420,720896,GET,true,132.626
2421,12284,GET,true,6.628
2422,10088,GET,true,6.63
2423,4620,GET,true,5.692
2424,4964352,GET,true,782.17
2425,1064,GET,true,4.002
2426,8476,GET,true,6.52
2427,16384,GET,true,8.078
2428,4588,GET,true,5.991
2429,10272768,GET,true,1579.448
2430,7440,GET,true,6.782
2431,10272768,GET,true,1578.441
2432,6032,GET,true,6.235
2433,16384,GET,true,7.39
2434,6160384,GET,true,949.348
2435,6664,GET,true,5.626
2436,16384,GET,true,7.83
2437,7368,GET,true,5.855
2438,1356,GET,true,3.672
2439,671744,GET,true,123.918
2440,2628,GET,true,4.511
2441,1980,GET,true,4.324
2442,49152,GET,true,13.986
2443,3020,GET,true,4.8
2444,2628,GET,true,4.538
2445,15076,GET,true,6.737
2446,3784,GET,true,5.029
2447,3342336,GET,true,517.6
2448,2804,GET,true,4.705
2449,1584,GET,true,4.4
2450,2260,GET,true,4.883
2451,1336,GET,true,3.371
2452,14663680,GET,true,2251.782
2453,16187392,GET,true,2488.731
2454,2628,GET,true,4.811
2455,12284,GET,true,7.185
2456,3024,GET,true,5.024
2457,12284,GET,true,6.137
2458,10576,GET,true,5.963
2459,2628,GET,true,4.361
2460,2490368,GET,true,423.515
2461,1128,GET,true,4.196
2462,5144576,GET,true,794.225
2463,2260,GET,true,4.281
2464,2097152,GET,true,326.131
2465,1916928,GET,true,299.075
2466,1982464,GET,true,309.355
2467,2628,GET,true,4.127
2468,1916928,GET,true,298.542
2469,54394880,GET,true,8337.127
2470,30720000,GET,true,4730.446
2471,671744,GET,true,123.966
2472,1368,GET,true,4.069
2473,1152,GET,true,3.843
2474,2628,GET,true,4.525
2475,2490368,GET,true,386.985
2476,54394880,GET,true,8355.531
2477,2628,GET,true,5.087
2478,2628,GET,true,5.028
2479,5160960,GET,true,796.274
2480,10764288,GET,true,1655.007
2481,6716,GET,true,6.067
2482,26443776,GET,true,4055.525
2483,8536,GET,true,6.612
2484,2420,GET,true,4.549
2485,655360,GET,true,118.627
2486,22052864,GET,true,3403.077
2487,26443776,GET,true,4055.805
2488,114688,GET,true,26.412
2489,2628,GET,true,4.705
2490,17743872,GET,true,2726.976
2491,2620,GET,true,5.512
2492,8780,GET,true,6.561
2493,16384,GET,true,8.026
2494,5996544,GET,true,939.85
2495,2620,GET,true,5.242
2496,42680320,GET,true,6551.16
2497,2056,PUT,false,14.093
2498,2220,GET,true,5.006
2499,30720000,GET,true,4710.416
2500,4524,GET,true,5.71
2501,2056,PUT,false,10.423
2502,1716,PUT,false,10.014
2503,8476,GET,true,6.368
2504,1048576,PUT,false,507.542
2505,3948,PUT,false,11.764
2506,238272512,GET,true,36502.759
2507,86900736,GET,true,13337.161
2508,2628,GET,true,5.246
2509,32768,GET,true,10.313
2510,12284,GET,true,6.566
2511,2816,GET,true,4.709
2512,1792,GET,true,4.247
2513,10368,GET,true,5.912
2514,3342336,GET,true,517.76
2515,9388032,GET,true,1460.809
2516,7052,GET,true,6.945
2517,2628,GET,true,4.477
2518,4088,GET,true,5.957
2519,12284,GET,true,6.568
2520,12156,GET,true,6.328
2521,3522560,GET,true,545.495
2522,4524,GET,true,5.274
2523,2112,GET,true,4.245
2524,65699840,GET,true,10097.846
2525,1336,GET,true,4.679
2526,65880064,GET,true,10096.613
2527,3408,GET,true,6.155
2528,7476,GET,true,6.677
2529,1332,GET,true,4.186
2530,704512,GET,true,129.63
2531,15076,GET,true,7.18
2532,11500,GET,true,6.814
2533,4088,GET,true,5.011
2534,2628,GET,true,4.494
2535,5996,GET,true,6.442
2536,1464,GET,true,4.449
2537,8476,GET,true,6.039
2538,2260,GET,true,4.435
2539,12284,GET,true,6.561
2540,9544,GET,true,6.143
2541,4960,GET,true,5.082
2542,447889408,GET,true,68603.481
2543,1064960,GET,true,190.864
2544,4524,GET,true,5.248
2545,10576,GET,true,6.69
2546,6716,GET,true,5.88
2547,2310144,GET,true,359.526
2548,851968,GET,true,153.993
2549,65536,GET,true,16.158
2550,4580,GET,true,5.422
2551,2628,GET,true,4.536
2552,2628,GET,true,4.033
2553,16384,GET,true,6.924
2554,3444,GET,true,5.02
2555,32768,GET,true,10.286
2556,3162112,GET,true,491.506
2557,1064960,GET,true,187.289
2558,2420,GET,true,4.59
2559,14216,GET,true,8.204
2560,16384,GET,true,7.639
2561,2216,GET,true,5.226
2562,2628,GET,true,4.452
2563,3936,GET,true,5.257
2564,65536,GET,true,16.027
2565,2628,GET,true,4.46
2566,2310144,GET,true,358.937
2567,16384,GET,true,7.37
2568,2628,GET,true,4.372
2569,357416960,GET,true,54748.119
2570,3376,GET,true,5.894
2571,26443776,GET,true,4056.945
2572,2628,GET,true,5.079
2573,86900736,GET,true,13315.198
2574,2420,GET,true,4.833
2575,671744,GET,true,122.623
2576,2628,GET,true,4.569
2577,12284,GET,true,6.713
2578,12156,GET,true,6.696
2579,1900544,GET,true,296.681
2580,54394880,GET,true,8367.551
2581,88801280,GET,true,13623.232
2582,2310144,GET,true,359.903
2583,2604,GET,true,5.193
2584,12156,GET,true,6.314
2585,1441792,GET,true,233.133
2586,238272512,GET,true,36530.242
2587,9544,GET,true,6.898
2588,357482496,GET,true,54773.923
2589,7684096,GET,true,1201.622
2590,2628,GET,true,5.225
2591,3408,GET,true,5.416
2592,52412416,GET,true,8050.86
2593,9576,GET,true,6.334
2594,10576,GET,true,6.145
2595,2060,GET,true,4.693
2596,9576,GET,true,5.903
2597,3344,GET,true,6.322
2598,11059200,GET,true,1703.569
2599,2828,GET,true,5.357
2600,4524,GET,true,5.184
2601,819200,GET,true,145.963
2602,1788,GET,true,4.826
2603,20840448,GET,true,3198.2
2604,1368,GET,true,4.38
2605,327680,GET,true,63.087
2606,294912,GET,true,56.819
2607,2404,GET,true,4.615
2608,163840,GET,true,33.423
2609,6784,PUT,false,11.814
2610,1356,GET,true,4.155
2611,3220,GET,true,4.943
2612,12284,GET,true,6.42
2613,11108,GET,true,7.341
2614,13598720,GET,true,2092.519
2615,28442624,GET,true,4362.506
2616,10764288,GET,true,1671.706
2617,1368,GET,true,4.69
2618,2628,GET,true,4.521
2619,2632,GET,true,4.949
2620,1336,GET,true,3.737
2621,2490368,GET,true,387.04
2622,4448,GET,true,5.776
2623,9519104,PUT,false,4682.896
2624,344064,GET,true,68.244
2625,2628,GET,true,4.83
2626,3632,GET,true,5.667
2627,25116672,GET,true,3854.13
2628,2310144,GET,true,359.507
2629,2060,GET,true,4.476
2630,12156,GET,true,6.576
2631,1900544,GET,true,296.451
2632,41828352,GET,true,6444.235
2633,51478528,GET,true,7891.031
2634,13598720,GET,true,2091.312
2635,13123584,GET,true,2043.756
2636,4524,GET,true,5.483
2637,1916928,GET,true,299.238
2638,17743872,GET,true,2724.729
2639,2628,GET,true,5.214
2640,13836,GET,true,7.85
2641,1152,GET,true,3.948
2642,10576,GET,true,6.455
2643,671744,GET,true,123.153
2644,1336,GET,true,4.091
2645,2404,GET,true,4.494
2646,32768,GET,true,10.863
2647,12156,GET,true,7.448
2648,2375680,GET,true,369.305
2649,65536,GET,true,15.618
2650,2056,PUT,false,10.048
2651,2310144,GET,true,358.611
2652,2628,GET,true,4.755
2653,16384,GET,true,8.1
2654,13192,GET,true,7.295
2655,1376256,GET,true,226.28
2656,2604,GET,true,4.366
2657,2628,GET,true,4.538
2658,1372,GET,true,4.252
2659,6792,GET,true,6.243
2660,1332,GET,true,4.447
2661,2420,GET,true,4.53
2662,3376,GET,true,4.974
2663,11059200,PUT,false,5493.153
2664,2310144,GET,true,359.799
2665,10576,GET,true,6.927
2666,2080768,GET,true,324.387
2667,54394880,GET,true,8352.96
2668,10469376,GET,true,1629.848
2669,1116,GET,true,3.921
2670,65536,GET,true,16.442
2671,19791872,GET,true,3054.748
2672,17924096,GET,true,2751.865
2673,16384,GET,true,7.527
2674,9576,GET,true,6.753
2675,3020,GET,true,4.454
2676,2628,GET,true,4.315
2677,12284,GET,true,6.909
2678,83017728,GET,true,12721.392
2679,30720000,GET,true,4732.408
2680,3024,GET,true,5.389
2681,52412416,GET,true,8033.566
2682,851968,GET,true,155.252
2683,11059200,GET,true,1719.149
2684,16187392,GET,true,2486.579
2685,32768,GET,true,11.002
2686,3000,GET,true,4.858
2687,1128,GET,true,3.87
2688,13192,GET,true,7.394
2689,2832,PUT,false,10.821
2690,10408,PUT,false,12.806
2691,3020,GET,true,4.889
2692,2628,GET,true,5.027
2693,2628,GET,true,4.437
2694,52412416,GET,true,8032.672
2695,12284,GET,true,7.192
2696,32768,GET,true,10.864
2697,12284,GET,true,6.518
2698,1980,GET,true,4.062
2699,3000,GET,true,4.593
2700,12284,GET,true,6.336
2701,2628,GET,true,4.466
2702,1152,GET,true,3.763
2703,54394880,GET,true,8353.776
2704,55967744,GET,true,8596.58
2705,163840,GET,true,35.532
2706,2628,GET,true,4.591
2707,9576,GET,true,6.308
2708,1116,GET,true,3.59
2709,16384,GET,true,7.389
2710,2628,GET,true,4.445
2711,54394880,GET,true,8880.982
2712,2632,GET,true,5.291
2713,16187392,GET,true,3031.4
2714,1900,GET,true,4.964
2715,8568832,GET,true,1336.346
2716,6716,GET,true,6.077
2717,2420,GET,true,4.795
2718,1368,GET,true,3.779
2719,3342336,GET,true,517.395
2720,1900544,GET,true,702.772
2721,3000,GET,true,6.155
2722,1980,GET,true,4.524
2723,2632,GET,true,5.354
2724,6732,PUT,false,13.754
2725,2056,GET,true,4.851
2726,2628,GET,true,4.837
2727,1772,GET,true,4.514
2728,16384,GET,true,7.505
2729,86900736,GET,true,13886.717
2730,2628,GET,true,5.414
2731,2628,GET,true,4.468
2732,2162688,GET,true,336.703
2733,10764288,GET,true,2200.794
2734,14663680,GET,true,2253.257
2735,1146880,GET,true,196.866
2736,26443776,GET,true,4056.365
2737,5560,GET,true,6.623
2738,2628,GET,true,4.802
2739,9027584,GET,true,1407.035
2740,1916928,GET,true,300.052
2741,147456,GET,true,31.89
2742,86900736,GET,true,13320.651
2743,3342336,GET,true,516.997
2744,16384,GET,true,7.444
2745,33898496,GET,true,5227.82
2746,2620,GET,true,5.682
2747,3044,GET,true,5.091
2748,2260,GET,true,5.024
2749,5560,GET,true,5.44
2750,5062656,GET,true,781.462
2751,2628,GET,true,5.054
2752,9879552,GET,true,1537.319
2753,2628,GET,true,5.057
2754,2310144,GET,true,359.572
2755,4960,GET,true,5.558
2756,4960,GET,true,5.271
2757,1372,GET,true,4.23
2758,9338880,GET,true,1451.843
2759,2628,GET,true,4.659
2760,9338880,GET,true,1437.277
2761,2628,GET,true,4.803
2762,2620,GET,true,4.849
2763,2628,GET,true,4.841
2764,11500,GET,true,7.819
2765,2097152,GET,true,326.88
2766,5652,GET,true,6.104
2767,14663680,GET,true,2253.738
2768,3024,GET,true,5.211
2769,3860,GET,true,5.312
2770,2420,GET,true,5.364
2771,3000,GET,true,4.79
2772,32768,GET,true,10.509
2773,1332,GET,true,3.936
2774,9576,GET,true,6.373
2775,4960,GET,true,5.452
2776,16384,GET,true,7.158
2777,12284,GET,true,6.522
2778,2628,GET,true,4.451
2779,3342336,GET,true,517.187
2780,16384,GET,true,7.221
2781,2628,GET,true,4.936
2782,26443776,GET,true,4058.413
2783,9544,GET,true,6.382
2784,16384,GET,true,7.879
2785,2628,GET,true,4.355
2786,3342336,GET,true,516.947
2787,2628,GET,true,5.062
2788,3860,GET,true,5.164
2789,16187392,GET,true,2485.007
2790,1164,GET,true,4.746
2791,2628,GET,true,4.723
2792,2097152,GET,true,326.419
2793,16384,GET,true,7.268
2794,2344,GET,true,5.276
2795,30720000,GET,true,4730.019
2796,14663680,GET,true,2254.595
2797,2628,GET,true,4.972
2798,2628,GET,true,3.991
2799,10088,GET,true,6.775
2800,11500,GET,true,6.278
2801,1772,GET,true,4.275
2802,9027584,GET,true,1406.371
2803,2628,GET,true,4.74
2804,2628,GET,true,4.615
2805,2172,GET,true,4.501
2806,3342336,GET,true,517.707
2807,3000,GET,true,4.984
2808,294912,GET,true,56.748
2809,294912,GET,true,52.05
2810,86900736,GET,true,13314.73
2811,5560,GET,true,5.801
2812,3784,GET,true,5.044
2813,65536,GET,true,15.689
2814,3784,GET,true,4.624
2815,2628,GET,true,4.837
2816,1332,GET,true,4.0
2817,3342336,GET,true,517.745
2818,2628,GET,true,4.41
2819,3457024,GET,true,535.067
2820,26443776,GET,true,4058.421
2821,2628,GET,true,4.694
2822,6088,GET,true,6.574
2823,1896,GET,true,4.811
2824,2628,GET,true,4.983
2825,30720000,GET,true,4725.921
2826,1576,GET,true,4.926
2827,54394880,GET,true,8353.488
2828,2097152,GET,true,326.383
2829,54394880,GET,true,8362.684
2830,16384,GET,true,8.18
2831,131072,GET,true,29.055
2832,2628,GET,true,4.444
2833,16187392,GET,true,2484.529
2834,16384,GET,true,8.208
2835,12156,GET,true,6.429
2836,819200,GET,true,153.621
2837,4524,GET,true,5.239
2838,9371648,GET,true,1457.465
2839,57720832,GET,true,8853.903
2840,2628,GET,true,5.642
2841,2344,GET,true,4.656
2842,2628,GET,true,4.344
2843,6220,GET,true,6.266
2844,49577984,PUT,false,25813.671
2845,2628,GET,true,5.413
2846,9576,GET,true,6.8
2847,20365312,GET,true,3140.778
2848,196608,PUT,false,101.428
2849,3000,GET,true,5.219
2850,12156,GET,true,6.512
2851,14417920,GET,true,2215.109
2852,2804,GET,true,6.26
2853,2628,GET,true,4.565
2854,2628,GET,true,4.42
2855,1277952,GET,true,209.406
2856,17743872,GET,true,2724.339
2857,2628,GET,true,5.338
2858,1980,GET,true,4.773
2859,9338880,GET,true,1457.357
2860,2628,GET,true,4.754
2861,30720000,GET,true,4731.818
2862,2820,GET,true,6.014
2863,1900544,GET,true,297.863
2864,5016,GET,true,6.344
2865,9027584,GET,true,1389.684
2866,26443776,GET,true,4056.125
2867,2628,GET,true,4.8
2868,1356,GET,true,3.934
2869,671744,GET,true,124.287
2870,3784,GET,true,5.394
2871,4372,PUT,false,12.149
2872,2228,GET,true,4.604
2873,16187392,GET,true,2485.182
2874,16384,GET,true,8.01
2875,2996,GET,true,5.085
2876,51478528,GET,true,7906.325
2877,8956,GET,true,6.706
2878,3784,GET,true,5.432
2879,2195456,GET,true,342.039
2880,16384,GET,true,7.632
2881,671744,GET,true,122.8
2882,52412416,GET,true,8033.058
2883,2212,GET,true,5.783
2884,5390336,GET,true,832.436
2885,2420,GET,true,4.729
2886,16384,GET,true,8.405
2887,7476,GET,true,5.977
2888,671744,GET,true,122.698
2889,819200,GET,true,150.969
2890,12284,GET,true,6.635
2891,9544,GET,true,5.927
2892,32768,GET,true,10.129
2893,16384,GET,true,7.594
2894,2490368,GET,true,387.583
2895,11157504,GET,true,1731.506
2896,2628,GET,true,5.12
2897,2804,GET,true,4.651
2898,9576,GET,true,6.626
2899,9338880,GET,true,1457.128
2900,53903360,GET,true,8281.731
2901,4960,GET,true,5.918
2902,7344,GET,true,6.273
2903,3220,GET,true,5.619
2904,1236,GET,true,4.594
2905,2832,GET,true,4.885
2906,3936,GET,true,5.24
2907,26443776,GET,true,4055.981
2908,7052,GET,true,6.268
2909,9544,GET,true,5.806
2910,16384,GET,true,7.206
2911,1152,GET,true,3.786
2912,2832,GET,true,4.61
2913,51478528,GET,true,7890.404
2914,1368,GET,true,4.651
2915,2097152,GET,true,326.965
2916,3680,GET,true,6.237
2917,2628,GET,true,4.627
2918,2628,GET,true,5.973
2919,3860,GET,true,5.146
2920,2628,GET,true,4.564
2921,3000,GET,true,4.446
2922,2340,GET,true,5.257
2923,2632,GET,true,4.664
2924,29868032,GET,true,4596.634
2925,7200,GET,true,6.252
2926,54394880,GET,true,8337.722
2927,15548416,GET,true,2387.143
2928,3784,GET,true,5.916
2929,12284,GET,true,7.131
2930,1356,GET,true,4.196
2931,1336,GET,true,3.891
2932,1368,GET,true,4.082
2933,1900544,GET,true,297.08
2934,11500,GET,true,6.293
2935,2828,GET,true,4.993
2936,1128,GET,true,4.408
2937,3324,GET,true,74.973
2938,30720000,GET,true,4710.661
2939,2628,GET,true,5.001
2940,3522560,GET,true,565.584
2941,1064960,GET,true,185.577
2942,32768,GET,true,10.145
2943,1332,GET,true,4.077
2944,2949120,GET,true,457.33
2945,12284,GET,true,6.331
2946,3020,GET,true,4.762
2947,2244608,GET,true,349.636
2948,6004,GET,true,6.062
2949,86900736,GET,true,13321.13
2950,2628,GET,true,5.075
2951,2628,GET,true,4.683
2952,12284,GET,true,7.093
2953,12284,GET,true,7.096
2954,16384,PUT,false,15.686
2955,2195456,GET,true,342.454
2956,6904,GET,true,6.548
2957,30720000,GET,true,4732.123
2958,671744,GET,true,124.826
2959,196608,GET,true,39.857
2960,2632,GET,true,4.561
2961,2628,GET,true,4.343
2962,12284,GET,true,7.017
2963,65536,GET,true,15.675
2964,16384,GET,true,7.397
2965,2340,GET,true,4.523
2966,15548416,GET,true,2387.732
2967,2490368,GET,true,387.456
2968,655360,GET,true,124.283
2969,1156,GET,true,3.958
2970,2628,GET,true,4.894
2971,2804,GET,true,4.944
2972,12284,GET,true,6.339
2973,9544,GET,true,5.81
2974,2310144,GET,true,398.021
2975,1720,GET,true,4.365
2976,1116,GET,true,3.832
2977,7200,GET,true,5.732
2978,7200,GET,true,5.242
2979,3324,GET,true,5.537
2980,1277952,GET,true,213.315
2981,2080768,GET,true,323.961
2982,4572,GET,true,6.034
2983,2184,PUT,false,11.502
2984,16384,GET,true,7.254
2985,6680,GET,true,6.434
2986,9879552,GET,true,1538.841
2987,3260,GET,true,6.751
2988,49152,GET,true,14.177
2989,6920,GET,true,6.159
2990,1152,GET,true,4.548
2991,2420,GET,true,4.757
2992,2340,GET,true,4.436
2993,2804,GET,true,4.626
2994,3020,GET,true,5.259
2995,1760,GET,true,4.431
2996,16384,GET,true,7.524
2997,3342336,GET,true,518.371
2998,393216,GET,true,75.026
2999,2344,GET,true,4.5
3000,6928,GET,true,5.698
3001,2832,GET,true,4.374
3002,1156,GET,true,3.688
3003,2604,GET,true,4.585
3004,2195456,GET,true,341.612
3005,7344,GET,true,6.325
3006,3936,GET,true,5.381
3007,12284,GET,true,6.479
3008,6728,GET,true,6.904
3009,147456,GET,true,30.223
3010,33767424,GET,true,5193.094
3011,3856,GET,true,6.591
3012,2056,GET,true,4.887
3013,4524,GET,true,5.302
3014,51478528,GET,true,7905.568
3015,54394880,GET,true,8338.208
3016,2628,GET,true,5.296
3017,52412416,GET,true,8050.517
3018,2097152,GET,true,327.364
3019,2310144,GET,true,358.906
3020,182452224,GET,true,27969.433
3021,72876032,GET,true,11184.991
3022,2628,GET,true,4.973
3023,2340,GET,true,4.422
3024,2628,GET,true,4.88
3025,86900736,GET,true,13319.941
3026,2632,GET,true,5.212
3027,1156,GET,true,3.908
3028,2195456,GET,true,341.656
3029,16187392,GET,true,2484.527
3030,655360,GET,true,122.308
3031,16187392,GET,true,2485.711
3032,2097152,GET,true,326.657
3033,2344,GET,true,4.663
3034,3020,GET,true,4.899
3035,1916928,PUT,false,888.816
3036,671744,PUT,false,316.244
3037,2628,GET,true,4.686
3038,114688,PUT,false,59.09
3039,2804,GET,true,5.357
3040,4960,GET,true,5.723
3041,2996,GET,true,4.846
3042,2899968,GET,true,450.702
3043,1064960,GET,true,192.172
3044,3784,GET,true,5.092
3045,2056,PUT,false,15.098
3046,4528,GET,true,5.766
3047,3220,GET,true,4.74
3048,3936,GET,true,5.311
3049,2195456,GET,true,340.784
3050,91504640,GET,true,14039.865
3051,1772,GET,true,4.824
3052,6920,GET,true,6.484
3053,2828,GET,true,4.614
3054,1536,GET,true,4.136
3055,737280,GET,true,138.987
3056,1532,GET,true,4.687
3057,54394880,GET,true,8354.002
3058,2464,GET,true,5.144
3059,3860,GET,true,5.36
3060,2628,GET,true,4.766
3061,9027584,GET,true,1387.869
3062,52412416,GET,true,8032.71
3063,78348288,GET,true,12021.582
3064,27688960,GET,true,4247.249
3065,2260,GET,true,5.143
3066,1900,GET,true,4.743
3067,1336,GET,true,3.827
3068,1336,GET,true,3.41
3069,2828,GET,true,4.707
3070,6728,GET,true,6.183
3071,9240,GET,true,6.096
3072,4931584,GET,true,761.514
3073,2628,GET,true,4.873
3074,6720,GET,true,6.724
3075,278528,GET,true,55.355
3076,5344,GET,true,6.113
3077,3680,GET,true,5.189
3078,16384,GET,true,7.737
3079,12156,GET,true,6.556
3080,78348288,GET,true,12006.114
3081,10368,GET,true,6.635
3082,10368,GET,true,5.621
3083,16384,GET,true,8.314
3084,16384,GET,true,6.538
3085,278528,GET,true,55.928
