66006.724,GET,26443776
1119.84,GET,2310144
37306.14,GET,40943616
585.89,GET,2195456
1131.974,GET,4931584
5366.572,GET,30720000
289.119,GET,114688
3728.967,GET,20365312
515.97,PUT,65536
2865.773,GET,16187392
2731.085,GET,15548416
1937.265,GET,10764288
2608.697,GET,14663680
4090.09,GET,23822336
105.431,GET,16384
555.59,GET,1900544
32759.737,GET,54394880
565.81,GET,851968
211.66,GET,671744
563.516,GET,2080768
743.423,GET,3342336
745.824,GET,3342336
370.982,GET,819200
547.245,GET,2097152
57.886,GET,32768
56.712,GET,65536
75045.087,GET,86900736
642.165,GET,2080768
577.929,GET,1900544
5418.093,GET,28606464
99849.847,GET,132939776
2282.271,GET,9338880
3448.08,GET,17743872
10006.531,GET,55967744
2668.48,GET,14663680
2018.586,GET,10764288
537.543,GET,1966080
10682.66,GET,62947328
2873.918,GET,16187392
565.566,GET,2195456
9168.39,GET,54394880
65.174,GET,32768
18410.765,GET,110198784
686.653,GET,3162112
2570.663,GET,14663680
700.021,GET,3342336
19688.224,PUT,33767424
550.012,GET,2310144
8716.906,GET,51478528
544.523,GET,2490368
85.454,GET,114688
9297.616,GET,55197696
55.234,GET,16384
119.015,GET,294912
54.068,GET,32768
617.434,GET,2949120
573.965,GET,2785280
649.85,PUT,2228224
9150.173,GET,54394880
67.386,GET,65536
49.762,GET,16384
3086.123,GET,17743872
93.822,GET,196608
452.714,GET,1916928
53.339,GET,16384
9138.228,GET,54394880
80.546,GET,147456
219.004,GET,671744
58.414,GET,65536
89.233,GET,196608
4508.158,GET,26443776
58.004,GET,32768
1323.602,GET,7028736
325.768,GET,1064960
1917.157,GET,10764288
80.085,GET,65536
2646.069,GET,15269888
1429.013,GET,7946240
52.859,GET,16384
505.134,GET,2195456
60.1,GET,65536
72.764,GET,16384
1450.964,PUT,5390336
51.435,GET,16384
42.225,GET,16384
497.6,GET,2097152
3036.088,PUT,671744
421391.2,GET,358039552
107.637,GET,16384
2185.191,GET,10764288
1116.795,GET,4964352
811.777,GET,3342336
562.105,GET,1916928
3576.583,GET,16187392
640.642,GET,2310144
15732.986,GET,88768512
244.219,GET,589824
53.007,GET,16384
51.573,GET,32768
30219.417,GET,182452224
58.531,GET,16384
2822.986,GET,16187392
2884.779,GET,9388032
1837.641,GET,10272768
1835.82,GET,10272768
950.424,GET,4833280
772.12,GET,3768320
58873.112,GET,357416960
2691.795,GET,15548416
685.526,GET,3342336
319.221,GET,1064960
3053.909,GET,17743872
2367.608,GET,13565952
262.476,GET,819200
208.822,GET,671744
4529.227,GET,26918912
1640.386,GET,9240576
511.956,GET,2310144
2509.018,PUT,9240576
127.402,GET,294912
49.403,GET,16384
243.141,GET,819200
444.558,GET,1900544
8778.215,GET,52412416
120671.556,PUT,170737664
548.377,GET,2080768
446.084,GET,1916928
32013.602,GET,170737664
463.021,GET,1966080
510.072,GET,2310144
8723.099,GET,52412416
113.792,GET,294912
194.039,GET,671744
3046.733,GET,17743872
684.49,GET,3342336
2545.854,GET,14663680
349.635,GET,1376256
34.867,GET,16384
77.569,GET,65536
9031.46,GET,54394880
52.522,GET,16384
3141.209,GET,16154624
9809.609,GET,54394880
2939.094,PUT,11059200
9456.005,GET,51478528
9060.216,GET,54394880
9050.328,GET,54394880
53.167,GET,16384
352.914,GET,1064960
183.035,GET,557056
8721.251,GET,52412416
3465.81,GET,20316160
5164.859,GET,30720000
2778.103,GET,16187392
1772.656,GET,9764864
809.779,GET,3342336
633.542,GET,2310144
1849.235,GET,9027584
59.837,GET,16384
113.053,GET,294912
667.928,GET,2490368
223.518,GET,720896
113.781,GET,294912
345.606,GET,1146880
444.73,GET,1900544
58.379,GET,65536
3056.599,GET,15548416
14439.898,GET,86900736
499.51,GET,2080768
6340.241,GET,33767424
245.032,GET,737280
116.4,GET,294912
8552.951,GET,51478528
17608.225,GET,107085824
5121.45,GET,30720000
49.757,GET,32768
1880.704,GET,10764288
55.312,GET,16384
8680.144,GET,52412416
18112.543,GET,110215168
9000.41,GET,54394880
433.498,GET,1916928
5127.944,GET,30720000
244.015,GET,819200
968.81,GET,5160960
730.142,GET,3817472
241.309,GET,819200
477.253,GET,2097152
24840.099,GET,151633920
453.889,GET,1982464
509.923,GET,2310144
672.905,GET,3342336
601.613,GET,2949120
8991.043,GET,54394880
104.961,GET,262144
517.676,GET,2490368
3610.395,GET,21528576
74193.331,GET,367247360
13679.982,GET,83017728
494.949,GET,2195456
69.573,GET,16384
51.14,GET,16384
45.723,GET,16384
255.177,GET,819200
1193.092,GET,6520832
52.681,GET,16384
8683.33,GET,52412416
669.792,GET,3342336
3356.384,GET,19791872
8992.517,GET,54394880
2739.459,GET,16187392
2749.993,GET,16187392
1059.713,GET,5816320
513.912,GET,2310144
1700.199,GET,9682944
502.732,GET,2310144
499.274,GET,2310144
454.482,GET,1966080
488.17,GET,2162688
1715.981,GET,9879552
205.865,GET,655360
1878.216,GET,10764288
438.185,GET,1900544
56.059,GET,65536
43.118,GET,16384
8512.954,GET,51478528
8512.132,GET,51478528
1186.699,GET,6504448
1671.572,GET,9420800
113.183,GET,294912
3034.472,GET,17743872
14568.294,GET,86065152
130.779,PUT,163840
1869.922,GET,10698752
58.226,GET,32768
3915.636,GET,23248896
476.711,GET,2080768
2657.191,GET,15548416
432.955,GET,1900544
506.785,GET,2310144
28958.237,GET,151633920
54.603,GET,16384
2567.911,GET,15024128
48.091,GET,16384
455.447,GET,1982464
514.898,GET,2490368
219.256,GET,671744
8534.222,GET,51478528
725.81,GET,3817472
8673.256,GET,52412416
56.887,GET,16384
113.959,GET,294912
56.308,GET,65536
51.278,GET,32768
78.975,GET,147456
54.732,GET,65536
4429.527,GET,26443776
352.603,GET,1507328
2051.261,GET,11862016
446.981,GET,1982464
410.278,GET,1818624
9231.309,GET,55967744
7837.716,GET,47415296
47.609,GET,16384
5102.363,GET,30539776
202.776,GET,655360
452.386,GET,1982464
4612.345,GET,27688960
201.19,GET,655360
5131.541,GET,30720000
473.753,GET,2080768
8525.071,GET,51478528
8987.137,GET,54394880
5453.774,GET,32653312
49.018,GET,16384
210.225,GET,704512
204.253,GET,704512
5441.53,GET,32653312
21826.145,GET,125108224
110.561,GET,278528
104.077,GET,278528
1842.517,GET,9764864
46.066,GET,16384
44656.522,GET,238272512
52.461,GET,32768
276.534,PUT,671744
508.375,GET,2097152
48.78,GET,16384
108.742,GET,278528
627.525,GET,2949120
520.506,GET,2310144
58.591,GET,65536
15744.353,GET,95682560
50.873,GET,16384
246.387,GET,819200
491.51,GET,2080768
436.108,GET,1916928
47.381,GET,16384
9105.155,GET,55197696
1034.569,GET,5652480
212.333,GET,671744
475.983,GET,2097152
8192.332,GET,49577984
2527.193,GET,14663680
669.101,GET,3342336
1565.824,GET,9027584
502.534,GET,2310144
24835.096,GET,151633920
3025.489,GET,17743872
827.562,GET,4259840
500.89,GET,2310144
1648.18,GET,9338880
1574.467,GET,9027584
77.812,GET,147456
31887.88,GET,194838528
500.296,GET,2310144
204.995,GET,655360
110.907,GET,294912
1567.306,GET,9027584
1879.014,GET,10764288
1874.388,GET,10764288
502.825,GET,2310144
2743.577,GET,16187392
1689.323,GET,9519104
8989.972,GET,54394880
77.95,GET,147456
29858.308,GET,182452224
8515.624,GET,51478528
12867.312,GET,78348288
45421.737,PUT,54394880
2776.052,GET,9568256
9041.32,GET,22675456
960.758,GET,2195456
4512.233,GET,14663680
369.941,GET,819200
632.127,GET,1179648
27656.463,GET,151633920
6790.171,GET,35553280
1460.071,GET,8159232
63.232,GET,65536
433.207,GET,1900544
50.541,GET,16384
3028.859,GET,17743872
674.905,GET,3342336
215.221,GET,671744
1874.322,GET,10764288
488.059,GET,2097152
5199.188,GET,30720000
10100.399,GET,54394880
113.974,GET,294912
3006.787,GET,16187392
593.05,GET,2310144
1791.806,GET,9388032
9069.937,GET,54394880
751.363,GET,3342336
46.912,GET,16384
204.132,GET,671744
589.751,GET,2310144
111.683,GET,294912
379.446,GET,1064960
752.131,GET,3342336
242.465,GET,819200
2710.762,GET,15548416
57.68,GET,32768
237.239,GET,819200
49.629,GET,32768
535.003,GET,2080768
46.227,GET,16384
194.844,GET,655360
1785.46,GET,9830400
502.429,GET,1916928
50.186,GET,32768
6916.044,GET,36601856
9048.654,GET,54394880
482.824,GET,1982464
2554.771,GET,14663680
50.587,GET,16384
9040.178,GET,54394880
56.111,GET,32768
21912.104,GET,132939776
1748.397,GET,9879552
3758.515,GET,22102016
14320.658,GET,86900736
1878.187,GET,10764288
2546.696,GET,14663680
9510.135,GET,43368448
211.36,GET,655360
8768.728,GET,52920320
49.727,GET,16384
478.281,GET,2080768
57.161,GET,16384
141.772,GET,294912
3263.369,GET,19169280
1780.604,GET,10190848
58.012,GET,65536
8550.59,GET,51478528
19376.617,GET,117899264
114.465,GET,294912
40.959,GET,16384
445.204,GET,1916928
199.67,GET,655360
606.217,GET,2949120
54.635,GET,49152
199.24,GET,671744
6930.756,GET,36782080
47.903,GET,16384
2538.634,GET,14663680
4452.292,GET,26443776
56.371,GET,65536
9011.053,GET,54394880
1662.059,GET,9338880
504.28,GET,2097152
492.949,GET,2162688
3032.857,GET,17743872
12955.9,GET,68943872
8691.007,GET,52412416
9018.057,GET,54394880
8701.038,GET,52412416
50.629,GET,16384
2211.474,GET,12664832
607.144,GET,2949120
478.882,GET,2080768
14143.371,PUT,54394880
210.615,GET,16384
2095.624,GET,9388032
966.759,GET,1867776
290.627,GET,32768
15441.115,GET,86900736
96.776,PUT,65536
324.894,GET,901120
35829.637,PUT,65699840
308.195,GET,147456
3178.166,GET,9338880
5362.689,GET,16187392
277.181,GET,65536
1192.913,GET,2310144
275.998,GET,65536
61441.67,GET,67305472
2676.01,GET,15548416
50.074,GET,32768
8548.715,GET,51478528
5141.274,GET,30720000
37.12,GET,16384
9021.119,GET,54394880
14090.774,PUT,54394880
3471.737,GET,9338880
266.953,GET,655360
2715.891,GET,16187392
1763.816,GET,9027584
2147.944,GET,10764288
620.324,GET,2310144
618.353,GET,2310144
837.884,GET,3522560
51.751,GET,16384
77.36,PUT,32768
4757.299,GET,28229632
378.512,GET,1490944
8566.127,GET,51478528
1400.907,GET,7946240
70.446,GET,16384
72.386,GET,65536
10902.399,GET,65880064
69.212,GET,16384
234.506,GET,704512
89.172,GET,147456
69.002,GET,16384
3310.907,GET,19578880
498.448,GET,2097152
1397.529,GET,7946240
132.268,GET,294912
1220.954,GET,6782976
21121.624,GET,128532480
68.021,GET,16384
9029.703,GET,54394880
74.098,GET,32768
60.15,GET,16384
213.592,GET,655360
57.029,GET,16384
481.599,GET,2080768
98.679,GET,147456
506.729,GET,2310144
67.115,GET,16384
58.702,GET,16384
63.393,GET,32768
506.808,GET,2228224
894.446,GET,4833280
74.386,GET,32768
3439.791,GET,20398080
131.894,GET,294912
1660.076,GET,9388032
492.878,GET,2195456
1945.65,PUT,7241728
388.546,GET,901120
1753.647,GET,4931584
73.984,GET,49152
61.418,GET,16384
59.343,GET,16384
1905.453,GET,11059200
328.993,PUT,671744
493.922,GET,2310144
2524.325,GET,14663680
80.16,GET,65536
308.078,GET,1064960
2731.1,GET,15548416
326.042,GET,1064960
494.436,GET,2310144
2033.841,GET,11747328
5148.204,GET,30720000
72.526,GET,32768
62.282,GET,16384
2745.277,GET,16187392
9016.489,GET,54394880
73.463,GET,32768
345.142,GET,1507328
484.275,GET,2113536
609.134,GET,2949120
65.211,GET,16384
674.532,GET,3342336
282.438,GET,884736
513.329,GET,2375680
259.449,GET,819200
272.873,GET,884736
69.477,GET,65536
7162.072,GET,43204608
257.402,GET,819200
222.902,GET,655360
9218.645,GET,55967744
7186.445,GET,43368448
444.471,GET,1982464
8675.077,GET,52412416
67.336,GET,32768
5139.799,GET,30720000
1573.225,GET,9027584
64.093,GET,16384
2742.827,GET,16187392
498.044,GET,2195456
128.959,GET,294912
65.551,GET,16384
3752.169,GET,22331392
493.898,GET,2310144
467.317,GET,2080768
14129.407,PUT,54394880
119.259,GET,32768
108.011,GET,49152
99.186,GET,16384
98.703,GET,16384
1076.469,GET,2195456
4878.631,GET,13910016
2058.745,GET,4931584
1120.411,GET,2097152
3170.756,GET,9338880
2704.346,GET,16187392
774.088,GET,3342336
81.412,GET,16384
151.531,GET,311296
461.824,GET,1507328
946.668,GET,4341760
442.931,GET,1507328
81.606,GET,16384
572.261,GET,2310144
536.647,GET,1900544
74.928,GET,16384
231.004,GET,655360
677.615,GET,2949120
8834.123,GET,53280768
1659.386,GET,9338880
21871.411,GET,132939776
34476.468,PUT,83017728
8543.163,GET,51478528
76.362,GET,16384
69.631,GET,49152
310.171,GET,1064960
3824.76,GET,22740992
1648.116,GET,9338880
869.972,GET,4734976
5126.744,GET,30720000
682.227,GET,3440640
766.319,GET,3981312
72.004,GET,16384
259.853,GET,819200
75.297,GET,65536
305.806,GET,1064960
3355.519,GET,19791872
73.777,GET,65536
1055.386,GET,5865472
1871.141,GET,10764288
426.634,GET,1900544
6325.8,GET,37994496
149.109,GET,344064
424.447,GET,1900544
25249.6,GET,135217152
44371.9,GET,238272512
923.789,GET,4964352
247.048,GET,737280
60.685,GET,16384
17677.637,GET,107757568
77.843,GET,16384
8706.897,GET,52412416
78.894,GET,65536
406.934,GET,1818624
4436.297,GET,26443776
73.2,GET,32768
4657.47,GET,27918336
68.115,GET,16384
260.189,GET,819200
76.278,GET,65536
3300.469,GET,19578880
64.076,GET,16384
24871.546,GET,151633920
266.716,GET,819200
14505.907,GET,87965696
449.018,GET,1982464
150.69,GET,327680
56.647,GET,16384
3850.803,GET,22904832
677.214,GET,3522560
528.262,GET,2490368
93.996,GET,147456
428.107,GET,1916928
9011.434,GET,54394880
435.871,GET,1916928
4442.499,GET,26443776
9035.681,GET,54394880
1794.146,GET,10240000
14331.368,GET,86900736
2649.667,GET,15548416
1869.594,GET,10764288
481.783,GET,2080768
487.822,GET,2195456
14287.669,GET,86900736
98.397,GET,147456
492.811,GET,2310144
8526.679,GET,51478528
444.294,GET,1900544
2746.213,GET,16187392
62.649,GET,16384
9015.334,GET,54394880
9016.709,GET,54394880
6248.926,PUT,23822336
10849.864,GET,65699840
8707.563,GET,52477952
78.294,GET,32768
260.404,GET,819200
209.939,GET,655360
3740.029,GET,22102016
1685.182,GET,9519104
3366.049,GET,19791872
36853.443,GET,225198080
458.977,GET,1982464
1685.666,GET,9617408
307.563,GET,1064960
1573.217,GET,9027584
227.428,GET,671744
66.413,GET,16384
608.508,GET,2949120
14079.682,PUT,54394880
686.059,GET,3457024
261.229,GET,819200
2652.39,GET,15548416
14328.905,GET,86900736
1866.02,GET,10764288
224.447,GET,671744
57.346,GET,16384
897.032,PUT,3162112
5122.511,GET,30720000
70.372,GET,16384
61.634,GET,16384
130.824,GET,294912
472.862,GET,2097152
132.506,GET,294912
2744.551,GET,16187392
12883.099,GET,78348288
5145.946,GET,30720000
9003.915,GET,54394880
925.934,GET,4931584
498.158,GET,2310144
78.058,GET,65536
21789.611,GET,132939776
1870.678,GET,10780672
647.32,PUT,2244608
136.706,GET,294912
478.64,GET,2080768
76.391,GET,16384
466.032,GET,2080768
14300.781,GET,86900736
8994.642,GET,54394880
511.751,GET,2490368
219.4,GET,655360
428.583,GET,1916928
4431.478,GET,26443776
1700.938,GET,9633792
608.773,GET,2949120
7203.208,GET,43499520
500.621,GET,2310144
68.676,GET,16384
11294.411,PUT,43499520
65.972,GET,16384
497.647,GET,2310144
50044.648,PUT,110198784
9542.484,GET,51478528
9051.96,GET,52412416
5343.586,PUT,1867776
403.309,GET,1146880
348.959,PUT,1048576
2538.189,GET,14385152
18187.637,GET,110198784
75.85,GET,16384
57.455,GET,16384
501.329,GET,1982464
68.628,GET,16384
2674.132,GET,15368192
4838.624,GET,28606464
103.945,GET,147456
71.31,GET,16384
4040.572,GET,23822336
551.642,GET,2310144
719.711,GET,3342336
136.681,GET,294912
473.031,GET,1916928
132.839,GET,294912
462.418,GET,1867776
3471.096,GET,20365312
523.25,GET,2195456
4040.635,PUT,15368192
3346.211,GET,19578880
23002.637,GET,140279808
898.913,GET,4833280
67.246,GET,16384
17720.365,GET,107757568
430.087,GET,1900544
131.28,GET,278528
57.48,GET,16384
75.083,GET,65536
2741.088,GET,16187392
2741.812,GET,16187392
500.115,GET,2244608
4010.227,GET,23822336
78.167,GET,65536
62.037,GET,32768
267.47,PUT,671744
271.494,GET,819200
263.927,PUT,671744
74.503,GET,32768
5119.583,GET,30720000
74.624,GET,16384
601.605,GET,2949120
14313.075,GET,86900736
472.702,GET,2080768
113.177,GET,147456
276.148,GET,819200
70.262,GET,16384
426.201,GET,1900544
485.202,GET,2195456
1588.189,GET,9027584
77.975,GET,16384
8526.996,GET,51478528
672.032,GET,3342336
99.389,GET,147456
13685.677,GET,83247104
8540.266,GET,51478528
76.85,GET,65536
5130.599,GET,30720000
68.964,GET,32768
310.486,GET,1064960
440.187,GET,1900544
124.962,GET,294912
964.812,GET,5160960
2901.835,GET,17121280
47302.609,PUT,132939776
9042.221,GET,54394880
4435.719,GET,26443776
2662.668,GET,15548416
74.814,GET,16384
456.724,GET,1966080
4422.21,GET,26443776
68.538,GET,16384
268.545,GET,819200
452.386,GET,1982464
3706.48,GET,21954560
8515.638,GET,51478528
363.255,GET,1507328
1602.724,GET,9175040
477.755,GET,2097152
677.925,GET,3522560
98.323,GET,147456
2744.24,GET,16187392
2355.453,GET,13598720
14313.609,GET,86900736
264.436,GET,819200
492.937,GET,2310144
227.324,GET,671744
31937.739,GET,170737664
108.362,GET,16384
838.362,GET,2080768
163.288,GET,294912
13125.267,GET,38174720
3206.13,GET,9338880
15445.203,GET,52412416
833.168,GET,2195456
22546.01,GET,86900736
764.824,GET,2244608
44860.866,GET,236584960
9521.083,GET,51478528
14639.184,GET,86900736
6937.139,GET,36601856
2566.709,GET,14663680
84.006,GET,49152
4489.644,GET,26443776
17436.82,GET,89079808
95.021,GET,16384
97.302,GET,65536
627.089,GET,1982464
99.878,GET,16384
946.137,GET,3522560
896.456,GET,3244032
94.289,GET,16384
706.074,GET,2310144
2330.433,GET,9338880
720.357,GET,3325952
232.574,GET,671744
1897.994,GET,10764288
14317.439,GET,86900736
70.084,GET,16384
17672.151,GET,107757568
250.693,GET,737280
2527.01,GET,14663680
58380.004,GET,357482496
407.508,GET,1048576
2831.96,GET,16580608
19317.949,GET,117899264
7278.79,PUT,28557312
577.784,GET,2490368
3029.59,GET,17743872
454.732,GET,1916928
1649.236,GET,9338880
144.075,GET,278528
63.414,GET,16384
135.65,GET,294912
2173.546,GET,12517376
21900.22,PUT,87965696
149.072,GET,16384
943.111,GET,1982464
109.455,GET,16384
1361.81,GET,3522560
96.555,GET,16384
3763.503,GET,10698752
170.977,GET,278528
941.438,GET,2097152
2967.121,GET,8142848
20367.86,GET,121733120
568.713,GET,1982464
835.095,GET,3522560
613.506,GET,2195456
1990.385,GET,9879552
14487.198,GET,86900736
463.257,GET,1622016
7295.438,GET,43499520
750.834,GET,3342336
14308.133,GET,86900736
72.637,GET,16384
3792.734,GET,21872640
184.53,GET,344064
819.031,GET,2310144
105.105,GET,65536
747.91,GET,2310144
9417.586,GET,55967744
75.726,GET,32768
63.07,GET,16384
3755.307,GET,16580608
659.998,GET,1982464
324.456,GET,819200
9040.004,GET,54394880
266.801,GET,819200
72.048,GET,16384
9019.442,GET,54394880
1965.909,GET,11059200
727.579,GET,3342336
285.615,PUT,671744
472.139,GET,1966080
266.639,GET,819200
79.826,PUT,16384
515.006,GET,2228224
520.038,GET,2244608
2668.383,GET,15548416
9009.537,GET,54394880
69.088,GET,16384
708.571,GET,3342336
1860.277,GET,9027584
75.098,GET,16384
637.33,GET,2310144
71.49,GET,16384
585.533,GET,2080768
7671.322,GET,42483712
2680.96,GET,15548416
8993.052,GET,54394880
71.907,GET,16384
1569.242,GET,9027584
233.599,GET,655360
518.297,GET,2195456
2060.733,GET,11976704
102.139,GET,147456
1508.309,GET,8388608
8977.286,GET,54394880
8967.893,GET,54394880
1630.875,GET,9240576
65.951,GET,16384
410.075,GET,1818624
272.164,GET,851968
427.273,GET,1900544
95.513,GET,147456
3010.595,GET,17743872
14269.058,GET,86900736
263.598,GET,819200
537.384,GET,1982464
8678.38,GET,52412416
498.015,GET,2310144
504.5,GET,2310144
345.149,GET,1343488
342.381,GET,1376256
8497.578,GET,51478528
135.526,GET,294912
1651.975,GET,9338880
2521.92,GET,14663680
65.089,GET,16384
76.115,GET,65536
8665.018,GET,52412416
5586.237,PUT,22102016
1149.311,GET,6062080
3005.199,GET,15548416
287.425,GET,819200
256.745,GET,819200
182.05,GET,458752
16178.958,PUT,54394880
8455.31,GET,51478528
76.686,GET,16384
371.736,PUT,1048576
87.982,GET,65536
76.194,GET,65536
14298.461,GET,86900736
484.613,GET,2080768
144.62,GET,294912
100.958,GET,147456
5108.124,GET,30720000
8496.38,GET,51478528
508.512,GET,2310144
14270.418,GET,86900736
83.715,GET,65536
323.291,GET,1048576
69.898,GET,32768
432.245,GET,1916928
14257.035,GET,86900736
4608.927,GET,27688960
245.316,PUT,671744
78.048,GET,32768
13850.46,GET,84459520
6808.554,GET,40943616
4420.584,GET,26443776
8507.265,GET,51478528
55865.264,GET,342114304
247.883,GET,704512
368.67,PUT,1048576
256.71,GET,737280
1800.269,GET,10272768
1789.453,GET,10272768
134.956,GET,278528
66.728,GET,16384
1785.884,GET,10272768
230.606,GET,671744
253.935,GET,819200
234.324,GET,704512
928.736,GET,4964352
116.062,GET,163840
69.85,GET,16384
5446.596,GET,32653312
5453.577,GET,32653312
8187.73,GET,49577984
5437.998,GET,32653312
199509.511,GET,448905216
492.047,PUT,1048576
10881.306,GET,65699840
44674.98,GET,238272512
95.248,GET,49152
15545.839,GET,94404608
4617.468,GET,27688960
301.902,GET,1064960
259.909,GET,720896
911.219,GET,4964352
88.807,GET,16384
1793.764,GET,10272768
1784.201,GET,10272768
77.448,GET,16384
1122.897,GET,6160384
76.563,GET,16384
230.669,GET,671744
76.537,GET,49152
658.906,GET,3342336
2522.268,GET,14663680
2748.164,GET,16187392
512.349,GET,2490368
964.687,GET,5144576
484.026,GET,2097152
431.186,GET,1916928
441.392,GET,1982464
424.611,GET,1916928
8980.836,GET,54394880
5144.736,GET,30720000
256.531,GET,671744
517.031,GET,2490368
9072.938,GET,54394880
1003.887,GET,5160960
1916.677,GET,10764288
9211.546,GET,26443776
296.26,GET,655360
3719.746,GET,22052864
4412.877,GET,26443776
102.14,GET,114688
3011.014,GET,17743872
91.258,GET,16384
1082.815,GET,5996544
7053.653,GET,42680320
5097.353,GET,30720000
413.926,PUT,1048576
50728.13,GET,238272512
15664.34,GET,86900736
104.482,GET,32768
779.454,GET,3342336
1791.204,GET,9388032
821.558,GET,3522560
10937.954,GET,65699840
10961.942,GET,65880064
256.092,GET,704512
73534.603,GET,447889408
340.245,GET,1064960
513.801,GET,2310144
305.236,GET,851968
83.861,GET,65536
65.678,GET,16384
78.973,GET,32768
662.882,GET,3162112
332.797,GET,1064960
72.672,GET,16384
71.339,GET,65536
517.261,GET,2310144
73.709,GET,16384
60044.379,GET,357416960
4475.318,GET,26443776
14346.958,GET,86900736
293.518,GET,671744
439.132,GET,1900544
9023.698,GET,54394880
14615.381,GET,88801280
533.459,GET,2310144
359.785,GET,1441792
45269.374,GET,238272512
58378.415,GET,357482496
1422.449,GET,7684096
9855.06,GET,52412416
3819.735,GET,11059200
342.083,GET,819200
7172.489,GET,20840448
189.784,GET,327680
171.087,GET,294912
101.849,GET,163840
2386.382,GET,13598720
4787.279,GET,28442624
1899.332,GET,10764288
647.835,GET,2490368
2655.93,PUT,9519104
160.263,GET,344064
4234.308,GET,25116672
522.457,GET,2310144
454.614,GET,1900544
6937.93,GET,41828352
8517.52,GET,51478528
2617.615,GET,13598720
2562.998,GET,13123584
447.399,GET,1916928
3041.198,GET,17743872
231.195,GET,671744
76.239,GET,32768
512.762,GET,2375680
88.575,GET,65536
621.676,GET,2310144
93.151,GET,16384
464.521,GET,1376256
2900.703,PUT,11059200
508.924,GET,2310144
478.316,GET,2080768
8984.23,GET,54394880
1889.867,GET,10469376
112.184,GET,65536
3441.164,GET,19791872
5048.877,GET,17924096
110.124,GET,16384
15709.297,GET,83017728
5707.427,GET,30720000
9279.5,GET,52412416
272.388,GET,851968
2058.329,GET,11059200
2856.83,GET,16187392
75.193,GET,32768
8719.263,GET,52412416
74.943,GET,32768
19811.491,GET,54394880
9831.754,GET,55967744
193.691,GET,163840
100.316,GET,16384
9530.324,GET,54394880
3060.058,GET,16187392
1718.753,GET,8568832
789.924,GET,3342336
446.912,GET,1900544
101.062,GET,16384
14575.341,GET,86900736
495.634,GET,2162688
1945.898,GET,10764288
5634.281,GET,14663680
695.806,GET,1146880
9690.607,GET,26443776
1813.587,GET,9027584
444.596,GET,1916928
122.984,GET,147456
14398.571,GET,86900736
678.055,GET,3342336
81.63,GET,16384
6388.112,GET,33898496
1820.565,GET,5062656
3461.452,GET,9879552
570.286,GET,2310144
3314.173,GET,9338880
3180.824,GET,9338880
871.506,GET,2097152
4389.325,GET,14663680
88.539,GET,32768
74.898,GET,16384
679.624,GET,3342336
81.017,GET,16384
4431.261,GET,26443776
83.143,GET,16384
753.203,GET,3342336
2772.037,GET,16187392
479.232,GET,2097152
71.984,GET,16384
5153.235,GET,30720000
2546.094,GET,14663680
1579.967,GET,9027584
664.5,GET,3342336
153.376,GET,294912
142.435,GET,294912
14377.761,GET,86900736
96.82,GET,65536
664.653,GET,3342336
679.302,GET,3457024
4450.885,GET,26443776
5125.031,GET,30720000
9026.489,GET,54394880
472.972,GET,2097152
9011.549,GET,54394880
76.281,GET,16384
110.204,GET,131072
2739.831,GET,16187392
77.645,GET,16384
291.965,GET,819200
1667.654,GET,9371648
9567.897,GET,57720832
12458.001,PUT,49577984
3564.22,GET,20365312
186.523,PUT,196608
2481.891,GET,14417920
323.319,GET,1277952
3035.013,GET,17743872
1664.009,GET,9338880
5142.514,GET,30720000
428.682,GET,1900544
1574.486,GET,9027584
4450.254,GET,26443776
265.837,GET,671744
2743.747,GET,16187392
93.307,GET,16384
8560.336,GET,51478528
482.447,GET,2195456
73.049,GET,16384
238.592,GET,671744
8713.143,GET,52412416
1002.134,GET,5390336
75.22,GET,16384
248.353,GET,671744
275.724,GET,819200
75.441,GET,32768
70.435,GET,16384
511.896,GET,2490368
1927.886,GET,11157504
1677.259,GET,9338880
8908.076,GET,53903360
4435.788,GET,26443776
79.849,GET,16384
8531.133,GET,51478528
474.845,GET,2097152
4975.571,GET,29868032
10294.173,GET,54394880
2671.347,GET,15548416
428.126,GET,1900544
5119.93,GET,30720000
687.377,GET,3522560
313.532,GET,1064960
91.757,GET,32768
597.881,GET,2949120
487.87,GET,2244608
14329.559,GET,86900736
71.379,PUT,16384
484.842,GET,2195456
5129.728,GET,30720000
248.827,GET,671744
152.173,GET,196608
89.378,GET,65536
77.814,GET,16384
2653.826,GET,15548416
507.117,GET,2490368
261.363,GET,655360
503.303,GET,2310144
323.714,GET,1277952
467.022,GET,2080768
79.047,GET,16384
1712.38,GET,9879552
90.155,GET,49152
77.174,GET,16384
669.703,GET,3342336
168.538,GET,393216
483.202,GET,2195456
104.649,GET,147456
6335.884,GET,33767424
8542.811,GET,51478528
9010.71,GET,54394880
8689.052,GET,52412416
474.691,GET,2097152
497.693,GET,2310144
29969.317,GET,182452224
11994.926,GET,72876032
14364.491,GET,86900736
494.808,GET,2195456
2734.245,GET,16187392
241.511,GET,655360
2736.415,GET,16187392
485.069,GET,2097152
936.791,PUT,1916928
391.474,PUT,671744
140.631,PUT,114688
739.077,GET,2899968
417.838,GET,1064960
594.672,GET,2195456
15355.842,GET,91504640
258.644,GET,737280
9024.193,GET,54394880
1655.307,GET,9027584
8706.394,GET,52412416
12885.898,GET,78348288
4648.908,GET,27688960
943.656,GET,4931584
143.52,GET,278528
67.116,GET,16384
12890.025,GET,78348288
76.552,GET,16384
65.028,GET,16384
128.8,GET,278528
