0,26443776,GET,false,4058.606
1,2144,GET,true,14.069
2,2310144,GET,false,359.06
3,1980,GET,true,12.992
4,1152,GET,true,12.31
5,2404,GET,false,11.358
6,2628,GET,false,6.996
7,1336,GET,true,12.417
8,1772,GET,true,12.199
9,14708,GET,true,15.082
10,40943616,GET,false,6278.534
11,2195456,GET,true,451.311
12,2404,GET,false,9.487
13,4931584,GET,false,764.51
14,2420,GET,false,10.285
15,30720000,GET,false,4712.363
16,2212,GET,false,9.739
17,1584,GET,true,13.05
18,114688,GET,true,32.87
19,20365312,GET,false,3126.372
20,65536,PUT,false,697.474
21,16187392,GET,true,12959.43
22,4016,GET,false,13.989
23,15548416,GET,false,2388.908
24,10764288,GET,false,1654.829
25,14663680,GET,false,2253.941
26,23822336,GET,false,3654.551
27,1116,GET,true,16.353
28,2628,GET,false,9.939
29,1152,GET,false,8.93
30,10088,GET,false,8.812
31,16384,GET,false,10.127
32,1980,GET,true,15.269
33,1900544,GET,false,296.718
34,2628,GET,true,12.483
35,2996,GET,false,8.718
36,54394880,GET,false,8353.25
37,3000,GET,false,13.065
38,2628,GET,true,13.49
39,3784,GET,true,11.641
40,851968,GET,false,136.895
41,671744,GET,true,153.608
42,7476,GET,true,15.077
43,2628,GET,false,9.596
44,2080768,GET,false,324.476
45,3342336,GET,true,607.862
46,3784,GET,true,11.972
47,3342336,GET,true,708.804
48,1720,PUT,false,51.151
49,1332,GET,false,11.793
50,819200,GET,false,130.418
51,2628,GET,false,8.449
52,12284,GET,false,10.623
53,7596,GET,true,15.633
54,3376,GET,true,13.824
55,9544,GET,false,10.89
56,1336,GET,true,10.686
57,7852,GET,false,9.307
58,2097152,GET,true,946.353
59,32768,GET,true,19.601
60,1372,GET,false,8.522
61,65536,GET,false,14.635
62,3020,GET,true,14.03
63,86900736,GET,true,29237.123
64,2340,GET,false,24.507
65,12284,GET,true,30.344
66,2080768,GET,false,326.401
67,2340,GET,true,17.684
68,10088,GET,false,12.577
69,1900544,GET,true,383.123
70,2628,GET,false,14.912
71,2844,GET,true,16.785
72,28606464,GET,false,4391.535
73,132939776,GET,false,20370.835
74,9338880,GET,false,1439.939
75,2144,GET,false,12.793
76,1576,GET,true,19.835
77,17743872,GET,false,2749.364
78,55967744,GET,false,8579.354
79,14663680,GET,false,2255.016
80,10764288,GET,false,1669.347
81,1788,GET,false,12.527
82,1966080,GET,true,375.351
83,1788,PUT,false,66.37
84,62947328,GET,false,9651.267
85,4524,GET,false,10.574
86,1980,GET,false,10.966
87,1332,GET,false,10.395
88,3680,GET,false,8.945
89,1128,GET,false,9.861
90,2340,GET,false,7.459
91,1336,GET,true,14.753
92,10404,GET,true,15.271
93,16187392,GET,false,2498.351
94,2195456,GET,true,26380.215
95,1788,GET,false,10.709
96,1128,GET,false,7.998
97,54394880,GET,false,8352.584
98,32768,GET,false,13.805
99,3020,GET,false,11.75
100,2844,GET,false,9.861
101,3784,GET,true,13.196
102,4960,GET,true,13.83
103,6728,GET,true,14.213
104,110198784,GET,false,16886.875
105,3162112,GET,false,490.545
106,12284,GET,false,10.217
107,14663680,GET,false,2254.646
108,3342336,GET,false,519.068
109,33767424,PUT,false,11085.198
110,2628,GET,true,19.746
111,2310144,GET,true,585.826
112,6920,GET,true,16.522
113,51478528,GET,true,10265.779
114,2628,GET,false,11.283
115,1156,GET,true,15.902
116,2628,GET,false,10.203
117,1988,GET,true,13.723
118,2112,GET,true,14.678
119,2490368,GET,false,391.021
120,114688,GET,true,32.529
121,55197696,GET,false,8473.196
122,16384,GET,true,17.664
123,294912,GET,false,51.429
124,3000,GET,false,10.038
125,2820,GET,false,9.944
126,32768,GET,true,18.113
127,2628,GET,true,13.745
128,2949120,GET,true,598.927
129,7476,GET,false,11.973
130,2785280,GET,false,432.457
131,2060,GET,false,11.854
132,2628,GET,true,15.43
133,2628,GET,true,14.081
134,3024,GET,true,13.242
135,1332,GET,false,7.063
136,2628,GET,true,13.258
137,1772,GET,true,12.434
138,2228224,PUT,false,1531.263
139,3784,GET,false,10.504
140,2628,GET,false,9.866
141,54394880,GET,true,20557.018
142,2628,GET,true,19.86
143,12656,PUT,false,60.668
144,1152,GET,false,10.864
145,2628,GET,true,14.639
146,65536,GET,true,25.351
147,4448,GET,false,10.33
148,1332,GET,false,9.998
149,1900,GET,true,12.028
150,16384,GET,true,15.991
151,17743872,GET,false,2724.552
152,8004,GET,true,15.309
153,2628,GET,false,9.791
154,2144,GET,true,13.604
155,3256,GET,true,13.162
156,6908,GET,false,9.895
157,5236,GET,true,13.676
158,196608,GET,true,79.918
159,2628,GET,true,39.982
160,1916928,GET,true,382.087
161,16384,GET,true,18.118
162,54394880,GET,true,9962.98
163,1772,GET,true,16.11
164,8004,GET,true,16.187
165,2628,GET,false,9.526
166,1584,GET,true,12.872
167,2604,GET,false,10.222
168,9576,GET,true,15.609
169,1772,GET,true,12.419
170,2344,GET,true,13.163
171,2420,GET,false,9.864
172,147456,GET,true,43.214
173,671744,GET,false,108.845
174,65536,GET,true,25.502
175,196608,GET,true,76.645
176,2628,GET,true,34.508
177,3376,GET,false,10.661
178,2344,GET,true,16.863
179,2628,GET,false,12.703
180,2424,GET,false,9.341
181,26443776,GET,true,5052.383
182,32768,GET,false,13.573
183,3416,GET,true,16.195
184,7028736,GET,true,1210.382
185,5184,GET,true,15.975
186,1064960,GET,false,168.794
187,9576,GET,true,15.83
188,1980,GET,true,11.619
189,10764288,GET,true,1889.805
190,2828,GET,true,16.183
191,65536,GET,false,16.555
192,5184,GET,false,10.809
193,2344,GET,true,12.903
194,1964,GET,true,11.772
195,7476,GET,false,10.071
196,15269888,GET,true,2613.634
197,1028,GET,false,10.191
198,1720,PUT,false,32.266
199,7946240,GET,false,1222.779
200,2212,GET,true,16.318
201,2628,GET,false,9.998
202,16384,GET,true,15.476
203,2628,GET,true,12.762
204,2628,GET,true,14.299
205,1116,GET,false,9.853
206,6992,GET,false,10.588
207,2628,GET,true,13.976
208,2420,GET,true,13.066
209,2195456,GET,true,26349.904
210,65536,GET,false,16.632
211,1236,GET,true,13.631
212,16384,GET,true,16.983
213,5390336,PUT,false,13109.489
214,1988,GET,false,12.537
215,2628,GET,false,10.792
216,16384,GET,true,26.82
217,10368,GET,false,11.282
218,16384,GET,true,12.879
219,2097152,GET,false,326.952
220,671744,PUT,false,221.917
221,358039552,GET,true,71011.789
222,2628,GET,false,24.566
223,16384,GET,true,45.233
224,1156,GET,false,13.33
225,10764288,GET,true,1808.857
226,12284,GET,false,15.339
227,2012,GET,false,12.994
228,12284,GET,true,23.076
229,1040,GET,false,14.135
230,4964352,GET,false,767.346
231,1720,PUT,false,70.08
232,3024,GET,false,14.475
233,1116,GET,false,12.188
234,3342336,GET,true,629.368
235,10320,PUT,false,37.178
236,1916928,GET,false,299.908
237,16187392,GET,false,2487.349
238,2310144,GET,false,361.514
239,12156,GET,false,14.309
240,88768512,GET,true,18411.128
241,12156,GET,true,35.9
242,6720,PUT,false,75.274
243,12284,GET,true,21.551
244,4392,GET,false,14.777
245,589824,GET,true,183.719
246,16384,GET,false,16.612
247,32768,GET,true,22.98
248,1720,GET,true,16.388
249,182452224,GET,false,27950.879
250,16384,GET,true,21.617
251,16187392,GET,false,2488.18
252,2628,GET,false,11.127
253,2632,GET,true,15.97
254,12284,GET,false,12.97
255,11500,GET,true,18.469
256,9388032,GET,false,1454.133
257,10272768,GET,false,1582.512
258,10272768,GET,false,1583.26
259,2628,GET,true,17.199
260,2420,GET,false,10.308
261,2420,GET,false,10.328
262,6000,GET,false,11.907
263,4833280,GET,false,746.388
264,3768320,GET,false,582.882
265,1040,GET,false,11.686
266,4088,GET,false,10.795
267,6728,PUT,false,48.042
268,2804,GET,true,15.956
269,357416960,GET,true,73332.635
270,2420,GET,false,23.393
271,1780,PUT,false,88.67
272,12156,GET,true,28.134
273,2340,GET,true,15.83
274,1152,GET,true,16.694
275,2628,GET,false,13.994
276,1576,GET,true,15.776
277,2260,GET,true,16.219
278,15548416,GET,true,3055.04
279,3342336,GET,true,26403.573
280,1064960,GET,false,170.422
281,2996,GET,true,19.099
282,3652,PUT,false,48.071
283,17743872,GET,true,15547.216
284,3784,GET,true,18.686
285,4572,GET,false,11.875
286,3000,GET,false,12.544
287,1568,GET,true,17.503
288,7456,GET,true,16.592
289,4592,GET,false,13.77
290,1372,GET,true,13.813
291,13565952,GET,true,10831.69
292,1900,GET,false,13.032
293,2260,GET,false,13.379
294,819200,GET,false,131.522
295,671744,GET,true,169.423
296,2404,GET,false,10.576
297,26918912,GET,true,5279.727
298,6376,PUT,false,81.682
299,9240576,GET,true,1952.994
300,2310144,GET,false,359.258
301,1332,GET,true,17.742
302,1116,GET,true,14.718
303,9240576,PUT,false,2951.28
304,294912,GET,true,84.346
305,16384,GET,true,18.783
306,819200,GET,true,225.014
307,1900544,GET,true,368.241
308,4092,GET,true,18.142
309,52412416,GET,false,8038.333
310,12156,GET,true,16.55
311,170737664,PUT,false,72238.751
312,2080768,GET,true,5265.397
313,9544,GET,true,26.442
314,3652,GET,false,14.605
315,1980,GET,false,13.021
316,1916928,GET,true,398.317
317,170737664,GET,true,65742.843
318,1966080,GET,true,427.79
319,2628,GET,false,13.703
320,12156,GET,true,26.818
321,2310144,GET,false,361.073
322,52412416,GET,true,11273.135
323,3784,GET,true,28.317
324,2628,GET,false,13.39
325,2604,GET,false,11.775
326,2828,GET,true,18.519
327,1128,GET,false,13.151
328,294912,GET,true,193.237
329,2628,GET,false,13.316
330,671744,GET,false,109.734
331,17743872,GET,true,14584.439
332,4960,GET,false,13.819
333,5560,GET,false,13.951
334,3784,GET,false,15.432
335,3342336,GET,false,518.647
336,2628,GET,true,17.372
337,12284,GET,false,14.074
338,1584,GET,true,16.611
339,2996,GET,false,12.959
340,6308,GET,true,17.052
341,14663680,GET,true,26827.026
342,1376256,GET,true,289.229
343,16384,GET,false,15.341
344,6708,GET,false,12.607
345,2628,GET,true,18.385
346,4960,GET,true,16.359
347,1584,GET,true,15.216
348,1352,GET,false,12.482
349,1364,GET,true,15.391
350,65536,GET,true,25.49
351,6916,GET,false,11.28
352,54394880,GET,false,8341.983
353,4960,GET,true,18.873
354,1152,GET,true,14.575
355,4960,GET,true,14.622
356,7476,GET,true,16.291
357,3000,GET,true,15.659
358,1336,GET,false,12.921
359,6788,GET,true,14.597
360,4960,GET,true,13.869
361,2628,GET,false,12.181
362,2832,GET,true,16.354
363,16384,GET,true,26.257
364,1372,GET,true,13.816
365,1332,GET,false,10.889
366,16154624,GET,true,26958.447
367,54394880,GET,false,8337.891
368,1772,GET,true,18.055
369,12156,GET,false,13.808
370,7344,PUT,false,36.702
371,3240,GET,true,15.577
372,2628,GET,true,13.958
373,11059200,PUT,false,3412.657
374,2404,GET,false,11.317
375,12156,GET,false,10.588
376,3228,GET,false,11.633
377,51478528,GET,false,7890.149
378,1332,GET,false,10.998
379,54394880,GET,true,11139.285
380,54394880,GET,false,8342.198
381,16384,GET,true,30.5
382,1064960,GET,false,169.461
383,557056,GET,true,138.624
384,52412416,GET,true,11095.691
385,20316160,GET,false,3123.473
386,12284,GET,true,27.135
387,30720000,GET,false,4712.616
388,4960,GET,true,20.369
389,2804,GET,false,12.318
390,2628,GET,false,13.666
391,2516,GET,true,15.512
392,2628,GET,true,18.448
393,1584,GET,false,12.723
394,16187392,GET,false,2487.378
395,9764864,GET,false,1503.175
396,1332,GET,true,16.367
397,2420,GET,false,13.347
398,9576,GET,true,18.533
399,3342336,GET,false,518.993
400,2310144,GET,true,470.562
401,12284,GET,true,20.205
402,9027584,GET,false,1408.942
403,2680,PUT,false,32.6
404,6912,GET,false,15.245
405,2060,GET,false,11.056
406,16384,GET,false,14.712
407,294912,GET,false,52.19
408,2490368,GET,true,561.495
409,720896,GET,true,864.149
410,12284,GET,false,16.195
411,2632,GET,false,12.397
412,1988,GET,true,18.608
413,1236,GET,false,14.129
414,2628,GET,false,13.618
415,294912,GET,false,50.086
416,1146880,GET,false,181.672
417,1116,GET,false,12.605
418,9576,GET,false,13.562
419,1332,GET,true,23.757
420,1900544,GET,true,11842.8
421,10320,GET,true,17.927
422,1128,GET,false,13.078
423,6932,GET,false,11.129
424,1772,GET,true,15.16
425,2828,GET,true,14.087
426,4960,GET,true,13.71
427,2344,GET,true,14.175
428,2628,GET,false,11.106
429,65536,GET,true,24.617
430,15548416,GET,true,2781.509
431,2260,GET,true,16.009
432,1584,GET,false,9.868
433,2056,PUT,false,29.205
434,2480,GET,true,15.19
435,9544,GET,false,10.947
436,86900736,GET,false,13316.223
437,6712,GET,false,13.288
438,9240,GET,true,15.96
439,1584,GET,false,9.4
440,2080768,GET,false,325.822
441,33767424,GET,true,5912.499
442,737280,GET,false,119.463
443,2112,GET,true,18.838
444,11500,GET,true,18.828
445,294912,GET,false,51.82
446,1584,GET,true,15.273
447,3376,GET,false,11.656
448,6716,GET,false,14.682
449,51478528,GET,false,7890.256
450,107085824,GET,true,21161.547
451,2420,GET,false,19.491
452,4448,GET,false,15.916
453,2628,GET,false,12.18
454,4524,GET,true,28.817
455,6968,GET,true,17.233
456,2056,PUT,false,33.559
457,1336,GET,false,13.815
458,3220,GET,false,13.365
459,30720000,GET,true,5466.62
460,1152,GET,true,19.191
461,3860,GET,false,14.345
462,1356,GET,false,13.092
463,1236,GET,true,17.634
464,12284,GET,true,16.918
465,2628,GET,true,14.473
466,3000,GET,false,12.915
467,2604,GET,true,16.71
468,2420,GET,false,11.865
469,2420,GET,false,11.67
470,2420,GET,true,15.875
471,3000,GET,true,15.559
472,4656,GET,true,17.343
473,2628,GET,true,12.783
474,32768,GET,false,16.686
475,3936,GET,false,13.954
476,12996,GET,true,17.638
477,2844,GET,false,13.934
478,10764288,GET,false,1671.7
479,16384,GET,true,19.89
480,1336,GET,false,12.883
481,1156,GET,false,14.218
482,6572,GET,false,12.286
483,2212,GET,false,13.39
484,3680,GET,true,16.677
485,52412416,GET,true,8985.935
486,3784,GET,true,57.804
487,110215168,GET,false,16887.793
488,54394880,GET,false,8337.609
489,1916928,GET,false,299.668
490,1900,GET,false,13.006
491,2112,GET,false,13.361
492,2628,GET,true,21.828
493,30720000,GET,false,4714.78
494,2628,GET,false,13.119
495,819200,GET,false,131.194
496,2628,GET,false,12.184
497,3860,GET,true,16.834
498,5160960,GET,false,797.274
499,3000,GET,false,12.927
500,3817472,GET,false,591.019
501,819200,GET,false,131.729
502,2097152,GET,true,445.484
503,3680,GET,false,12.357
504,1116,GET,false,10.054
505,2628,GET,false,8.081
506,2628,GET,false,12.693
507,151633920,GET,true,31990.03
508,2260,GET,true,16.874
509,2144,GET,false,9.685
510,3784,GET,false,10.029
511,1980,GET,false,10.649
512,2628,GET,false,9.739
513,2628,GET,true,13.868
514,2628,GET,true,12.703
515,2628,GET,false,11.247
516,1982464,GET,false,309.028
517,2310144,GET,false,359.954
518,3342336,GET,false,517.961
519,2949120,GET,false,457.107
520,54394880,GET,false,8337.749
521,2628,GET,true,14.798
522,262144,GET,true,85.112
523,2490368,GET,true,507.39
524,5560,GET,false,10.349
525,21528576,GET,false,3317.593
526,367247360,GET,true,73733.918
527,83017728,GET,false,12728.247
528,2628,GET,true,33.035
529,1372,GET,false,12.396
530,2195456,GET,true,944.473
531,16384,GET,true,21.568
532,16384,GET,true,15.1
533,16384,GET,false,13.799
534,2804,GET,false,12.208
535,819200,GET,true,11792.618
536,12284,GET,true,19.623
537,2420,GET,false,13.072
538,6520832,GET,true,12651.41
539,16384,GET,true,20.8
540,12284,GET,false,13.908
541,52412416,GET,true,10666.48
542,6728,GET,false,10.864
543,2628,GET,true,18.286
544,3020,GET,true,15.314
545,3342336,GET,false,517.664
546,19791872,GET,false,3039.022
547,54394880,GET,true,11301.19
548,2628,GET,true,27.574
549,16187392,GET,true,28495.502
550,2632,GET,false,14.789
551,2628,GET,false,19.774
552,16187392,GET,false,2487.011
553,5816320,GET,false,897.179
554,2604,GET,true,18.96
555,2310144,GET,true,8914.47
556,9682944,GET,false,1491.952
557,1372,GET,true,17.636
558,3000,GET,true,16.758
559,2628,GET,true,14.44
560,1568,GET,true,14.582
561,2310144,GET,false,359.945
562,2628,GET,false,11.987
563,2310144,GET,false,359.76
564,6784,GET,true,18.508
565,2628,GET,false,9.96
566,1966080,GET,false,306.977
567,6932,GET,false,14.087
568,2162688,GET,true,472.499
569,4524,GET,true,16.219
570,9879552,GET,true,1732.635
571,1128,GET,true,16.006
572,2604,GET,false,10.42
573,3020,GET,false,12.802
574,1368,GET,false,12.199
575,655360,GET,true,176.234
576,1116,GET,true,15.744
577,10764288,GET,true,1863.452
578,12284,GET,false,11.872
579,2112,GET,true,14.425
580,1332,GET,false,11.699
581,1900544,GET,false,297.497
582,65536,GET,false,16.585
583,2628,GET,true,11.496
584,5576,GET,false,10.431
585,16384,GET,false,10.876
586,3220,GET,false,8.338
587,6632,GET,true,13.951
588,51478528,GET,false,7889.938
589,12156,GET,false,11.973
590,1584,GET,true,13.39
591,51478528,GET,true,33624.423
592,2628,GET,false,23.666
593,6504448,GET,false,1007.593
594,9420800,GET,true,13376.394
595,2628,GET,true,22.436
596,294912,GET,true,11212.337
597,2804,GET,true,18.041
598,10408,GET,false,14.386
599,12284,GET,true,16.937
600,17743872,GET,false,2725.652
601,86065152,GET,false,13190.664
602,163840,PUT,false,145.403
603,3784,GET,true,21.883
604,10698752,GET,true,26760.421
605,32768,GET,true,25.045
606,23248896,GET,false,3568.145
607,3020,GET,true,17.069
608,3376,GET,true,15.53
609,2080768,GET,false,325.683
610,15548416,GET,true,2732.676
611,2628,GET,false,12.392
612,10368,GET,false,12.885
613,1900544,GET,true,375.317
614,2310144,GET,false,358.988
615,151633920,GET,false,23231.665
616,16384,GET,false,14.074
617,2628,GET,false,11.347
618,2628,GET,true,16.491
619,15024128,GET,true,2550.419
620,16384,GET,false,12.927
621,2828,GET,true,17.174
622,3948,PUT,false,33.789
623,8476,GET,false,10.553
624,5560,GET,true,14.562
625,3000,GET,false,12.425
626,1040,GET,true,13.726
627,6724,GET,true,13.989
628,1152,GET,false,9.018
629,1372,GET,true,13.514
630,1772,GET,true,14.291
631,1982464,GET,false,309.222
632,1364,GET,true,13.691
633,2628,GET,true,13.915
634,2490368,GET,false,387.744
635,2628,GET,true,13.911
636,2060,GET,true,15.243
637,671744,GET,false,109.666
638,1760,GET,false,9.298
639,2412,GET,false,10.274
640,51478528,GET,true,10204.216
641,3817472,GET,true,26593.894
642,2056,PUT,false,30.569
643,52412416,GET,true,21783.884
644,16384,GET,true,19.478
645,2628,GET,false,9.811
646,1368,GET,true,13.014
647,6720,GET,false,10.491
648,2112,GET,false,10.042
649,294912,GET,false,51.922
650,3000,GET,true,13.374
651,2340,GET,false,10.979
652,65536,GET,false,15.892
653,2804,GET,true,12.679
654,1336,GET,true,13.708
655,2420,GET,false,8.456
656,32768,GET,true,18.034
657,12156,GET,false,11.173
658,147456,GET,true,66.97
659,65536,GET,false,21.808
660,2632,GET,false,14.68
661,2628,GET,true,30.928
662,26443776,GET,true,16571.923
663,13304,GET,false,16.076
664,1507328,GET,true,26114.12
665,2840,GET,true,15.747
666,11862016,GET,true,26869.465
667,1982464,GET,false,309.804
668,12284,GET,false,11.042
669,9544,GET,false,11.875
670,2628,GET,true,15.61
671,1584,GET,true,13.234
672,7476,GET,false,9.672
673,12284,GET,false,12.476
674,4524,GET,false,9.949
675,1818624,GET,true,363.504
676,2628,GET,true,15.686
677,2628,GET,false,11.095
678,2832,GET,true,13.509
679,12284,GET,true,14.714
680,12284,GET,true,14.55
681,55967744,GET,false,8578.797
682,1368,GET,false,10.947
683,2420,GET,false,7.838
684,3784,GET,false,8.876
685,47415296,GET,true,9558.719
686,6904,GET,false,10.885
687,12284,GET,false,11.585
688,2628,GET,true,15.541
689,16384,GET,true,16.899
690,2804,GET,false,9.014
691,4960,GET,true,14.104
692,30539776,GET,false,4682.711
693,2144,GET,false,11.33
694,2628,GET,false,9.333
695,1576,PUT,false,28.483
696,2628,GET,false,10.651
697,2628,GET,true,13.336
698,655360,GET,false,105.879
699,1982464,GET,false,309.598
700,2144,GET,false,9.201
701,27688960,GET,true,5293.676
702,655360,GET,false,105.373
703,2628,GET,false,9.191
704,3592,GET,true,19.019
705,30720000,GET,true,5079.84
706,2080768,GET,false,325.085
707,2628,GET,false,11.872
708,51478528,GET,false,7891.779
709,54394880,GET,true,9731.403
710,7476,GET,false,16.921
711,3000,GET,false,13.115
712,2996,GET,false,12.224
713,2628,GET,true,26.316
714,32653312,GET,false,5009.164
715,16384,GET,true,20.659
716,704512,GET,false,114.161
717,2828,GET,false,12.418
718,2628,GET,true,17.194
719,2628,GET,true,15.939
720,704512,GET,false,113.37
721,32653312,GET,false,5010.13
722,2628,GET,true,18.14
723,2420,GET,true,17.214
724,125108224,GET,false,19178.571
725,9576,GET,false,15.281
726,1584,GET,true,15.519
727,1332,GET,false,11.858
728,3856,GET,false,11.955
729,278528,GET,true,87.643
730,2804,GET,true,16.381
731,1420,GET,false,9.595
732,3220,GET,false,13.252
733,278528,GET,true,80.579
734,2628,GET,true,18.322
735,1332,GET,true,19.291
736,9764864,GET,false,1504.403
737,12156,GET,false,12.485
738,16384,GET,true,15.91
739,238272512,GET,true,88671.472
740,3904,GET,true,41.746
741,32768,GET,false,16.022
742,2820,GET,true,22.586
743,671744,PUT,false,13116.083
744,1332,GET,true,21.256
745,2097152,GET,true,415.153
746,16384,GET,false,16.131
747,278528,GET,true,86.629
748,2832,GET,true,17.72
749,2056,GET,true,17.244
750,2420,GET,false,12.699
751,2949120,GET,true,567.272
752,2628,GET,false,13.459
753,12284,GET,false,12.63
754,2832,GET,false,10.566
755,2310144,GET,true,11678.271
756,65536,GET,true,27.354
757,2832,GET,false,13.001
758,2632,GET,false,12.244
759,4148,GET,true,17.891
760,95682560,GET,true,19054.664
761,2260,GET,true,17.642
762,16384,GET,true,18.168
763,819200,GET,true,187.59
764,6732,GET,true,16.772
765,1900,GET,false,10.459
766,2080768,GET,true,410.542
767,1772,GET,true,14.937
768,1916928,GET,true,402.653
769,12284,GET,false,12.746
770,16384,GET,false,11.072
771,55197696,GET,true,34980.147
772,2628,GET,false,22.412
773,2628,GET,true,33.175
774,1720,GET,true,18.417
775,4964,GET,false,13.648
776,5652480,GET,false,873.165
777,2628,GET,true,20.067
778,2628,GET,false,13.358
779,671744,GET,true,11654.915
780,12284,GET,false,15.374
781,2097152,GET,false,328.376
782,49577984,GET,true,10032.185
783,12156,GET,false,17.47
784,14663680,GET,true,2649.676
785,3342336,GET,false,518.594
786,9027584,GET,true,1872.904
787,2412,GET,true,20.458
788,2828,GET,false,13.602
789,2628,GET,false,13.886
790,2310144,GET,true,600.256
791,2832,GET,false,13.422
792,151633920,GET,false,23231.017
793,12156,GET,false,14.235
794,6732,GET,true,16.613
795,1764,GET,false,11.152
796,3784,GET,false,10.487
797,12284,GET,false,9.854
798,6968,GET,true,14.705
799,1336,GET,false,8.74
800,17743872,GET,true,3323.196
801,2628,GET,true,15.82
802,4259840,GET,true,26468.096
803,12284,GET,false,12.619
804,2310144,GET,false,360.199
805,4448,GET,true,15.289
806,9338880,GET,false,1450.894
807,9027584,GET,true,11780.067
808,147456,GET,false,28.631
809,2144,GET,true,15.003
810,3904,GET,false,9.433
811,194838528,GET,false,29846.229
812,14920,GET,true,20.189
813,1372,GET,false,8.556
814,2310144,GET,true,464.93
815,2260,GET,true,14.217
816,3932,GET,false,10.535
817,655360,GET,true,142.975
818,1116,GET,true,14.155
819,3680,GET,false,11.103
820,294912,GET,false,51.353
821,9027584,GET,true,1837.875
822,2628,GET,false,10.654
823,2628,GET,true,14.637
824,12156,GET,false,9.106
825,1372,GET,true,13.107
826,10764288,GET,true,2161.791
827,10764288,GET,false,1655.276
828,9576,GET,true,17.797
829,2310144,GET,true,462.313
830,16187392,GET,true,3189.669
831,3860,GET,false,12.145
832,3784,GET,false,11.815
833,9519104,GET,false,1471.369
834,9544,GET,true,46.651
835,2996,GET,false,9.485
836,54394880,GET,true,10243.533
837,4756,GET,true,16.03
838,2628,GET,true,15.992
839,1832,GET,false,10.733
840,12284,GET,false,10.263
841,147456,GET,false,27.941
842,182452224,GET,false,27968.358
843,51478528,GET,false,7893.041
844,78348288,GET,false,12006.865
845,1368,GET,true,16.184
846,12156,GET,true,15.998
847,2628,GET,false,10.54
848,54394880,PUT,false,17393.424
849,2056,GET,false,15.112
850,1156,GET,false,13.593
851,1900,GET,false,12.059
852,9568256,GET,false,1492.358
853,22675456,GET,true,4462.112
854,2628,GET,true,24.054
855,2628,GET,true,17.076
856,3784,GET,true,16.514
857,2195456,GET,false,343.25
858,14663680,GET,false,2257.68
859,4756,GET,false,11.873
860,819200,GET,true,216.746
861,4284,GET,true,19.353
862,1179648,GET,true,246.315
863,151633920,GET,false,23230.791
864,6716,GET,true,18.533
865,3020,GET,false,12.179
866,35553280,GET,false,5453.076
867,8159232,GET,false,1257.342
868,65536,GET,true,25.508
869,1332,GET,true,13.768
870,3936,GET,true,15.144
871,1900544,GET,false,296.832
872,2996,GET,true,13.553
873,2628,GET,false,10.883
874,1940,GET,true,23.015
875,16384,GET,true,16.854
876,2628,GET,false,9.434
877,1228,GET,false,10.506
878,3680,GET,true,14.251
879,4448,GET,false,11.018
880,2628,GET,true,13.545
881,17743872,GET,true,3447.591
882,1772,GET,true,16.315
883,3342336,GET,false,518.172
884,671744,GET,false,108.639
885,2628,GET,true,14.153
886,10764288,GET,false,1654.82
887,2420,GET,true,14.932
888,2404,GET,true,13.323
889,2220,GET,false,9.744
890,2628,GET,true,14.775
891,1368,GET,false,10.371
892,2097152,GET,true,478.5
893,3936,GET,false,11.405
894,30720000,GET,true,5753.129
895,2628,GET,false,11.747
896,54394880,GET,true,10246.896
897,294912,GET,true,543.118
898,4608,GET,false,14.655
899,5608,GET,false,14.389
900,3652,GET,false,14.373
901,16187392,GET,false,2499.23
902,2310144,GET,true,9616.635
903,1772,GET,false,14.114
904,9388032,GET,true,1695.37
905,54394880,GET,true,9991.256
906,3342336,GET,false,522.247
907,1372,GET,false,14.495
908,12284,GET,true,29.962
909,2804,GET,true,17.26
910,2344,GET,false,11.566
911,2996,GET,false,11.767
912,1576,GET,false,12.105
913,16384,GET,false,13.627
914,1360,GET,true,17.541
915,671744,GET,true,159.377
916,1156,GET,true,23.181
917,4284,GET,false,12.99
918,1152,GET,false,13.368
919,1980,GET,false,12.977
920,2260,GET,false,13.303
921,2310144,GET,false,360.377
922,294912,GET,true,93.333
923,2828,GET,false,12.791
924,1164,PUT,false,37.63
925,2844,GET,true,17.921
926,1064960,GET,false,171.112
927,3342336,GET,false,519.133
928,1576,GET,false,12.484
929,819200,GET,false,131.013
930,15548416,GET,false,2391.209
931,3376,GET,false,12.508
932,2628,GET,false,12.669
933,1336,GET,true,15.152
934,2420,GET,true,15.435
935,32768,GET,false,15.671
936,819200,GET,false,132.221
937,1368,GET,false,11.693
938,32768,GET,true,20.166
939,2080768,GET,false,324.998
940,16384,GET,false,12.455
941,2260,GET,false,13.209
942,2832,GET,false,11.769
943,655360,GET,true,791.734
944,9830400,GET,false,1513.581
945,1916928,GET,true,10580.038
946,3020,GET,true,44.733
947,1116,GET,true,23.981
948,6524,GET,true,15.717
949,32768,GET,false,16.295
950,1980,GET,false,12.074
951,36601856,GET,true,6061.911
952,54394880,GET,true,10401.074
953,2056,GET,false,11.977
954,12284,GET,false,12.195
955,2060,GET,false,10.084
956,2628,GET,true,18.924
957,1372,GET,true,15.042
958,2628,GET,false,11.547
959,3000,GET,false,11.1
960,3020,GET,true,15.176
961,1982464,GET,true,385.537
962,6716,PUT,false,35.796
963,3000,GET,true,14.989
964,4344,GET,true,16.163
965,14663680,GET,true,3092.695
966,2628,GET,false,10.558
967,3664,GET,true,17.568
968,16384,GET,false,12.341
969,54394880,GET,false,8350.848
970,32768,GET,true,20.549
971,6152,GET,false,10.193
972,132939776,GET,true,25509.592
973,9879552,GET,true,2005.161
974,8536,PUT,false,34.153
975,22102016,GET,false,3405.011
976,2628,GET,false,10.932
977,86900736,GET,true,14950.289
978,10764288,GET,true,2026.349
979,14663680,GET,true,2575.342
980,1760,GET,false,10.232
981,2996,GET,false,10.114
982,2112,GET,false,9.216
983,6728,GET,true,16.553
984,2844,GET,false,10.086
985,2628,GET,false,10.012
986,43368448,GET,true,32607.851
987,2420,GET,false,20.661
988,2420,GET,true,22.428
989,1332,GET,false,13.499
990,655360,GET,false,106.267
991,52920320,GET,true,23492.128
992,16384,GET,false,24.264
993,4524,GET,false,20.46
994,2080768,GET,true,532.794
995,2424,GET,true,25.408
996,16384,GET,false,13.295
997,1152,GET,false,14.238
998,1744,GET,true,15.709
999,2996,GET,true,16.241
1000,1584,GET,false,12.085
1001,2804,GET,false,13.962
1002,294912,GET,false,51.615
1003,2832,GET,true,18.477
1004,19169280,GET,false,2947.019
1005,10190848,GET,true,27556.191
1006,1332,GET,true,20.382
1007,2628,GET,true,17.855
1008,3680,GET,false,12.734
1009,1116,GET,false,12.383
1010,1368,GET,false,13.251
1011,65536,GET,true,26.442
1012,3784,GET,false,13.154
1013,51478528,GET,false,7891.248
1014,2628,GET,true,17.316
1015,117899264,GET,false,18063.877
1016,294912,GET,false,51.495
1017,2628,GET,true,18.207
1018,5232,GET,true,15.42
1019,16384,GET,true,17.576
1020,1916928,GET,false,300.04
1021,1116,GET,false,11.268
1022,655360,GET,true,164.679
1023,2144,GET,true,14.582
1024,2949120,GET,true,25355.625
1025,49152,GET,true,24.634
1026,671744,GET,false,108.468
1027,2628,GET,false,10.091
1028,6972,GET,false,11.082
1029,36782080,GET,true,7306.689
1030,1772,GET,false,14.474
1031,16384,GET,false,13.838
1032,14663680,GET,true,2599.418
1033,3884,GET,false,13.675
1034,1152,GET,true,20.079
1035,1152,GET,true,15.53
1036,1116,GET,false,13.341
1037,2056,GET,true,14.513
1038,1656,GET,true,16.053
1039,26443776,GET,false,4061.408
1040,65536,GET,true,28.619
1041,2420,GET,true,16.007
1042,54394880,GET,true,15434.025
1043,2628,GET,true,35.823
1044,9338880,GET,false,1454.291
1045,2344,GET,false,14.277
1046,12284,GET,false,14.139
1047,12156,GET,true,21.817
1048,2097152,GET,true,26397.292
1049,2162688,GET,false,338.706
1050,17743872,GET,true,15266.652
1051,2628,GET,true,19.265
1052,1356,GET,false,13.551
1053,2628,GET,true,16.438
1054,68943872,GET,true,36776.986
1055,2060,PUT,false,43.871
1056,52412416,GET,false,8035.031
1057,6772,GET,false,14.595
1058,2828,GET,true,22.841
1059,54394880,GET,true,11619.517
1060,52412416,GET,false,8039.804
1061,16384,GET,false,15.54
1062,12664832,GET,false,1947.741
1063,2604,GET,false,14.682
1064,6720,GET,true,27.911
1065,2949120,GET,true,1027.485
1066,2628,GET,true,20.784
1067,2080768,GET,true,11796.19
1068,1364,GET,false,12.028
1069,54394880,PUT,false,17980.142
1070,16384,GET,false,17.32
1071,9388032,GET,true,1715.502
1072,3220,GET,false,14.636
1073,1867776,GET,true,373.12
1074,32768,GET,false,15.266
1075,2628,GET,true,23.58
1076,86900736,GET,true,39356.799
1077,1772,GET,false,24.338
1078,65536,PUT,false,12302.395
1079,901120,GET,false,145.72
1080,1176,GET,true,25.375
1081,3020,GET,true,18.481
1082,2628,GET,false,13.997
1083,3936,GET,true,17.562
1084,2056,GET,false,13.414
1085,65699840,PUT,false,30239.707
1086,2804,GET,false,17.139
1087,147456,GET,true,98.034
1088,3220,GET,false,42.598
1089,12284,GET,true,57.044
1090,3220,GET,true,21.448
1091,9338880,GET,false,1446.719
1092,1116,GET,false,12.699
1093,1584,GET,true,20.54
1094,16187392,GET,false,2486.755
1095,4960,GET,true,18.89
1096,65536,GET,false,18.317
1097,2310144,GET,true,574.587
1098,3784,GET,false,44.052
1099,2340,GET,false,12.644
1100,65536,GET,true,28.812
1101,67305472,GET,true,14481.195
1102,1368,GET,true,31.14
1103,15548416,GET,true,28439.865
1104,32768,GET,true,26.888
1105,51478528,GET,false,7893.813
1106,30720000,GET,true,6020.199
1107,16384,GET,false,13.691
1108,12284,GET,false,12.958
1109,6912,GET,true,18.733
1110,54394880,GET,false,8338.264
1111,54394880,PUT,false,16346.58
1112,1332,GET,false,15.917
1113,9338880,GET,true,9575.847
1114,2604,GET,true,23.821
1115,9576,GET,true,19.05
1116,655360,GET,false,106.577
1117,9572,GET,false,13.236
1118,16187392,GET,true,2960.305
1119,9027584,GET,false,1389.505
1120,4580,PUT,false,33.512
1121,10764288,GET,false,1655.838
1122,2628,GET,true,16.768
1123,2628,GET,false,12.326
1124,4284,GET,false,13.264
1125,1348,GET,true,15.384
1126,4284,GET,false,12.867
1127,1584,GET,false,13.137
1128,2310144,GET,false,360.402
1129,4284,GET,true,17.056
1130,2310144,GET,true,4669.293
1131,2056,GET,true,18.396
1132,3522560,GET,true,697.018
1133,2420,GET,true,17.996
1134,3024,GET,false,12.845
1135,16384,GET,true,22.721
1136,2628,GET,true,21.297
1137,32768,PUT,false,8994.002
1138,1116,GET,true,17.756
1139,12284,GET,false,11.956
1140,28229632,GET,false,4333.192
1141,12284,GET,true,15.994
1142,1490944,GET,true,346.467
1143,7200,PUT,false,29.191
1144,51478528,GET,true,10531.178
1145,7946240,GET,false,1228.181
1146,16384,GET,false,14.716
1147,2628,GET,false,11.779
1148,4088,GET,false,12.286
1149,1040,GET,true,24.113
1150,65536,GET,true,27.308
1151,12156,GET,true,17.572
1152,65880064,GET,false,10102.65
1153,3000,GET,true,17.945
1154,16384,GET,true,18.771
1155,2628,GET,false,12.54
1156,3860,GET,false,12.507
1157,2628,GET,true,16.206
1158,2628,GET,false,12.154
1159,2628,GET,true,15.176
1160,2628,GET,false,12.672
1161,2628,GET,true,16.968
1162,704512,GET,true,171.768
1163,10368,GET,false,12.461
1164,2340,GET,false,12.732
1165,4620,GET,false,13.705
1166,5628,GET,true,17.471
1167,2628,GET,false,12.35
1168,147456,GET,true,71.005
1169,2996,GET,true,41.687
1170,16384,GET,true,21.769
1171,19578880,GET,false,3008.212
1172,2097152,GET,false,326.579
1173,7946240,GET,true,1474.339
1174,294912,GET,false,52.596
1175,6782976,GET,true,1189.587
1176,128532480,GET,true,27344.877
1177,16384,GET,false,23.058
1178,54394880,GET,true,11098.976
1179,2832,GET,false,14.15
1180,2628,GET,false,13.622
1181,12156,GET,false,18.254
1182,4444,GET,true,30.182
1183,2424,GET,true,16.023
1184,32768,GET,false,15.13
1185,16384,GET,false,14.896
1186,655360,GET,false,107.75
1187,16384,GET,true,19.922
1188,10576,GET,true,17.246
1189,2628,GET,true,16.048
1190,2080768,GET,true,959.123
1191,10576,GET,false,11.972
1192,147456,GET,false,28.869
1193,3044,GET,true,18.266
1194,2604,GET,false,12.227
1195,1720,PUT,false,32.821
1196,2628,GET,true,17.984
1197,2310144,GET,true,12012.709
1198,16384,GET,false,13.3
1199,2628,GET,false,12.019
1200,16384,GET,true,19.977
1201,2628,GET,true,11.564
1202,32768,GET,false,14.615
1203,1116,GET,false,10.185
1204,2228224,GET,true,486.892
1205,1292,PUT,false,27.667
1206,4833280,GET,true,12546.191
1207,14216,GET,true,18.602
1208,10576,GET,true,16.564
1209,32768,GET,true,17.222
1210,20398080,GET,true,3755.238
1211,2628,GET,true,17.727
1212,1772,GET,true,15.102
1213,294912,GET,false,52.043
1214,3220,GET,false,12.123
1215,9388032,GET,false,1457.327
1216,2195456,GET,true,444.353
1217,5232,GET,false,10.591
1218,3048,GET,true,15.687
1219,2628,GET,true,14.058
1220,7368,PUT,false,27.797
1221,7241728,PUT,false,1956.741
1222,901120,GET,false,144.087
1223,2628,GET,true,14.551
1224,4931584,GET,false,761.746
1225,49152,GET,false,13.655
1226,9544,GET,true,14.974
1227,16384,GET,true,16.348
1228,2060,GET,true,12.774
1229,2628,GET,true,12.553
1230,2212,GET,false,9.585
1231,16384,GET,false,12.639
1232,2628,GET,false,8.781
1233,2628,GET,false,10.116
1234,3020,GET,false,9.926
1235,11059200,GET,false,1700.934
1236,2340,GET,true,15.456
1237,671744,PUT,false,260.642
1238,2804,GET,true,14.232
1239,2310144,GET,false,359.434
1240,9576,GET,false,10.893
1241,14663680,GET,true,2472.488
1242,4524,GET,false,9.132
1243,1152,GET,true,14.216
1244,8036,GET,true,15.262
1245,65536,GET,false,16.253
1246,2628,GET,true,13.182
1247,12284,GET,true,16.39
1248,1064960,GET,false,168.736
1249,15548416,GET,false,2396.226
1250,1356,GET,false,11.128
1251,9576,GET,false,10.853
1252,1064960,GET,false,168.68
1253,2310144,GET,false,359.018
1254,11747328,GET,true,2098.66
1255,30720000,GET,true,5537.77
1256,2412,GET,true,16.318
1257,32768,GET,true,20.577
1258,16384,GET,true,14.812
1259,2628,GET,false,11.019
1260,3680,GET,false,9.802
1261,1128,GET,true,13.737
1262,1152,GET,true,11.852
1263,2628,GET,true,13.366
1264,2212,GET,false,10.433
1265,12156,GET,false,9.364
1266,16187392,GET,true,2731.7
1267,2420,GET,true,15.208
1268,12156,GET,false,9.458
1269,2628,GET,true,13.348
1270,2628,GET,false,9.821
1271,54394880,GET,false,8337.69
1272,32768,GET,false,12.722
1273,1507328,GET,true,308.657
1274,2113536,GET,false,328.952
1275,2420,GET,false,10.277
1276,2628,GET,false,7.695
1277,2949120,GET,true,570.924
1278,1772,GET,true,14.587
1279,16384,GET,true,14.46
1280,3784,GET,true,11.785
1281,2628,GET,false,8.079
1282,4960,GET,true,13.767
1283,3342336,GET,false,517.556
1284,6720,GET,false,11.258
1285,884736,GET,true,186.364
1286,2375680,GET,true,593.445
1287,2996,GET,true,19.233
1288,3376,GET,false,9.3
1289,6376,GET,true,14.436
1290,1492,GET,true,13.391
1291,2420,GET,false,8.419
1292,10092,GET,true,14.629
1293,2144,GET,true,12.067
1294,5284,GET,false,9.948
1295,6912,GET,false,10.864
1296,819200,GET,true,760.667
1297,884736,GET,true,12079.557
1298,65536,GET,true,27.54
1299,43204608,GET,false,6628.112
1300,2408,GET,true,13.542
1301,819200,GET,false,131.646
1302,4284,GET,true,14.954
1303,1356,GET,true,17.199
1304,2056,GET,false,9.873
1305,655360,GET,true,6044.608
1306,55967744,GET,false,8578.851
1307,43368448,GET,false,6656.141
1308,1982464,GET,true,441.278
1309,2620,GET,false,11.493
1310,3000,GET,true,17.058
1311,3652,GET,false,10.145
1312,2344,GET,true,12.946
1313,2628,GET,false,8.253
1314,52412416,GET,true,10454.692
1315,32768,GET,false,18.551
1316,3784,GET,true,27.898
1317,30720000,GET,true,35726.533
1318,2340,GET,false,23.774
1319,9027584,GET,false,1407.142
1320,16384,GET,true,33.661
1321,16187392,GET,true,14165.295
1322,2195456,GET,true,440.146
1323,9576,GET,false,14.093
1324,1156,GET,false,12.124
1325,2628,GET,true,19.328
1326,1336,GET,true,16.014
1327,294912,GET,false,58.629
1328,2344,GET,true,15.903
1329,1772,GET,true,16.039
1330,2628,GET,false,11.177
1331,1128,GET,true,15.398
1332,3220,GET,true,15.928
1333,16384,GET,true,17.889
1334,1584,GET,false,12.963
1335,12284,GET,true,18.158
1336,3020,GET,true,15.435
1337,22331392,GET,true,12490.822
1338,3884,GET,true,20.276
1339,4524,GET,false,13.425
1340,2144,GET,true,17.7
1341,2310144,GET,false,360.005
1342,2620,GET,true,14.862
1343,2628,GET,true,16.538
1344,2080768,GET,false,325.292
1345,54394880,PUT,false,15318.432
1346,1364,GET,true,31.834
1347,32768,GET,true,22.965
1348,49152,GET,false,17.673
1349,2628,GET,true,16.326
1350,2060,GET,false,12.692
1351,2628,GET,false,14.241
1352,16384,GET,true,19.57
1353,16384,GET,true,19.013
1354,2195456,GET,false,343.317
1355,1332,GET,true,15.994
1356,13910016,GET,false,2136.746
1357,9240,GET,false,14.954
1358,4931584,GET,true,952.12
1359,3448,GET,false,13.504
1360,2097152,GET,false,327.702
1361,2344,GET,false,11.939
1362,2828,GET,true,16.637
1363,9338880,GET,true,1939.82
1364,2628,GET,false,13.299
1365,2628,GET,true,16.94
1366,12284,GET,true,16.757
1367,6968,GET,false,11.904
1368,2820,GET,true,15.793
1369,3680,GET,true,19.347
1370,2628,GET,false,14.406
1371,2212,GET,false,12.635
1372,16187392,GET,true,3205.721
1373,9576,GET,true,19.259
1374,3342336,GET,true,652.602
1375,12156,GET,false,11.143
1376,2628,GET,true,17.106
1377,16384,GET,false,11.637
1378,2340,GET,false,12.367
1379,311296,GET,true,4833.428
1380,3936,GET,false,10.675
1381,1152,GET,true,14.895
1382,1507328,GET,true,341.902
1383,1584,GET,false,11.461
1384,1372,GET,false,11.042
1385,4341760,GET,true,818.906
1386,1507328,GET,false,237.555
1387,6632,GET,false,9.605
1388,9544,GET,false,11.736
1389,2060,GET,false,8.476
1390,1372,GET,true,15.354
1391,16384,GET,false,10.715
1392,2310144,GET,false,359.094
1393,10156,GET,true,14.748
1394,2344,GET,false,9.011
1395,1900544,GET,false,297.598
1396,16384,GET,true,13.761
1397,1336,GET,false,9.46
1398,2832,GET,true,13.725
1399,655360,GET,true,8749.03
1400,2949120,GET,true,616.978
1401,2804,GET,false,10.74
1402,1356,GET,false,9.665
1403,53280768,GET,true,10878.649
1404,2628,GET,false,15.945
1405,1980,GET,false,12.266
1406,9338880,GET,false,1456.655
1407,3376,GET,false,12.612
1408,132939776,GET,false,20367.661
1409,83017728,PUT,false,27017.701
1410,51478528,GET,true,10323.115
1411,12156,GET,false,14.953
1412,2056,GET,false,14.478
1413,16384,GET,true,38.484
1414,49152,GET,false,18.5
1415,1064960,GET,true,301.102
1416,22740992,GET,true,4446.786
1417,9338880,GET,true,1577.333
1418,4734976,GET,true,26745.723
1419,2340,GET,false,11.64
1420,30720000,GET,false,4714.534
1421,1128,GET,true,17.931
1422,3440640,GET,true,662.457
1423,2628,GET,false,10.805
1424,3981312,GET,false,615.989
1425,2628,GET,false,11.136
1426,16384,GET,false,13.518
1427,1772,GET,false,11.243
1428,1772,GET,true,16.351
1429,2804,GET,false,10.553
1430,819200,GET,true,181.837
1431,2628,GET,false,12.047
1432,65536,GET,false,16.576
1433,1064960,GET,true,223.173
1434,2828,GET,false,11.123
1435,1368,GET,true,13.799
1436,1772,GET,false,10.434
1437,19791872,GET,false,3040.55
1438,2404,GET,true,15.964
1439,65536,GET,false,14.816
1440,2804,GET,false,10.408
1441,12284,GET,true,14.715
1442,5865472,GET,true,1178.827
1443,10764288,GET,true,2166.607
1444,1356,GET,true,16.951
1445,1900544,GET,false,297.15
1446,2832,GET,true,14.989
1447,3024,GET,true,12.957
1448,1368,GET,true,11.813
1449,37994496,GET,false,5838.903
1450,2628,GET,true,13.691
1451,344064,GET,true,129.876
1452,1900544,GET,true,371.753
1453,135217152,GET,false,20728.948
1454,3948,PUT,false,38.664
1455,15076,GET,true,18.616
1456,2628,GET,false,9.515
1457,12156,GET,false,12.737
1458,238272512,GET,true,45289.109
1459,2628,GET,true,36.984
1460,4964352,GET,true,1105.508
1461,737280,GET,false,120.607
1462,16384,GET,false,13.878
1463,107757568,GET,true,23176.588
1464,16384,GET,true,31.846
1465,52412416,GET,false,8034.186
1466,65536,GET,true,29.113
1467,1818624,GET,true,359.66
1468,1980,GET,true,17.013
1469,2628,GET,false,15.377
1470,12284,GET,true,18.644
1471,26443776,GET,false,4059.687
1472,32768,GET,false,15.406
1473,1128,GET,true,15.719
1474,1772,GET,false,12.379
1475,2420,GET,false,11.502
1476,27918336,GET,false,4283.713
1477,16384,GET,true,19.667
1478,1128,GET,false,11.676
1479,2112,GET,false,11.786
1480,819200,GET,true,183.985
1481,3784,GET,false,9.787
1482,65536,GET,false,16.651
1483,2628,GET,false,10.563
1484,2628,GET,true,16.683
1485,19578880,GET,true,3964.775
1486,16384,GET,true,21.56
1487,2832,GET,false,12.031
1488,12284,GET,true,15.413
1489,1040,GET,false,8.93
1490,10368,GET,true,15.253
1491,151633920,GET,false,23230.892
1492,819200,GET,true,1062.612
1493,87965696,GET,false,13482.032
1494,1982464,GET,false,310.227
1495,3904,GET,false,9.758
1496,327680,GET,false,55.923
1497,16384,GET,true,15.706
1498,22904832,GET,true,29552.299
1499,2804,GET,false,19.986
1500,10088,GET,false,13.202
1501,10088,GET,true,23.418
1502,3522560,GET,true,742.862
1503,1584,GET,true,16.138
1504,3024,GET,true,15.595
1505,9576,GET,true,19.358
1506,2490368,GET,true,438.815
1507,147456,GET,false,29.624
1508,4284,GET,true,17.731
1509,3240,PUT,false,40.652
1510,1916928,GET,false,307.227
1511,1116,GET,false,12.948
1512,54394880,GET,true,10496.707
1513,3020,GET,true,29.523
1514,4524,GET,true,18.683
1515,2144,GET,false,14.275
1516,1916928,GET,false,300.585
1517,12156,GET,false,15.467
1518,26443776,GET,true,4675.723
1519,2628,GET,false,13.849
1520,54394880,GET,false,8340.158
1521,10240000,GET,true,1747.249
1522,86900736,GET,true,39122.075
1523,15548416,GET,true,15297.203
1524,10764288,GET,false,1672.582
1525,9576,GET,false,14.905
1526,2080768,GET,true,11036.632
1527,2628,GET,false,13.116
1528,2056,GET,false,14.674
1529,2195456,GET,false,343.399
1530,86900736,GET,false,13316.883
1531,1336,GET,false,12.24
1532,9544,GET,false,13.309
1533,147456,GET,true,88.177
1534,2310144,GET,false,369.593
1535,1896,GET,true,49.493
1536,4960,GET,false,15.599
1537,10088,GET,true,20.886
1538,2604,GET,false,14.023
1539,2260,GET,false,14.648
1540,51478528,GET,false,7891.608
1541,2112,GET,true,17.084
1542,1900544,GET,false,296.816
1543,2628,GET,false,12.587
1544,2628,GET,false,11.744
1545,2404,GET,true,15.828
1546,1372,GET,false,10.967
1547,2628,GET,true,24.657
1548,2056,GET,false,11.289
1549,1368,GET,true,14.405
1550,3784,GET,false,12.337
1551,2344,GET,true,15.521
1552,16187392,GET,false,2485.989
1553,16384,GET,false,10.623
1554,2628,GET,true,15.304
1555,2604,GET,true,13.239
1556,9576,GET,true,15.84
1557,54394880,GET,true,11121.748
1558,54394880,GET,true,34721.853
1559,1156,GET,true,38.467
1560,2804,GET,true,23.096
1561,23822336,PUT,false,19352.157
1562,65699840,GET,false,10071.006
1563,1584,GET,true,25.042
1564,52477952,GET,true,10120.086
1565,2628,GET,false,17.848
1566,32768,GET,false,17.579
1567,12284,GET,false,14.656
1568,1772,GET,false,13.371
1569,10576,GET,false,13.559
1570,10088,GET,false,13.758
1571,819200,GET,false,133.114
1572,2628,GET,true,27.663
1573,2628,GET,false,11.788
1574,12284,GET,false,11.294
1575,12156,GET,true,19.633
1576,2060,GET,false,11.927
1577,2628,GET,false,12.886
1578,655360,GET,false,107.057
1579,22102016,GET,false,3391.895
1580,3376,GET,true,18.385
1581,2628,GET,false,13.787
1582,9519104,GET,true,1974.189
1583,1040,GET,true,17.508
1584,1772,GET,false,13.763
1585,19791872,GET,false,3039.076
1586,1576,GET,true,17.304
1587,225198080,GET,true,53153.381
1588,2832,GET,false,179.034
1589,1982464,GET,true,470.422
1590,9617408,GET,true,13408.353
1591,1064960,GET,true,20732.739
1592,9027584,GET,false,1390.622
1593,2832,GET,true,57.356
1594,2604,GET,true,25.167
1595,1128,GET,false,17.896
1596,671744,GET,false,111.508
1597,2344,GET,true,24.841
1598,2628,GET,false,15.425
1599,1372,GET,false,19.386
1600,3648,GET,true,21.259
1601,2172,GET,true,24.288
1602,3376,GET,true,21.107
1603,1772,GET,true,20.507
1604,2628,GET,false,22.621
1605,16384,GET,true,22.756
1606,10088,GET,true,25.135
1607,2949120,GET,false,457.83
1608,1772,GET,true,20.323
1609,2404,GET,true,20.575
1610,6716,PUT,false,66.305
1611,54394880,PUT,false,17570.071
1612,3457024,GET,true,1295.674
1613,1332,GET,false,18.101
1614,819200,GET,true,12619.289
1615,1152,GET,true,27.355
1616,3652,GET,false,27.457
1617,15548416,GET,false,2394.239
1618,2628,GET,true,21.103
1619,2344,GET,false,13.278
1620,86900736,GET,false,13316.8
1621,3220,GET,true,20.87
1622,2628,GET,false,15.196
1623,10764288,GET,true,2054.483
1624,4524,GET,true,22.478
1625,1900,GET,true,28.225
1626,671744,GET,true,26010.429
1627,1980,GET,false,29.403
1628,16384,GET,true,21.94
1629,3162112,PUT,false,874.627
1630,2628,GET,false,13.02
1631,30720000,GET,false,5173.99
1632,2628,GET,false,590.378
1633,12656,GET,true,30.745
1634,16384,GET,true,588.675
1635,16384,GET,false,16.888
1636,6712,GET,true,584.791
1637,1372,GET,true,14.644
1638,3220,GET,false,12.586
1639,3000,GET,true,19.633
1640,294912,GET,true,124.08
1641,2604,GET,true,16.746
1642,1372,GET,false,12.775
1643,2097152,GET,true,405.402
1644,9576,GET,false,11.4
1645,2344,GET,false,13.34
1646,2628,GET,false,11.161
1647,2628,GET,true,16.557
1648,294912,GET,false,51.611
1649,2628,GET,false,9.498
1650,1584,GET,false,10.65
1651,16187392,GET,true,3298.423
1652,3256,GET,true,16.341
1653,6940,GET,false,11.931
1654,10576,GET,false,12.384
1655,78348288,GET,true,16380.108
1656,2604,GET,false,17.211
1657,30720000,GET,true,31396.047
1658,54394880,GET,true,22469.119
1659,4931584,GET,true,925.904
1660,2310144,GET,false,359.458
1661,65536,GET,false,17.963
1662,132939776,GET,false,20368.61
1663,3000,GET,false,10.988
1664,10780672,GET,false,1664.59
1665,1152,GET,true,20.699
1666,1416,GET,false,9.54
1667,2056,GET,false,9.602
1668,12156,GET,false,10.931
1669,2056,GET,true,28.418
1670,2244608,PUT,false,751.299
1671,11500,GET,false,11.079
1672,294912,GET,true,12469.835
1673,3376,GET,false,9.925
1674,12284,GET,false,11.426
1675,2080768,GET,true,433.834
1676,16384,GET,true,17.193
1677,2080768,GET,false,324.379
1678,1372,GET,true,13.619
1679,86900736,GET,false,13315.908
1680,54394880,GET,false,8337.739
1681,2490368,GET,false,387.04
1682,2060,GET,false,7.984
1683,2424,GET,true,12.985
1684,2260,GET,false,12.35
1685,2060,GET,false,8.449
1686,655360,GET,false,105.697
1687,3000,GET,true,12.628
1688,1916928,GET,false,299.434
1689,1332,GET,false,8.585
1690,2056,GET,false,8.166
1691,26443776,GET,true,5101.531
1692,10320,GET,true,16.618
1693,9633792,GET,false,1483.078
1694,2949120,GET,true,636.628
1695,2628,GET,true,14.362
1696,1356,GET,true,11.437
1697,43499520,GET,true,8133.212
1698,12284,GET,false,8.64
1699,2310144,GET,false,359.799
1700,2628,GET,true,13.766
1701,2628,GET,true,13.411
1702,16384,GET,false,10.212
1703,43499520,PUT,false,13538.557
1704,2060,GET,false,15.186
1705,16384,GET,true,28.153
1706,2310144,GET,true,26298.82
1707,110198784,PUT,false,47878.519
1708,51478528,GET,true,11620.103
1709,6992,PUT,false,69.575
1710,52412416,GET,false,8595.455
1711,1867776,PUT,false,1677.474
1712,1146880,GET,false,181.665
1713,1048576,PUT,false,12474.409
1714,2628,GET,false,579.243
1715,1720,PUT,false,31.287
1716,14385152,GET,false,2629.128
1717,3100,GET,true,576.432
1718,1356,GET,true,15.127
1719,110198784,GET,false,17438.536
1720,16384,GET,true,19.719
1721,8684,GET,true,572.504
1722,1068,GET,true,14.905
1723,2628,GET,true,565.25
1724,16384,GET,true,15.802
1725,1982464,GET,false,309.308
1726,16384,GET,false,563.513
1727,15368192,GET,true,3159.259
1728,2832,GET,false,575.009
1729,2832,GET,true,17.305
1730,9576,GET,true,16.943
1731,28606464,GET,false,4806.001
1732,147456,GET,true,70.388
1733,2996,GET,true,41.382
1734,2628,GET,true,16.659
1735,16384,GET,true,17.161
1736,7052,GET,true,14.834
1737,2832,GET,false,573.883
1738,2628,GET,false,11.196
1739,23822336,GET,false,4046.689
1740,2310144,GET,false,360.783
1741,3342336,GET,false,517.464
1742,6712,GET,true,16.324
1743,2052,GET,true,16.206
1744,3020,GET,true,14.199
1745,1356,GET,true,13.275
1746,12156,GET,false,12.257
1747,3020,GET,true,14.767
1748,3020,GET,true,14.103
1749,2996,GET,false,563.107
1750,2844,GET,false,565.98
1751,2628,GET,false,10.462
1752,12656,GET,true,17.926
1753,294912,GET,false,51.588
1754,1916928,GET,false,299.499
1755,1368,GET,true,13.817
1756,3680,GET,true,13.424
1757,2388,GET,true,13.427
1758,1152,GET,true,13.629
1759,294912,GET,true,93.261
1760,1867776,GET,true,369.754
1761,2628,GET,false,12.108
1762,20365312,GET,false,3534.486
1763,5236,GET,true,17.143
1764,4148,GET,true,14.338
1765,4524,GET,false,10.246
1766,5184,GET,true,14.598
1767,2804,GET,false,10.727
1768,2195456,GET,true,25415.533
1769,3000,GET,false,12.962
1770,3672,GET,true,15.576
1771,6716,GET,false,11.563
1772,15368192,PUT,false,7047.204
1773,7016,GET,true,20.561
1774,3784,GET,true,15.999
1775,2344,GET,true,15.306
1776,19578880,GET,false,3006.734
1777,140279808,GET,false,22047.0
1778,6664,GET,false,564.429
1779,4833280,GET,true,3550.078
1780,4576,GET,false,12.951
1781,16384,GET,false,13.827
1782,10368,GET,true,18.158
1783,107757568,GET,false,17081.827
1784,1900544,GET,false,297.484
1785,278528,GET,true,96.501
1786,2844,GET,true,581.217
1787,2628,GET,true,14.23
1788,1584,GET,false,11.744
1789,16384,GET,true,17.333
1790,65536,GET,true,24.919
1791,12284,GET,true,15.891
1792,5688,GET,true,14.146
1793,12284,GET,false,12.711
1794,2340,GET,true,15.191
1795,1576,GET,false,10.092
1796,16187392,GET,false,2886.812
1797,2628,GET,false,11.507
1798,16187392,GET,false,2486.233
1799,12156,GET,true,571.601
1800,12284,GET,true,17.267
1801,3680,GET,true,14.095
1802,2244608,GET,true,527.119
1803,23822336,GET,false,3654.933
1804,4580,GET,false,11.66
1805,65536,GET,true,27.225
1806,2056,PUT,false,30.986
1807,32768,GET,false,14.446
1808,671744,PUT,false,278.71
1809,2604,GET,false,12.073
1810,819200,GET,true,221.363
1811,1332,GET,true,15.176
1812,2628,GET,false,11.37
1813,12284,GET,false,11.668
1814,671744,PUT,false,323.23
1815,2628,GET,true,18.758
1816,2628,GET,false,10.629
1817,4904,GET,true,14.265
1818,32768,GET,false,13.209
1819,2060,PUT,false,22.394
1820,2008,GET,true,15.037
1821,1152,GET,true,13.691
1822,5560,GET,true,14.052
1823,30720000,GET,true,5415.849
1824,16384,GET,true,20.217
1825,1356,GET,false,10.875
1826,2949120,GET,false,458.888
1827,6376,GET,false,11.446
1828,1336,GET,true,14.695
1829,86900736,GET,false,13316.504
1830,2080768,GET,false,333.349
1831,1368,GET,true,34.965
1832,147456,GET,true,71.775
1833,819200,GET,true,894.429
1834,2628,GET,true,34.77
1835,16384,GET,false,15.962
1836,2996,GET,true,16.848
1837,1900544,GET,true,385.418
1838,2195456,GET,true,502.689
1839,9027584,GET,true,1622.107
1840,4960,GET,false,590.853
1841,16384,GET,false,13.636
1842,2628,GET,false,10.918
1843,51478528,GET,false,7893.101
1844,3652,PUT,false,65.65
1845,1156,GET,false,11.549
1846,3342336,GET,false,518.569
1847,2628,GET,false,10.595
1848,2260,GET,false,10.065
1849,147456,GET,true,43.673
1850,83247104,GET,true,16619.842
1851,1116,GET,true,27.636
1852,51478528,GET,true,9756.242
1853,65536,GET,false,20.16
1854,2628,GET,true,18.534
1855,30720000,GET,true,30832.131
1856,1584,GET,true,21.632
1857,32768,GET,true,21.293
1858,1064960,GET,true,12298.451
1859,1900544,GET,true,12970.839
1860,294912,GET,true,97.985
1861,2256,GET,true,17.875
1862,5160960,GET,true,26234.729
1863,17121280,GET,true,3455.08
1864,3196,GET,true,17.857
1865,2056,GET,true,12.816
1866,132939776,PUT,false,59815.319
1867,54394880,GET,false,8348.387
1868,26443776,GET,true,4796.618
1869,15548416,GET,true,3266.001
1870,16384,GET,false,13.438
1871,1966080,GET,false,307.133
1872,26443776,GET,true,4351.221
1873,2628,GET,false,10.12
1874,2420,GET,false,14.127
1875,16384,GET,true,22.517
1876,1128,GET,false,9.061
1877,3652,GET,false,10.822
1878,1156,GET,true,13.61
1879,4284,GET,true,13.823
1880,819200,GET,true,989.536
1881,1982464,GET,true,12669.434
1882,1796,GET,true,19.652
1883,2628,GET,false,11.081
1884,2056,GET,true,12.642
1885,21954560,GET,false,3374.551
1886,51478528,GET,true,9344.951
1887,4960,GET,true,24.267
1888,1507328,GET,true,301.988
1889,9175040,GET,false,1428.503
1890,2628,GET,true,18.626
1891,2604,GET,true,15.487
1892,1772,GET,true,15.094
1893,2628,GET,false,12.173
1894,1236,GET,true,14.533
1895,1900,GET,true,14.286
1896,1772,GET,true,14.577
1897,1372,GET,true,14.02
1898,2097152,GET,true,26726.561
1899,3522560,GET,true,12353.389
1900,3220,GET,false,11.413
1901,2628,GET,true,16.734
1902,147456,GET,false,28.469
1903,16187392,GET,false,2489.117
1904,13598720,GET,false,2089.656
1905,2628,GET,false,10.011
1906,86900736,GET,false,13316.481
1907,3020,GET,false,10.506
1908,819200,GET,false,131.248
1909,2310144,GET,true,435.378
1910,3020,GET,false,10.855
1911,671744,GET,false,107.992
1912,1772,GET,false,9.451
1913,170737664,GET,true,64180.073
1914,1356,GET,false,21.194
1915,16384,GET,true,31.536
1916,2056,GET,true,17.593
1917,2080768,GET,true,12870.384
1918,294912,GET,false,52.958
1919,2628,GET,true,17.098
1920,38174720,GET,false,5855.995
1921,1356,GET,false,11.381
1922,9338880,GET,false,1437.281
1923,1336,GET,true,17.248
1924,52412416,GET,false,8033.777
1925,2195456,GET,true,529.557
1926,86900736,GET,false,13316.183
1927,2404,GET,false,11.948
1928,1156,GET,false,10.757
1929,2056,GET,false,10.385
1930,12156,GET,true,19.636
1931,4960,GET,false,10.843
1932,6680,GET,false,11.183
1933,2244608,GET,false,349.717
1934,10688,GET,true,16.787
1935,2628,GET,true,13.048
1936,1156,GET,false,10.556
1937,236584960,GET,false,36241.608
1938,7476,GET,false,10.891
1939,9240,GET,false,10.104
1940,1116,GET,true,12.564
1941,8636,GET,true,14.023
1942,51478528,GET,true,11510.864
1943,6924,GET,false,19.663
1944,86900736,GET,false,13319.811
1945,5476,GET,true,32.212
1946,36601856,GET,true,7363.507
1947,14663680,GET,false,2253.902
1948,49152,GET,false,14.497
1949,26443776,GET,true,30104.288
1950,12156,GET,false,17.4
1951,89079808,GET,true,31031.008
1952,2260,GET,false,21.349
1953,3936,GET,false,13.821
1954,6712,GET,true,30.425
1955,16384,GET,true,18.212
1956,65536,GET,false,18.379
1957,3784,GET,false,13.284
1958,2112,GET,true,15.557
1959,1982464,GET,false,310.349
1960,16384,GET,true,17.677
1961,3522560,GET,false,546.806
1962,1152,GET,false,11.944
1963,12156,GET,true,18.092
1964,3244032,GET,true,629.988
1965,2844,GET,false,11.178
1966,9576,GET,true,17.885
1967,4372,GET,true,15.03
1968,16384,GET,true,18.292
1969,2310144,GET,false,360.93
1970,3376,GET,false,11.275
1971,1116,GET,false,12.812
1972,9338880,GET,false,1447.439
1973,3325952,GET,false,515.513
1974,2828,GET,true,16.498
1975,671744,GET,true,598.83
1976,2628,GET,true,16.665
1977,10764288,GET,false,1655.061
1978,3048,GET,true,15.542
1979,86900736,GET,true,26727.094
1980,2628,GET,false,22.822
1981,16384,GET,false,15.924
1982,107757568,GET,true,24452.215
1983,737280,GET,false,121.669
1984,14663680,GET,true,2458.735
1985,1128,GET,true,20.947
1986,357482496,GET,true,65242.344
1987,6728,PUT,false,57.211
1988,1048576,GET,false,169.39
1989,2480,GET,true,22.661
1990,16580608,GET,false,2547.808
1991,1988,GET,false,11.45
1992,117899264,GET,false,18063.386
1993,2628,GET,false,13.209
1994,28557312,PUT,false,10554.776
1995,2420,GET,true,26.851
1996,4496,PUT,false,24.941
1997,1576,GET,false,14.694
1998,2628,GET,false,11.76
1999,2212,GET,true,15.917
2000,12284,GET,false,15.19
2001,1152,GET,false,11.029
2002,2628,GET,false,11.259
2003,2420,GET,false,10.92
2004,12156,GET,false,11.913
2005,12284,GET,true,17.306
2006,2490368,GET,false,388.98
2007,17743872,GET,true,11333.451
2008,15080,GET,true,21.295
2009,1336,GET,false,11.9
2010,12284,GET,false,12.324
2011,1916928,GET,false,299.915
2012,9338880,GET,false,1437.96
2013,3020,GET,false,11.926
2014,278528,GET,false,48.903
2015,1804,PUT,false,25.653
2016,16384,GET,true,20.049
2017,294912,GET,true,105.368
2018,2628,GET,true,17.26
2019,12284,GET,false,12.48
2020,9060,PUT,false,24.067
2021,15076,GET,true,17.523
2022,1040,GET,false,12.373
2023,4496,GET,true,16.152
2024,12517376,GET,false,1927.534
2025,2628,GET,true,15.168
2026,87965696,PUT,false,39361.412
2027,1988,GET,true,27.838
2028,16384,GET,true,20.049
2029,10368,GET,true,16.341
2030,2628,GET,true,15.779
2031,1982464,GET,true,9548.302
2032,2628,GET,false,13.325
2033,2628,GET,true,17.462
2034,2056,GET,false,11.511
2035,16384,GET,false,12.269
2036,2832,GET,false,11.376
2037,12284,GET,false,11.609
2038,2628,GET,false,11.361
2039,3220,GET,false,11.559
2040,3522560,GET,false,545.653
2041,1988,GET,true,16.96
2042,2832,GET,false,8.586
2043,16384,GET,false,10.891
2044,10698752,GET,true,13537.613
2045,278528,GET,false,49.39
2046,2420,GET,false,11.886
2047,2097152,GET,true,25456.106
2048,2404,GET,true,15.534
2049,8142848,GET,true,26429.245
2050,121733120,GET,false,18653.094
2051,1982464,GET,true,25889.031
2052,3522560,GET,true,662.423
2053,1980,GET,false,11.151
2054,2195456,GET,false,342.704
2055,9879552,GET,true,1723.311
2056,1780,GET,false,9.665
2057,2216,GET,false,9.963
2058,2628,GET,true,15.739
2059,8004,GET,false,10.563
2060,2832,PUT,false,30.701
2061,2628,GET,true,14.332
2062,86900736,GET,false,13315.388
2063,6708,PUT,false,24.696
2064,1128,GET,true,14.124
2065,1622016,GET,true,319.72
2066,12156,GET,true,15.072
2067,2184,GET,false,9.446
2068,1336,GET,false,8.699
2069,12284,GET,true,14.245
2070,12284,GET,false,8.097
2071,2628,GET,false,8.901
2072,4068,GET,false,9.543
2073,1332,GET,true,13.256
2074,8636,GET,false,9.203
2075,43499520,GET,false,6690.108
2076,4372,GET,true,14.392
2077,6616,GET,true,13.94
2078,3376,GET,true,11.035
2079,2056,GET,true,12.881
2080,1368,GET,false,8.115
2081,3342336,GET,true,25688.162
2082,86900736,GET,false,13318.804
2083,16384,GET,false,10.983
2084,21872640,GET,false,3355.275
2085,1604,GET,false,9.035
2086,344064,GET,true,113.042
2087,1116,GET,true,16.912
2088,10576,GET,false,10.369
2089,2628,GET,true,11.968
2090,2310144,GET,true,520.909
2091,1584,GET,true,13.684
2092,65536,GET,true,24.542
2093,2310144,GET,true,611.506
2094,1932,GET,true,14.59
2095,55967744,GET,true,11853.661
2096,1336,GET,false,16.161
2097,32768,GET,false,15.981
2098,16384,GET,false,13.186
2099,16580608,GET,true,3321.952
2100,1980,GET,false,13.639
2101,12156,GET,true,24.161
2102,3000,GET,false,12.626
2103,1336,GET,true,15.227
2104,1900,GET,true,19.77
2105,1982464,GET,true,26362.411
2106,5560,GET,true,16.882
2107,5560,GET,true,14.903
2108,12284,GET,true,16.606
2109,819200,GET,true,12064.893
2110,1156,GET,true,16.005
2111,2628,GET,false,12.509
2112,54394880,GET,true,11609.454
2113,1424,GET,true,25.32
2114,2420,GET,false,13.542
2115,2628,GET,false,12.522
2116,2340,GET,true,14.703
2117,9544,GET,true,16.278
2118,819200,GET,false,131.645
2119,2412,GET,false,11.024
2120,16384,GET,true,19.019
2121,12156,GET,true,17.437
2122,54394880,GET,true,11281.987
2123,3664,PUT,false,41.248
2124,12156,GET,true,23.412
2125,12156,GET,true,17.919
2126,3020,GET,true,15.058
2127,3860,GET,false,12.126
2128,6788,GET,false,12.724
2129,11059200,GET,true,2284.717
2130,12284,GET,false,13.47
2131,9576,GET,false,12.106
2132,2260,GET,false,12.627
2133,12284,GET,false,13.254
2134,3342336,GET,true,26407.997
2135,2420,GET,true,17.717
2136,6720,GET,true,15.463
2137,2112,GET,false,12.932
2138,671744,PUT,false,12953.126
2139,4960,GET,true,17.998
2140,2344,GET,true,14.977
2141,2844,GET,false,10.824
2142,4148,PUT,false,23.985
2143,2060,GET,true,15.735
2144,1966080,GET,false,307.371
2145,819200,GET,false,131.711
2146,2628,GET,false,11.319
2147,2628,GET,false,10.558
2148,16384,PUT,false,26.599
2149,2420,GET,false,11.432
2150,5236,GET,true,14.305
2151,1368,GET,false,9.484
2152,2228224,GET,true,501.099
2153,2244608,GET,false,348.46
2154,15548416,GET,true,13544.605
2155,54394880,GET,false,8337.759
2156,1356,GET,false,10.295
2157,3196,GET,false,10.071
2158,1152,GET,false,9.562
2159,16384,GET,true,17.582
2160,7476,GET,true,14.532
2161,6920,GET,false,10.095
2162,3342336,GET,false,517.605
2163,9027584,GET,false,1404.116
2164,16384,GET,false,10.158
2165,12156,GET,true,15.013
2166,2628,GET,true,14.412
2167,2628,GET,true,12.868
2168,2310144,GET,true,477.943
2169,2056,GET,false,9.335
2170,16384,GET,true,17.301
2171,2080768,GET,false,325.754
2172,12284,GET,true,15.359
2173,42483712,GET,true,31206.331
2174,1980,GET,false,20.513
2175,15548416,GET,true,26310.74
2176,54394880,GET,true,33536.792
2177,9576,GET,false,21.217
2178,1152,GET,false,13.731
2179,2060,PUT,false,44.16
2180,3000,GET,true,20.523
2181,2804,GET,true,14.768
2182,2804,GET,true,11.236
2183,16384,GET,true,19.106
2184,4284,GET,true,15.561
2185,2628,GET,true,14.745
2186,2424,GET,true,16.3
2187,2112,GET,true,16.025
2188,9027584,GET,true,13805.003
2189,1584,GET,false,12.944
2190,11500,GET,true,22.212
2191,655360,GET,true,149.47
2192,2996,GET,false,11.065
2193,3376,GET,false,12.287
2194,2195456,GET,false,342.667
2195,3452,GET,true,15.7
2196,2828,GET,false,11.279
2197,11976704,GET,false,1857.662
2198,2840,GET,true,16.136
2199,147456,GET,true,70.597
2200,3000,GET,false,21.37
2201,2420,GET,false,14.951
2202,8388608,GET,false,1292.379
2203,54394880,GET,true,22773.237
2204,2112,GET,true,65.726
2205,6728,GET,true,24.855
2206,9544,GET,true,28.247
2207,4284,GET,true,16.122
2208,54394880,GET,false,8337.791
2209,3936,GET,false,12.719
2210,2828,GET,false,11.951
2211,9240576,GET,false,1422.494
2212,2172,GET,false,11.681
2213,1356,GET,true,18.713
2214,16384,GET,false,13.469
2215,2628,GET,true,15.497
2216,1332,GET,false,11.064
2217,1818624,GET,false,285.088
2218,851968,GET,false,136.87
2219,4524,GET,true,16.146
2220,1336,GET,false,10.924
2221,12156,GET,false,11.564
2222,1900544,GET,false,297.704
2223,147456,GET,true,70.103
2224,17743872,GET,false,2731.493
2225,86900736,GET,false,13318.152
2226,819200,GET,false,132.561
2227,2832,GET,true,29.933
2228,2144,GET,false,13.248
2229,1982464,GET,false,311.128
2230,52412416,GET,true,11332.556
2231,2628,GET,false,14.46
2232,2628,GET,true,25.678
2233,1576,GET,false,12.793
2234,9576,GET,true,17.334
2235,1576,GET,true,14.278
2236,11500,GET,false,14.001
2237,2310144,GET,false,360.931
2238,2310144,GET,false,360.032
2239,4960,GET,false,11.184
2240,2212,GET,true,15.645
2241,2420,GET,false,12.622
2242,1343488,GET,true,275.046
2243,2628,GET,false,12.503
2244,2628,GET,true,16.95
2245,7476,GET,true,16.888
2246,4960,GET,true,14.917
2247,12284,GET,false,12.734
2248,1376256,GET,true,662.271
2249,51478528,GET,true,21748.588
2250,1156,GET,true,18.093
2251,9544,GET,false,13.015
2252,294912,GET,true,112.851
2253,2828,GET,true,16.224
2254,12284,GET,true,16.683
2255,7852,GET,false,11.488
2256,1772,GET,false,10.725
2257,7508,GET,false,10.457
2258,9338880,GET,true,1695.583
2259,14663680,GET,false,2254.888
2260,2412,GET,true,14.851
2261,2112,GET,true,13.883
2262,16384,GET,true,16.121
2263,2404,GET,true,13.846
2264,65536,GET,false,15.65
2265,2628,GET,true,13.741
2266,1156,GET,true,12.357
2267,12996,GET,false,11.01
2268,52412416,GET,false,8032.906
2269,2628,GET,false,10.684
2270,6972,PUT,false,33.001
2271,22102016,PUT,false,9303.223
2272,2628,GET,true,15.907
2273,6972,GET,false,11.152
2274,7260,GET,false,10.141
2275,12284,GET,false,9.765
2276,12284,GET,true,20.178
2277,4588,GET,true,14.061
2278,12284,GET,false,8.731
2279,6062080,GET,false,934.344
2280,12156,GET,false,10.611
2281,3020,GET,false,8.731
2282,2628,GET,true,13.001
2283,1584,GET,false,8.072
2284,3220,GET,true,13.485
2285,15548416,GET,true,2593.389
2286,2604,GET,false,9.97
2287,6912,GET,true,14.761
2288,5160,GET,false,9.609
2289,819200,GET,false,130.99
2290,819200,GET,false,131.391
2291,1372,GET,false,8.837
2292,1372,GET,false,5.805
2293,458752,GET,false,75.739
2294,1656,GET,true,11.991
2295,54394880,PUT,false,23778.152
2296,5960,GET,false,15.703
2297,51478528,GET,false,7890.948
2298,2628,GET,false,13.05
2299,2112,GET,false,12.315
2300,16384,GET,false,12.778
2301,1152,GET,false,11.656
2302,4284,GET,false,11.683
2303,7476,GET,true,29.217
2304,2260,GET,true,15.448
2305,1048576,PUT,false,487.212
2306,1760,GET,true,16.418
2307,2628,GET,true,15.092
2308,65536,GET,true,25.036
2309,65536,GET,true,23.759
2310,86900736,GET,false,13316.444
2311,2080768,GET,true,398.378
2312,294912,GET,false,51.056
2313,147456,GET,false,29.192
2314,30720000,GET,false,4715.051
2315,51478528,GET,true,11235.967
2316,2628,GET,false,16.055
2317,2310144,GET,false,360.276
2318,4960,GET,false,11.789
2319,86900736,GET,false,13319.146
2320,2628,GET,true,23.399
2321,12284,GET,false,12.026
2322,65536,GET,true,26.511
2323,4960,GET,false,11.528
2324,1048576,GET,true,267.428
2325,2628,GET,true,16.723
2326,1368,GET,false,11.258
2327,2844,GET,true,15.019
2328,6644,GET,false,14.919
2329,2628,GET,true,15.567
2330,12284,GET,false,12.022
2331,32768,GET,true,20.503
2332,2628,GET,false,10.515
2333,2144,GET,true,15.328
2334,12156,GET,true,16.21
2335,1916928,GET,true,1090.149
2336,12656,GET,false,11.761
2337,5560,GET,true,15.967
2338,86900736,GET,true,29989.565
2339,2056,GET,true,36.241
2340,3856,GET,true,18.532
2341,27688960,GET,false,4249.905
2342,2056,GET,true,20.981
2343,1760,GET,false,11.005
2344,2628,GET,false,11.195
2345,671744,PUT,false,368.456
2346,3784,GET,true,21.889
2347,2628,GET,true,16.149
2348,32768,GET,false,13.552
2349,1156,GET,true,14.293
2350,7844,GET,false,12.589
2351,84459520,GET,false,13524.83
2352,14920,GET,false,14.394
2353,12156,GET,false,12.126
2354,40943616,GET,false,6278.611
2355,4756,GET,true,17.314
2356,26443776,GET,true,5384.492
2357,2804,GET,true,18.59
2358,3000,GET,false,13.693
2359,51478528,GET,false,7893.144
2360,2628,GET,true,16.23
2361,342114304,GET,true,66781.528
2362,7440,GET,false,24.74
2363,2628,GET,true,60.933
2364,704512,GET,true,946.308
2365,2420,GET,true,17.623
2366,1228,GET,false,13.672
2367,3444,GET,true,16.016
2368,1152,GET,true,15.433
2369,1048576,PUT,false,12141.459
2370,737280,GET,false,120.219
2371,3784,GET,true,16.577
2372,10272768,GET,true,2200.562
2373,6820,GET,false,13.247
2374,10272768,GET,false,1580.813
2375,3860,GET,false,13.574
2376,278528,GET,true,87.224
2377,16384,GET,true,21.11
2378,10272768,GET,false,1579.708
2379,2236,GET,false,12.718
2380,671744,GET,false,108.892
2381,819200,GET,false,131.173
2382,2628,GET,false,10.629
2383,704512,GET,true,160.946
2384,10368,GET,false,12.73
2385,2628,GET,true,14.794
2386,4964352,GET,false,767.66
2387,163840,GET,false,30.645
2388,10088,GET,false,12.05
2389,2560,GET,true,14.912
2390,16384,GET,false,13.075
2391,12156,GET,true,16.099
2392,32653312,GET,true,30809.09
2393,32653312,GET,false,5012.466
2394,2628,GET,false,12.185
2395,49577984,GET,false,7599.838
2396,2628,GET,true,20.564
2397,2060,GET,false,11.424
2398,32653312,GET,true,29618.942
2399,2628,GET,false,20.923
2400,2828,GET,true,24.576
2401,1356,GET,false,13.309
2402,1360,GET,true,14.8
2403,448905216,GET,true,90306.778
2404,1048576,PUT,false,401.561
2405,2628,GET,false,16.798
2406,65699840,GET,true,36607.195
2407,238272512,GET,true,62587.966
2408,49152,GET,true,41.43
2409,94404608,GET,false,14466.917
2410,3228,GET,false,11.788
2411,1524,GET,false,11.95
2412,27688960,GET,true,5244.456
2413,1064960,GET,false,170.158
2414,15076,GET,false,13.208
2415,15076,GET,false,9.813
2416,1040,GET,true,18.7
2417,4088,GET,false,11.803
2418,2484,GET,true,14.935
2419,1336,GET,false,10.384
2420,720896,GET,false,117.049
2421,12284,GET,false,13.078
2422,10088,GET,true,24.648
2423,4620,GET,true,15.911
2424,4964352,GET,false,767.723
2425,1064,GET,false,11.467
2426,8476,GET,true,16.543
2427,16384,GET,false,11.39
2428,4588,GET,false,10.455
2429,10272768,GET,true,2123.979
2430,7440,GET,false,11.459
2431,10272768,GET,true,2089.792
2432,6032,GET,false,11.428
2433,16384,GET,false,11.728
2434,6160384,GET,true,1065.483
2435,6664,GET,true,15.867
2436,16384,GET,true,16.83
2437,7368,GET,true,12.913
2438,1356,GET,true,12.766
2439,671744,GET,false,109.397
2440,2628,GET,true,14.99
2441,1980,GET,false,10.364
2442,49152,GET,false,13.813
2443,3020,GET,false,8.754
2444,2628,GET,true,12.876
2445,15076,GET,true,14.034
2446,3784,GET,false,9.26
2447,3342336,GET,true,624.535
2448,2804,GET,false,11.209
2449,1584,GET,false,9.151
2450,2260,GET,false,7.973
2451,1336,GET,false,7.936
2452,14663680,GET,true,2397.514
2453,16187392,GET,false,2498.422
2454,2628,GET,true,14.298
2455,12284,GET,true,13.254
2456,3024,GET,true,11.551
2457,12284,GET,false,6.692
2458,10576,GET,false,9.503
2459,2628,GET,false,8.839
2460,2490368,GET,true,457.374
2461,1128,GET,true,13.19
2462,5144576,GET,false,793.868
2463,2260,GET,false,7.02
2464,2097152,GET,false,327.746
2465,1916928,GET,true,406.363
2466,1982464,GET,true,384.911
2467,2628,GET,true,13.55
2468,1916928,GET,true,352.372
2469,54394880,GET,false,8336.466
2470,30720000,GET,false,4712.823
2471,671744,GET,true,431.633
2472,1368,GET,false,10.671
2473,1152,GET,false,10.454
2474,2628,GET,false,9.833
2475,2490368,GET,false,386.87
2476,54394880,GET,false,8336.733
2477,2628,GET,false,9.506
2478,2628,GET,false,9.295
2479,5160960,GET,false,796.399
2480,10764288,GET,false,1655.034
2481,6716,GET,true,16.091
2482,26443776,GET,true,28741.116
2483,8536,GET,false,15.956
2484,2420,GET,false,10.892
2485,655360,GET,false,106.245
2486,22052864,GET,true,27917.852
2487,26443776,GET,false,4057.238
2488,114688,GET,true,37.144
2489,2628,GET,false,12.153
2490,17743872,GET,true,38295.625
2491,2620,GET,false,12.21
2492,8780,GET,true,18.617
2493,16384,GET,true,16.529
2494,5996544,GET,false,924.679
2495,2620,GET,false,10.925
2496,42680320,GET,true,19501.798
2497,2056,PUT,false,35.869
2498,2220,GET,false,12.886
2499,30720000,GET,false,4712.41
2500,4524,GET,false,11.23
2501,2056,PUT,false,24.853
2502,1716,PUT,false,21.226
2503,8476,GET,true,22.838
2504,1048576,PUT,false,545.672
2505,3948,PUT,false,24.066
2506,238272512,GET,false,36508.589
2507,86900736,GET,true,18284.622
2508,2628,GET,false,20.733
2509,32768,GET,false,15.18
2510,12284,GET,true,32.403
2511,2816,GET,true,15.223
2512,1792,GET,false,13.229
2513,10368,GET,true,15.887
2514,3342336,GET,false,518.513
2515,9388032,GET,false,1455.319
2516,7052,GET,true,19.158
2517,2628,GET,true,15.319
2518,4088,GET,false,10.837
2519,12284,GET,false,12.49
2520,12156,GET,false,12.635
2521,3522560,GET,false,546.13
2522,4524,GET,false,12.188
2523,2112,GET,true,16.263
2524,65699840,GET,true,12927.116
2525,1336,GET,true,17.45
2526,65880064,GET,false,10098.039
2527,3408,GET,true,15.48
2528,7476,GET,false,11.957
2529,1332,GET,true,15.158
2530,704512,GET,false,114.014
2531,15076,GET,false,11.549
2532,11500,GET,true,16.204
2533,4088,GET,true,14.247
2534,2628,GET,false,10.47
2535,5996,GET,false,9.502
2536,1464,GET,true,13.847
2537,8476,GET,false,10.722
2538,2260,GET,false,9.257
2539,12284,GET,false,10.485
2540,9544,GET,false,9.035
2541,4960,GET,true,13.881
2542,447889408,GET,true,92126.085
2543,1064960,GET,true,284.772
2544,4524,GET,true,27.286
2545,10576,GET,false,15.077
2546,6716,GET,true,17.456
2547,2310144,GET,false,361.336
2548,851968,GET,true,208.952
2549,65536,GET,true,27.692
2550,4580,GET,false,12.167
2551,2628,GET,true,16.407
2552,2628,GET,true,11.986
2553,16384,GET,true,18.598
2554,3444,GET,true,15.629
2555,32768,GET,true,20.89
2556,3162112,GET,false,490.354
2557,1064960,GET,false,169.806
2558,2420,GET,true,15.858
2559,14216,GET,true,17.152
2560,16384,GET,false,13.353
2561,2216,GET,false,11.186
2562,2628,GET,true,16.347
2563,3936,GET,false,12.175
2564,65536,GET,false,16.553
2565,2628,GET,true,14.374
2566,2310144,GET,false,359.705
2567,16384,GET,false,12.942
2568,2628,GET,true,15.178
2569,357416960,GET,true,70364.224
2570,3376,GET,true,16.849
2571,26443776,GET,false,4055.87
2572,2628,GET,true,13.83
2573,86900736,GET,false,13316.591
2574,2420,GET,true,14.392
2575,671744,GET,false,107.972
2576,2628,GET,true,12.735
2577,12284,GET,false,9.272
2578,12156,GET,false,9.302
2579,1900544,GET,true,413.312
2580,54394880,GET,false,8337.972
2581,88801280,GET,false,13606.6
2582,2310144,GET,true,493.352
2583,2604,GET,false,10.748
2584,12156,GET,false,11.035
2585,1441792,GET,false,225.937
2586,238272512,GET,false,36500.704
2587,9544,GET,false,13.113
2588,357482496,GET,false,54774.541
2589,7684096,GET,false,1182.956
2590,2628,GET,true,20.182
2591,3408,GET,false,8.927
2592,52412416,GET,false,8034.905
2593,9576,GET,true,15.574
2594,10576,GET,false,9.669
2595,2060,GET,false,8.395
2596,9576,GET,false,9.523
2597,3344,GET,true,12.514
2598,11059200,GET,false,1715.432
2599,2828,GET,true,13.994
2600,4524,GET,true,12.875
2601,819200,GET,false,131.292
2602,1788,GET,true,12.635
2603,20840448,GET,false,3211.096
2604,1368,GET,false,8.774
2605,327680,GET,false,56.562
2606,294912,GET,true,85.458
2607,2404,GET,false,9.609
2608,163840,GET,true,61.533
2609,6784,PUT,false,55.469
2610,1356,GET,false,9.675
2611,3220,GET,false,8.722
2612,12284,GET,false,14.142
2613,11108,GET,false,9.611
2614,13598720,GET,false,2096.402
2615,28442624,GET,true,5614.668
2616,10764288,GET,false,1654.678
2617,1368,GET,true,14.698
2618,2628,GET,true,12.284
2619,2632,GET,true,13.65
2620,1336,GET,false,8.587
2621,2490368,GET,true,485.807
2622,4448,GET,true,14.442
2623,9519104,PUT,false,4129.491
2624,344064,GET,true,99.475
2625,2628,GET,false,10.244
2626,3632,GET,false,9.62
2627,25116672,GET,true,29013.937
2628,2310144,GET,true,13123.816
2629,2060,GET,true,18.229
2630,12156,GET,false,12.372
2631,1900544,GET,false,300.561
2632,41828352,GET,true,7652.242
2633,51478528,GET,false,7893.136
2634,13598720,GET,false,2091.205
2635,13123584,GET,true,27721.968
2636,4524,GET,true,22.648
2637,1916928,GET,true,13268.903
2638,17743872,GET,false,2725.39
2639,2628,GET,false,10.744
2640,13836,GET,true,19.792
2641,1152,GET,true,13.671
2642,10576,GET,false,11.678
2643,671744,GET,false,108.764
2644,1336,GET,false,10.056
2645,2404,GET,true,14.947
2646,32768,GET,true,20.11
2647,12156,GET,false,12.223
2648,2375680,GET,false,369.944
2649,65536,GET,true,25.128
2650,2056,PUT,false,32.562
2651,2310144,GET,false,359.962
2652,2628,GET,false,10.237
2653,16384,GET,true,18.017
2654,13192,GET,true,16.002
2655,1376256,GET,false,217.144
2656,2604,GET,false,11.343
2657,2628,GET,true,14.78
2658,1372,GET,true,14.419
2659,6792,GET,false,11.118
2660,1332,GET,false,10.626
2661,2420,GET,true,14.545
2662,3376,GET,true,15.315
2663,11059200,PUT,false,5008.729
2664,2310144,GET,true,536.84
2665,10576,GET,false,14.104
2666,2080768,GET,true,3096.059
2667,54394880,GET,true,19812.985
2668,10469376,GET,false,1610.322
2669,1116,GET,false,9.812
2670,65536,GET,true,26.73
2671,19791872,GET,true,3570.481
2672,17924096,GET,true,3369.289
2673,16384,GET,true,17.078
2674,9576,GET,false,9.511
2675,3020,GET,true,14.345
2676,2628,GET,true,12.783
2677,12284,GET,true,14.236
2678,83017728,GET,true,16500.519
2679,30720000,GET,false,4713.804
2680,3024,GET,true,27.484
2681,52412416,GET,false,8037.375
2682,851968,GET,false,136.593
2683,11059200,GET,true,2230.966
2684,16187392,GET,false,2486.614
2685,32768,GET,true,22.879
2686,3000,GET,false,12.32
2687,1128,GET,true,14.652
2688,13192,GET,true,16.707
2689,2832,PUT,false,32.829
2690,10408,PUT,false,28.554
2691,3020,GET,false,12.806
2692,2628,GET,false,12.202
2693,2628,GET,true,20.529
2694,52412416,GET,false,8037.585
2695,12284,GET,true,18.735
2696,32768,GET,false,13.189
2697,12284,GET,false,13.217
2698,1980,GET,true,13.799
2699,3000,GET,false,11.42
2700,12284,GET,false,10.434
2701,2628,GET,false,11.061
2702,1152,GET,false,10.656
2703,54394880,GET,true,11651.758
2704,55967744,GET,true,12096.202
2705,163840,GET,false,33.26
2706,2628,GET,false,12.448
2707,9576,GET,false,12.539
2708,1116,GET,true,23.648
2709,16384,GET,true,17.716
2710,2628,GET,true,15.108
2711,54394880,GET,false,8338.081
2712,2632,GET,false,12.567
2713,16187392,GET,false,2486.29
2714,1900,GET,true,16.475
2715,8568832,GET,true,1591.33
2716,6716,GET,true,18.757
2717,2420,GET,false,11.174
2718,1368,GET,true,15.631
2719,3342336,GET,false,518.044
2720,1900544,GET,false,297.824
2721,3000,GET,false,11.66
2722,1980,GET,false,11.451
2723,2632,GET,false,12.079
2724,6732,PUT,false,31.475
2725,2056,GET,true,16.626
2726,2628,GET,true,15.628
2727,1772,GET,true,14.243
2728,16384,GET,true,16.438
2729,86900736,GET,false,13317.395
2730,2628,GET,false,11.1
2731,2628,GET,false,9.786
2732,2162688,GET,true,531.106
2733,10764288,GET,true,2205.837
2734,14663680,GET,false,2255.346
2735,1146880,GET,true,12154.018
2736,26443776,GET,false,4055.811
2737,5560,GET,false,10.38
2738,2628,GET,true,14.551
2739,9027584,GET,true,1574.343
2740,1916928,GET,false,299.448
2741,147456,GET,true,67.496
2742,86900736,GET,false,17809.583
2743,3342336,GET,false,519.855
2744,16384,GET,true,47.051
2745,33898496,GET,true,30710.167
2746,2620,GET,false,19.33
2747,3044,GET,true,25.669
2748,2260,GET,true,15.021
2749,5560,GET,true,14.413
2750,5062656,GET,true,929.576
2751,2628,GET,false,12.065
2752,9879552,GET,true,1784.688
2753,2628,GET,true,18.29
2754,2310144,GET,false,359.738
2755,4960,GET,false,12.917
2756,4960,GET,false,12.642
2757,1372,GET,true,15.413
2758,9338880,GET,false,1436.83
2759,2628,GET,false,11.14
2760,9338880,GET,true,1636.895
2761,2628,GET,false,10.594
2762,2620,GET,true,16.337
2763,2628,GET,false,11.021
2764,11500,GET,false,12.39
2765,2097152,GET,false,326.281
2766,5652,GET,false,10.599
2767,14663680,GET,true,7570.076
2768,3024,GET,false,12.158
2769,3860,GET,false,11.03
2770,2420,GET,false,11.269
2771,3000,GET,false,12.27
2772,32768,GET,true,20.516
2773,1332,GET,false,10.996
2774,9576,GET,false,11.725
2775,4960,GET,false,9.775
2776,16384,GET,true,16.808
2777,12284,GET,false,10.806
2778,2628,GET,true,12.155
2779,3342336,GET,true,24502.497
2780,16384,GET,true,17.177
2781,2628,GET,true,11.471
2782,26443776,GET,true,4518.178
2783,9544,GET,true,16.758
2784,16384,GET,false,11.507
2785,2628,GET,false,9.047
2786,3342336,GET,false,518.951
2787,2628,GET,true,13.816
2788,3860,GET,true,12.694
2789,16187392,GET,false,2486.424
2790,1164,GET,true,13.275
2791,2628,GET,false,10.009
2792,2097152,GET,true,5242.827
2793,16384,GET,false,12.025
2794,2344,GET,false,11.116
2795,30720000,GET,true,5055.76
2796,14663680,GET,true,2461.6
2797,2628,GET,true,16.298
2798,2628,GET,true,10.465
2799,10088,GET,true,15.378
2800,11500,GET,true,14.092
2801,1772,GET,true,11.91
2802,9027584,GET,false,1388.135
2803,2628,GET,true,26.209
2804,2628,GET,true,13.383
2805,2172,GET,false,9.939
2806,3342336,GET,true,610.817
2807,3000,GET,false,9.771
2808,294912,GET,true,80.703
2809,294912,GET,false,50.661
2810,86900736,GET,true,17527.822
2811,5560,GET,false,10.578
2812,3784,GET,false,9.058
2813,65536,GET,false,15.778
2814,3784,GET,false,5.968
2815,2628,GET,false,9.389
2816,1332,GET,false,8.739
2817,3342336,GET,false,518.579
2818,2628,GET,false,9.502
2819,3457024,GET,true,662.129
2820,26443776,GET,true,5217.729
2821,2628,GET,true,13.735
2822,6088,GET,true,13.251
2823,1896,GET,true,12.259
2824,2628,GET,true,12.149
2825,30720000,GET,false,4712.565
2826,1576,GET,false,9.416
2827,54394880,GET,false,8336.825
2828,2097152,GET,true,455.177
2829,54394880,GET,false,8338.479
2830,16384,GET,false,10.73
2831,131072,GET,true,26038.747
2832,2628,GET,false,9.555
2833,16187392,GET,true,16173.029
2834,16384,GET,true,17.497
2835,12156,GET,true,14.346
2836,819200,GET,true,181.747
2837,4524,GET,false,8.809
2838,9371648,GET,true,1641.335
2839,57720832,GET,true,22867.181
2840,2628,GET,true,18.624
2841,2344,GET,true,13.492
2842,2628,GET,false,12.374
2843,6220,GET,false,9.408
2844,49577984,PUT,false,17411.014
2845,2628,GET,true,28.287
2846,9576,GET,true,17.356
2847,20365312,GET,true,12072.253
2848,196608,PUT,false,161.556
2849,3000,GET,false,12.895
2850,12156,GET,false,12.863
2851,14417920,GET,false,2216.455
2852,2804,GET,true,21.121
2853,2628,GET,true,15.39
2854,2628,GET,true,14.983
2855,1277952,GET,true,7076.77
2856,17743872,GET,false,2736.622
2857,2628,GET,true,16.307
2858,1980,GET,false,11.487
2859,9338880,GET,true,1689.902
2860,2628,GET,true,16.509
2861,30720000,GET,true,5568.348
2862,2820,GET,true,15.681
2863,1900544,GET,false,298.19
2864,5016,GET,true,14.452
2865,9027584,GET,false,1404.03
2866,26443776,GET,true,4356.034
2867,2628,GET,true,16.083
2868,1356,GET,false,9.552
2869,671744,GET,false,108.231
2870,3784,GET,false,10.033
2871,4372,PUT,false,28.333
2872,2228,GET,false,9.704
2873,16187392,GET,false,2485.892
2874,16384,GET,false,12.098
2875,2996,GET,false,9.795
2876,51478528,GET,true,9311.132
2877,8956,GET,false,15.033
2878,3784,GET,true,21.636
2879,2195456,GET,false,342.54
2880,16384,GET,true,18.887
2881,671744,GET,false,109.019
2882,52412416,GET,true,34270.225
2883,2212,GET,true,34.678
2884,5390336,GET,true,13542.578
2885,2420,GET,false,12.79
2886,16384,GET,false,15.262
2887,7476,GET,false,12.357
2888,671744,GET,false,108.605
2889,819200,GET,true,214.648
2890,12284,GET,false,14.221
2891,9544,GET,false,12.453
2892,32768,GET,true,22.415
2893,16384,GET,false,12.415
2894,2490368,GET,true,495.356
2895,11157504,GET,false,1720.169
2896,2628,GET,true,17.663
2897,2804,GET,true,15.003
2898,9576,GET,true,15.39
2899,9338880,GET,false,1437.331
2900,53903360,GET,false,8264.173
2901,4960,GET,true,15.606
2902,7344,GET,true,20.697
2903,3220,GET,true,14.428
2904,1236,GET,false,11.349
2905,2832,GET,true,13.485
2906,3936,GET,false,11.873
2907,26443776,GET,false,4055.631
2908,7052,GET,false,11.333
2909,9544,GET,true,16.519
2910,16384,GET,true,16.723
2911,1152,GET,false,8.801
2912,2832,GET,true,13.654
2913,51478528,GET,true,10255.761
2914,1368,GET,false,15.345
2915,2097152,GET,false,326.912
2916,3680,GET,false,11.824
2917,2628,GET,true,28.973
2918,2628,GET,false,10.808
2919,3860,GET,false,12.673
2920,2628,GET,true,14.914
2921,3000,GET,false,12.268
2922,2340,GET,true,14.781
2923,2632,GET,true,14.705
2924,29868032,GET,true,5709.7
2925,7200,GET,false,13.977
2926,54394880,GET,false,8339.605
2927,15548416,GET,false,2389.637
2928,3784,GET,false,10.62
2929,12284,GET,false,10.585
2930,1356,GET,true,16.412
2931,1336,GET,false,10.481
2932,1368,GET,true,12.837
2933,1900544,GET,false,296.862
2934,11500,GET,false,10.725
2935,2828,GET,false,9.989
2936,1128,GET,false,8.856
2937,3324,GET,true,189.044
2938,30720000,GET,false,4733.527
2939,2628,GET,false,22.58
2940,3522560,GET,false,545.901
2941,1064960,GET,true,239.126
2942,32768,GET,true,23.561
2943,1332,GET,true,17.556
2944,2949120,GET,true,554.019
2945,12284,GET,false,10.309
2946,3020,GET,false,10.218
2947,2244608,GET,true,835.134
2948,6004,GET,false,13.401
2949,86900736,GET,true,29094.657
2950,2628,GET,false,29.053
2951,2628,GET,false,54.812
2952,12284,GET,false,14.194
2953,12284,GET,true,34.002
2954,16384,PUT,false,34.374
2955,2195456,GET,false,343.862
2956,6904,GET,true,20.717
2957,30720000,GET,true,6198.865
2958,671744,GET,false,109.403
2959,196608,GET,true,76.16
2960,2632,GET,true,41.892
2961,2628,GET,true,20.679
2962,12284,GET,true,15.596
2963,65536,GET,false,16.253
2964,16384,GET,true,18.131
2965,2340,GET,false,12.793
2966,15548416,GET,false,2391.064
2967,2490368,GET,false,389.867
2968,655360,GET,false,107.369
2969,1156,GET,true,15.754
2970,2628,GET,false,11.933
2971,2804,GET,true,15.231
2972,12284,GET,false,12.863
2973,9544,GET,true,16.266
2974,2310144,GET,true,512.552
2975,1720,GET,false,11.937
2976,1116,GET,true,16.556
2977,7200,GET,true,15.367
2978,7200,GET,true,12.254
2979,3324,GET,true,15.675
2980,1277952,GET,true,9136.42
2981,2080768,GET,true,400.501
2982,4572,GET,true,18.361
2983,2184,PUT,false,25.964
2984,16384,GET,true,17.8
2985,6680,GET,true,15.728
2986,9879552,GET,false,1523.572
2987,3260,GET,true,14.616
2988,49152,GET,false,14.705
2989,6920,GET,false,10.56
2990,1152,GET,true,13.792
2991,2420,GET,true,12.962
2992,2340,GET,false,9.33
2993,2804,GET,true,11.311
2994,3020,GET,false,9.881
2995,1760,GET,false,9.408
2996,16384,GET,false,11.873
2997,3342336,GET,true,739.473
2998,393216,GET,false,66.271
2999,2344,GET,true,15.055
3000,6928,GET,false,12.338
3001,2832,GET,false,10.376
3002,1156,GET,false,9.864
3003,2604,GET,false,10.008
3004,2195456,GET,true,446.648
3005,7344,GET,true,14.827
3006,3936,GET,false,9.876
3007,12284,GET,false,9.046
3008,6728,GET,true,13.259
3009,147456,GET,true,59.786
3010,33767424,GET,true,7044.919
3011,3856,GET,true,33.975
3012,2056,GET,true,18.193
3013,4524,GET,true,15.884
3014,51478528,GET,true,9778.347
3015,54394880,GET,false,8340.139
3016,2628,GET,false,12.972
3017,52412416,GET,false,8035.671
3018,2097152,GET,true,408.869
3019,2310144,GET,false,364.131
3020,182452224,GET,false,27953.446
3021,72876032,GET,true,37657.899
3022,2628,GET,true,36.002
3023,2340,GET,false,14.434
3024,2628,GET,false,16.02
3025,86900736,GET,true,29488.815
3026,2632,GET,false,142.957
3027,1156,GET,true,60.275
3028,2195456,GET,false,344.976
3029,16187392,GET,true,3450.983
3030,655360,GET,false,108.601
3031,16187392,GET,false,2487.735
3032,2097152,GET,true,452.662
3033,2344,GET,false,19.101
3034,3020,GET,false,17.706
3035,1916928,PUT,false,838.278
3036,671744,PUT,false,360.834
3037,2628,GET,true,23.299
3038,114688,PUT,false,560.4
3039,2804,GET,false,17.955
3040,4960,GET,true,22.212
3041,2996,GET,false,16.245
3042,2899968,GET,false,451.269
3043,1064960,GET,true,11606.349
3044,3784,GET,true,22.207
3045,2056,PUT,false,28.679
3046,4528,GET,false,16.183
3047,3220,GET,true,18.861
3048,3936,GET,true,17.945
3049,2195456,GET,true,431.014
3050,91504640,GET,true,40190.505
3051,1772,GET,false,22.329
3052,6920,GET,true,28.986
3053,2828,GET,true,19.465
3054,1536,GET,true,19.049
3055,737280,GET,false,119.733
3056,1532,GET,false,14.236
3057,54394880,GET,true,11829.793
3058,2464,GET,false,20.463
3059,3860,GET,false,13.016
3060,2628,GET,false,14.243
3061,9027584,GET,false,1408.379
3062,52412416,GET,false,8035.352
3063,78348288,GET,true,16727.147
3064,27688960,GET,true,30442.09
3065,2260,GET,false,16.109
3066,1900,GET,true,25.954
3067,1336,GET,false,12.616
3068,1336,GET,true,14.775
3069,2828,GET,true,16.882
3070,6728,GET,false,15.574
3071,9240,GET,false,13.394
3072,4931584,GET,false,762.492
3073,2628,GET,false,11.699
3074,6720,GET,true,17.203
3075,278528,GET,true,11391.979
3076,5344,GET,true,16.928
3077,3680,GET,true,15.89
3078,16384,GET,false,17.562
3079,12156,GET,false,13.458
3080,78348288,GET,true,37420.962
3081,10368,GET,true,38.213
3082,10368,GET,true,14.065
3083,16384,GET,false,17.866
3084,16384,GET,true,19.563
3085,278528,GET,true,12399.214
