0,26443776,GET,false,4058.098
1,2144,GET,true,13.42
2,2310144,GET,false,359.843
3,1980,GET,true,12.455
4,1152,GET,true,13.909
5,2404,GET,false,10.261
6,2628,GET,false,7.292
7,1336,GET,true,11.123
8,1772,GET,true,11.646
9,14708,GET,true,13.004
10,40943616,GET,false,6278.648
11,2195456,GET,true,497.743
12,2404,GET,false,9.876
13,4931584,GET,false,765.424
14,2420,GET,false,8.849
15,30720000,GET,false,4712.207
16,2212,GET,false,9.56
17,1584,GET,true,13.523
18,114688,GET,true,33.01
19,20365312,GET,false,3126.477
20,65536,PUT,false,137.445
21,16187392,GET,true,2722.961
22,4016,GET,false,10.613
23,15548416,GET,false,2388.139
24,10764288,GET,false,1653.768
25,14663680,GET,false,2252.439
26,23822336,GET,false,3654.032
27,1116,GET,true,13.745
28,2628,GET,false,8.421
29,1152,GET,false,8.454
30,10088,GET,false,8.882
31,16384,GET,false,10.086
32,1980,GET,true,12.234
33,1900544,GET,false,296.007
34,2628,GET,true,12.907
35,2996,GET,false,8.504
36,54394880,GET,false,8336.034
37,3000,GET,false,11.032
38,2628,GET,true,12.511
39,3784,GET,true,12.508
40,851968,GET,false,135.856
41,671744,GET,true,166.642
42,7476,GET,true,14.648
43,2628,GET,false,8.862
44,2080768,GET,false,324.294
45,3342336,GET,true,629.067
46,3784,GET,true,12.274
47,3342336,GET,true,620.323
48,1720,PUT,false,31.587
49,1332,GET,false,9.217
50,819200,GET,false,130.456
51,2628,GET,false,7.583
52,12284,GET,false,9.131
53,7596,GET,true,14.267
54,3376,GET,true,12.589
55,9544,GET,false,9.782
56,1336,GET,true,9.769
57,7852,GET,false,8.593
58,2097152,GET,true,396.014
59,32768,GET,true,18.649
60,1372,GET,false,9.464
61,65536,GET,false,15.995
62,3020,GET,true,12.866
63,86900736,GET,true,18609.744
64,2340,GET,false,9.1
65,12284,GET,true,15.933
66,2080768,GET,false,324.017
67,2340,GET,true,12.122
68,10088,GET,false,9.155
69,1900544,GET,true,973.586
70,2628,GET,false,9.772
71,2844,GET,true,12.962
72,28606464,GET,false,4386.802
73,132939776,GET,false,20366.773
74,9338880,GET,false,1450.772
75,2144,GET,false,7.949
76,1576,GET,true,11.79
77,17743872,GET,false,2732.786
78,55967744,GET,false,8577.939
79,14663680,GET,false,2252.294
80,10764288,GET,false,1675.216
81,1788,GET,false,7.485
82,1966080,GET,true,25446.321
83,1788,PUT,false,29.477
84,62947328,GET,false,9647.059
85,4524,GET,false,9.891
86,1980,GET,false,7.54
87,1332,GET,false,8.606
88,3680,GET,false,7.963
89,1128,GET,false,7.458
90,2340,GET,false,6.354
91,1336,GET,true,12.905
92,10404,GET,true,13.118
93,16187392,GET,false,2496.531
94,2195456,GET,true,515.403
95,1788,GET,false,9.223
96,1128,GET,false,6.284
97,54394880,GET,false,8352.372
98,32768,GET,false,11.355
99,3020,GET,false,8.117
100,2844,GET,false,8.299
101,3784,GET,true,12.449
102,4960,GET,true,12.222
103,6728,GET,true,12.159
104,110198784,GET,false,16885.574
105,3162112,GET,false,490.406
106,12284,GET,false,9.581
107,14663680,GET,false,2251.492
108,3342336,GET,false,517.474
109,33767424,PUT,false,9062.961
110,2628,GET,true,27.488
111,2310144,GET,true,25554.328
112,6920,GET,true,18.754
113,51478528,GET,true,11145.833
114,2628,GET,false,12.004
115,1156,GET,true,16.68
116,2628,GET,false,10.344
117,1988,GET,true,14.4
118,2112,GET,true,13.979
119,2490368,GET,false,387.528
120,114688,GET,true,31.675
121,55197696,GET,false,8465.815
122,16384,GET,true,18.481
123,294912,GET,false,51.49
124,3000,GET,false,11.104
125,2820,GET,false,9.733
126,32768,GET,true,19.469
127,2628,GET,true,13.759
128,2949120,GET,true,558.509
129,7476,GET,false,9.303
130,2785280,GET,false,431.945
131,2060,GET,false,10.263
132,2628,GET,true,13.534
133,2628,GET,true,14.283
134,3024,GET,true,12.962
135,1332,GET,false,8.453
136,2628,GET,true,13.71
137,1772,GET,true,12.962
138,2228224,PUT,false,744.808
139,3784,GET,false,12.302
140,2628,GET,false,10.828
141,54394880,GET,true,10220.642
142,2628,GET,true,22.117
143,12656,PUT,false,40.881
144,1152,GET,false,12.761
145,2628,GET,true,15.831
146,65536,GET,true,26.417
147,4448,GET,false,11.213
148,1332,GET,false,11.333
149,1900,GET,true,14.955
150,16384,GET,true,17.163
151,17743872,GET,false,2725.228
152,8004,GET,true,15.711
153,2628,GET,false,9.975
154,2144,GET,true,14.29
155,3256,GET,true,13.954
156,6908,GET,false,10.807
157,5236,GET,true,14.108
158,196608,GET,true,79.931
159,2628,GET,true,42.005
160,1916928,GET,true,377.511
161,16384,GET,true,18.861
162,54394880,GET,true,11220.997
163,1772,GET,true,15.88
164,8004,GET,true,13.987
165,2628,GET,false,9.149
166,1584,GET,true,13.874
167,2604,GET,false,10.99
168,9576,GET,true,15.773
169,1772,GET,true,12.605
170,2344,GET,true,11.957
171,2420,GET,false,9.841
172,147456,GET,true,64.982
173,671744,GET,false,111.863
174,65536,GET,true,40.353
175,196608,GET,true,103.932
176,2628,GET,true,85.424
177,3376,GET,false,11.574
178,2344,GET,true,15.808
179,2628,GET,false,13.084
180,2424,GET,false,9.639
181,26443776,GET,true,4385.689
182,32768,GET,false,13.218
183,3416,GET,true,15.316
184,7028736,GET,true,1422.069
185,5184,GET,true,16.284
186,1064960,GET,false,168.83
187,9576,GET,true,15.301
188,1980,GET,true,12.18
189,10764288,GET,true,1852.072
190,2828,GET,true,14.831
191,65536,GET,false,16.29
192,5184,GET,false,9.176
193,2344,GET,true,11.575
194,1964,GET,true,12.28
195,7476,GET,false,9.191
196,15269888,GET,true,3215.41
197,1028,GET,false,9.773
198,1720,PUT,false,32.044
199,7946240,GET,false,1222.884
200,2212,GET,true,14.069
201,2628,GET,false,8.836
202,16384,GET,true,14.564
203,2628,GET,true,11.635
204,2628,GET,true,12.119
205,1116,GET,false,8.234
206,6992,GET,false,9.158
207,2628,GET,true,11.964
208,2420,GET,true,11.088
209,2195456,GET,true,437.828
210,65536,GET,false,15.036
211,1236,GET,true,13.3
212,16384,GET,true,14.571
213,5390336,PUT,false,1657.727
214,1988,GET,false,9.489
215,2628,GET,false,9.594
216,16384,GET,true,15.659
217,10368,GET,false,9.802
218,16384,GET,true,11.978
219,2097152,GET,false,327.171
220,671744,PUT,false,224.527
221,358039552,GET,true,73763.638
222,2628,GET,false,7.32
223,16384,GET,true,18.108
224,1156,GET,false,9.437
225,10764288,GET,true,1892.908
226,12284,GET,false,9.926
227,2012,GET,false,8.105
228,12284,GET,true,16.33
229,1040,GET,false,7.927
230,4964352,GET,false,769.064
231,1720,PUT,false,33.141
232,3024,GET,false,9.541
233,1116,GET,false,9.183
234,3342336,GET,true,609.942
235,10320,PUT,false,31.511
236,1916928,GET,false,303.974
237,16187392,GET,false,2511.103
238,2310144,GET,false,359.588
239,12156,GET,false,9.754
240,88768512,GET,true,19257.937
241,12156,GET,true,16.329
242,6720,PUT,false,28.807
243,12284,GET,true,14.611
244,4392,GET,false,9.057
245,589824,GET,true,144.782
246,16384,GET,false,10.264
247,32768,GET,true,18.715
248,1720,GET,true,11.939
249,182452224,GET,false,27951.401
250,16384,GET,true,14.487
251,16187392,GET,false,2495.186
252,2628,GET,false,8.987
253,2632,GET,true,15.865
254,12284,GET,false,8.163
255,11500,GET,true,13.942
256,9388032,GET,false,1453.126
257,10272768,GET,false,1592.642
258,10272768,GET,false,1582.202
259,2628,GET,true,13.051
260,2420,GET,false,7.925
261,2420,GET,false,8.287
262,6000,GET,false,8.59
263,4833280,GET,false,745.756
264,3768320,GET,false,582.563
265,1040,GET,false,6.459
266,4088,GET,false,8.61
267,6728,PUT,false,28.742
268,2804,GET,true,13.032
269,357416960,GET,true,75287.116
270,2420,GET,false,7.315
271,1780,PUT,false,29.793
272,12156,GET,true,16.164
273,2340,GET,true,12.609
274,1152,GET,true,12.285
275,2628,GET,false,8.767
276,1576,GET,true,12.525
277,2260,GET,true,11.72
278,15548416,GET,true,2688.74
279,3342336,GET,true,624.044
280,1064960,GET,false,167.871
281,2996,GET,true,13.752
282,3652,PUT,false,28.128
283,17743872,GET,true,3478.36
284,3784,GET,true,14.885
285,4572,GET,false,9.626
286,3000,GET,false,7.829
287,1568,GET,true,11.006
288,7456,GET,true,12.465
289,4592,GET,false,7.957
290,1372,GET,true,10.823
291,13565952,GET,true,2754.441
292,1900,GET,false,9.642
293,2260,GET,false,7.854
294,819200,GET,false,130.577
295,671744,GET,true,173.245
296,2404,GET,false,7.87
297,26918912,GET,true,4550.477
298,6376,PUT,false,30.349
299,9240576,GET,true,27187.485
300,2310144,GET,false,358.819
301,1332,GET,true,13.91
302,1116,GET,true,12.151
303,9240576,PUT,false,14635.329
304,294912,GET,true,10482.186
305,16384,GET,true,16.688
306,819200,GET,true,186.069
307,1900544,GET,true,397.367
308,4092,GET,true,14.162
309,52412416,GET,false,8033.016
310,12156,GET,true,15.183
311,170737664,PUT,false,51890.801
312,2080768,GET,true,425.11
313,9544,GET,true,25.119
314,3652,GET,false,11.133
315,1980,GET,false,11.085
316,1916928,GET,true,382.675
317,170737664,GET,true,37015.013
318,1966080,GET,true,394.421
319,2628,GET,false,11.824
320,12156,GET,true,19.4
321,2310144,GET,false,359.258
322,52412416,GET,true,11041.409
323,3784,GET,true,15.583
324,2628,GET,false,9.109
325,2604,GET,false,8.932
326,2828,GET,true,12.226
327,1128,GET,false,7.684
328,294912,GET,true,88.164
329,2628,GET,false,8.63
330,671744,GET,false,108.141
331,17743872,GET,true,28008.277
332,4960,GET,false,10.619
333,5560,GET,false,9.585
334,3784,GET,false,9.028
335,3342336,GET,false,518.024
336,2628,GET,true,13.745
337,12284,GET,false,9.942
338,1584,GET,true,11.623
339,2996,GET,false,8.518
340,6308,GET,true,13.443
341,14663680,GET,true,13965.577
342,1376256,GET,true,275.685
343,16384,GET,false,11.031
344,6708,GET,false,9.393
345,2628,GET,true,14.365
346,4960,GET,true,13.184
347,1584,GET,true,12.211
348,1352,GET,false,8.41
349,1364,GET,true,12.914
350,65536,GET,true,23.878
351,6916,GET,false,9.454
352,54394880,GET,false,8337.874
353,4960,GET,true,13.501
354,1152,GET,true,12.096
355,4960,GET,true,12.522
356,7476,GET,true,12.702
357,3000,GET,true,11.359
358,1336,GET,false,8.893
359,6788,GET,true,13.936
360,4960,GET,true,9.561
361,2628,GET,false,8.218
362,2832,GET,true,12.899
363,16384,GET,true,13.98
364,1372,GET,true,10.622
365,1332,GET,false,7.794
366,16154624,GET,true,2707.298
367,54394880,GET,false,8353.865
368,1772,GET,true,13.674
369,12156,GET,false,10.048
370,7344,PUT,false,27.154
371,3240,GET,true,13.845
372,2628,GET,true,12.513
373,11059200,PUT,false,3433.656
374,2404,GET,false,9.562
375,12156,GET,false,10.816
376,3228,GET,false,8.278
377,51478528,GET,false,7890.564
378,1332,GET,false,8.63
379,54394880,GET,true,11799.104
380,54394880,GET,false,8337.037
381,16384,GET,true,17.457
382,1064960,GET,false,168.785
383,557056,GET,true,163.081
384,52412416,GET,true,9722.342
385,20316160,GET,false,3129.137
386,12284,GET,true,20.448
387,30720000,GET,false,4712.705
388,4960,GET,true,14.724
389,2804,GET,false,9.248
390,2628,GET,false,8.804
391,2516,GET,true,12.769
392,2628,GET,true,12.773
393,1584,GET,false,8.916
394,16187392,GET,false,2509.176
395,9764864,GET,false,1504.154
396,1332,GET,true,13.815
397,2420,GET,false,10.403
398,9576,GET,true,14.709
399,3342336,GET,false,516.849
400,2310144,GET,true,505.341
401,12284,GET,true,16.813
402,9027584,GET,false,1404.155
403,2680,PUT,false,26.321
404,6912,GET,false,10.481
405,2060,GET,false,9.573
406,16384,GET,false,10.732
407,294912,GET,false,50.935
408,2490368,GET,true,499.241
409,720896,GET,true,178.754
410,12284,GET,false,10.38
411,2632,GET,false,9.771
412,1988,GET,true,14.026
413,1236,GET,false,9.612
414,2628,GET,false,9.549
415,294912,GET,false,50.858
416,1146880,GET,false,182.187
417,1116,GET,false,9.306
418,9576,GET,false,10.118
419,1332,GET,true,13.216
420,1900544,GET,true,395.037
421,10320,GET,true,16.47
422,1128,GET,false,13.666
423,6932,GET,false,9.453
424,1772,GET,true,13.241
425,2828,GET,true,13.093
426,4960,GET,true,11.992
427,2344,GET,true,12.32
428,2628,GET,false,9.852
429,65536,GET,true,24.489
430,15548416,GET,true,2820.31
431,2260,GET,true,15.143
432,1584,GET,false,9.164
433,2056,PUT,false,22.862
434,2480,GET,true,18.706
435,9544,GET,false,9.601
436,86900736,GET,false,13316.067
437,6712,GET,false,10.252
438,9240,GET,true,15.483
439,1584,GET,false,9.641
440,2080768,GET,false,324.119
441,33767424,GET,true,6673.621
442,737280,GET,false,133.029
443,2112,GET,true,21.605
444,11500,GET,true,16.77
445,294912,GET,false,50.44
446,1584,GET,true,13.37
447,3376,GET,false,9.542
448,6716,GET,false,9.812
449,51478528,GET,false,7889.906
450,107085824,GET,true,19123.223
451,2420,GET,false,13.634
452,4448,GET,false,10.865
453,2628,GET,false,10.736
454,4524,GET,true,25.441
455,6968,GET,true,15.272
456,2056,PUT,false,40.864
457,1336,GET,false,10.545
458,3220,GET,false,11.417
459,30720000,GET,true,6335.262
460,1152,GET,true,17.791
461,3860,GET,false,10.866
462,1356,GET,false,9.78
463,1236,GET,true,13.729
464,12284,GET,true,16.687
465,2628,GET,true,13.139
466,3000,GET,false,10.582
467,2604,GET,true,13.404
468,2420,GET,false,10.108
469,2420,GET,false,9.968
470,2420,GET,true,13.661
471,3000,GET,true,13.39
472,4656,GET,true,13.731
473,2628,GET,true,11.49
474,32768,GET,false,13.695
475,3936,GET,false,10.559
476,12996,GET,true,15.745
477,2844,GET,false,9.06
478,10764288,GET,false,1673.01
479,16384,GET,true,17.56
480,1336,GET,false,7.818
481,1156,GET,false,10.333
482,6572,GET,false,9.952
483,2212,GET,false,10.621
484,3680,GET,true,14.844
485,52412416,GET,true,8479.149
486,3784,GET,true,19.405
487,110215168,GET,false,16886.641
488,54394880,GET,false,8337.268
489,1916928,GET,false,299.886
490,1900,GET,false,9.999
491,2112,GET,false,9.845
492,2628,GET,true,16.03
493,30720000,GET,false,4713.193
494,2628,GET,false,10.669
495,819200,GET,false,132.17
496,2628,GET,false,10.552
497,3860,GET,true,13.744
498,5160960,GET,false,797.799
499,3000,GET,false,10.242
500,3817472,GET,false,590.521
501,819200,GET,false,131.346
502,2097152,GET,true,465.742
503,3680,GET,false,8.382
504,1116,GET,false,10.72
505,2628,GET,false,7.069
506,2628,GET,false,9.98
507,151633920,GET,true,59972.824
508,2260,GET,true,32.656
509,2144,GET,false,12.381
510,3784,GET,false,12.601
511,1980,GET,false,12.836
512,2628,GET,false,10.881
513,2628,GET,true,14.629
514,2628,GET,true,14.988
515,2628,GET,false,12.094
516,1982464,GET,false,309.74
517,2310144,GET,false,359.871
518,3342336,GET,false,519.496
519,2949120,GET,false,457.947
520,54394880,GET,false,8338.234
521,2628,GET,true,18.353
522,262144,GET,true,2687.867
523,2490368,GET,true,476.277
524,5560,GET,false,11.967
525,21528576,GET,false,3323.832
526,367247360,GET,true,67122.119
527,83017728,GET,false,12723.292
528,2628,GET,true,31.871
529,1372,GET,false,10.513
530,2195456,GET,true,406.798
531,16384,GET,true,20.297
532,16384,GET,true,14.599
533,16384,GET,false,13.036
534,2804,GET,false,11.222
535,819200,GET,true,764.347
536,12284,GET,true,18.209
537,2420,GET,false,12.494
538,6520832,GET,true,12681.417
539,16384,GET,true,17.904
540,12284,GET,false,11.341
541,52412416,GET,true,9535.995
542,6728,GET,false,12.768
543,2628,GET,true,21.673
544,3020,GET,true,15.151
545,3342336,GET,false,517.822
546,19791872,GET,false,3038.352
547,54394880,GET,true,8626.76
548,2628,GET,true,17.494
549,16187392,GET,true,2617.101
550,2632,GET,false,11.074
551,2628,GET,false,11.382
552,16187392,GET,false,2501.717
553,5816320,GET,false,896.947
554,2604,GET,true,14.622
555,2310144,GET,true,527.413
556,9682944,GET,false,1487.953
557,1372,GET,true,14.312
558,3000,GET,true,14.141
559,2628,GET,true,13.273
560,1568,GET,true,12.969
561,2310144,GET,false,359.683
562,2628,GET,false,11.325
563,2310144,GET,false,358.933
564,6784,GET,true,14.175
565,2628,GET,false,10.145
566,1966080,GET,false,307.066
567,6932,GET,false,10.227
568,2162688,GET,true,481.246
569,4524,GET,true,16.143
570,9879552,GET,true,1969.011
571,1128,GET,true,14.483
572,2604,GET,false,9.949
573,3020,GET,false,9.986
574,1368,GET,false,8.782
575,655360,GET,true,143.999
576,1116,GET,true,13.268
577,10764288,GET,true,1754.29
578,12284,GET,false,11.01
579,2112,GET,true,12.873
580,1332,GET,false,9.522
581,1900544,GET,false,297.479
582,65536,GET,false,15.322
583,2628,GET,true,10.576
584,5576,GET,false,8.415
585,16384,GET,false,8.842
586,3220,GET,false,9.59
587,6632,GET,true,13.048
588,51478528,GET,false,7890.704
589,12156,GET,false,11.337
590,1584,GET,true,17.979
591,51478528,GET,true,10682.62
592,2628,GET,false,10.403
593,6504448,GET,false,1004.769
594,9420800,GET,true,2021.6
595,2628,GET,true,15.216
596,294912,GET,true,96.535
597,2804,GET,true,13.638
598,10408,GET,false,10.197
599,12284,GET,true,14.942
600,17743872,GET,false,2726.343
601,86065152,GET,false,13188.88
602,163840,PUT,false,595.807
603,3784,GET,true,17.732
604,10698752,GET,true,13679.978
605,32768,GET,true,19.412
606,23248896,GET,false,3566.596
607,3020,GET,true,13.589
608,3376,GET,true,11.913
609,2080768,GET,false,323.506
610,15548416,GET,true,3087.423
611,2628,GET,false,8.571
612,10368,GET,false,10.694
613,1900544,GET,true,358.461
614,2310144,GET,false,367.548
615,151633920,GET,false,23230.779
616,16384,GET,false,10.849
617,2628,GET,false,7.767
618,2628,GET,true,14.195
619,15024128,GET,true,2763.927
620,16384,GET,false,10.717
621,2828,GET,true,12.979
622,3948,PUT,false,24.273
623,8476,GET,false,10.593
624,5560,GET,true,14.089
625,3000,GET,false,8.414
626,1040,GET,true,12.788
627,6724,GET,true,13.089
628,1152,GET,false,9.36
629,1372,GET,true,10.23
630,1772,GET,true,11.576
631,1982464,GET,false,308.907
632,1364,GET,true,11.985
633,2628,GET,true,10.038
634,2490368,GET,false,386.774
635,2628,GET,true,11.771
636,2060,GET,true,11.447
637,671744,GET,false,107.521
638,1760,GET,false,8.109
639,2412,GET,false,8.112
640,51478528,GET,true,8111.574
641,3817472,GET,true,818.294
642,2056,PUT,false,24.518
643,52412416,GET,true,10893.626
644,16384,GET,true,19.105
645,2628,GET,false,8.776
646,1368,GET,true,12.194
647,6720,GET,false,8.439
648,2112,GET,false,8.311
649,294912,GET,false,51.049
650,3000,GET,true,12.835
651,2340,GET,false,8.449
652,65536,GET,false,15.808
653,2804,GET,true,12.499
654,1336,GET,true,11.85
655,2420,GET,false,8.256
656,32768,GET,true,15.364
657,12156,GET,false,9.264
658,147456,GET,true,98.425
659,65536,GET,false,38.256
660,2632,GET,false,24.364
661,2628,GET,true,47.121
662,26443776,GET,true,4230.377
663,13304,GET,false,10.17
664,1507328,GET,true,8812.392
665,2840,GET,true,15.64
666,11862016,GET,true,1919.027
667,1982464,GET,false,309.85
668,12284,GET,false,9.483
669,9544,GET,false,9.514
670,2628,GET,true,13.004
671,1584,GET,true,11.072
672,7476,GET,false,9.51
673,12284,GET,false,9.605
674,4524,GET,false,8.91
675,1818624,GET,true,333.14
676,2628,GET,true,12.99
677,2628,GET,false,7.894
678,2832,GET,true,13.03
679,12284,GET,true,12.746
680,12284,GET,true,13.13
681,55967744,GET,false,8578.566
682,1368,GET,false,7.938
683,2420,GET,false,6.908
684,3784,GET,false,8.951
685,47415296,GET,true,30834.899
686,6904,GET,false,19.096
687,12284,GET,false,14.576
688,2628,GET,true,21.9
689,16384,GET,true,17.834
690,2804,GET,false,9.873
691,4960,GET,true,15.248
692,30539776,GET,false,4683.796
693,2144,GET,false,11.002
694,2628,GET,false,10.693
695,1576,PUT,false,29.322
696,2628,GET,false,12.364
697,2628,GET,true,14.246
698,655360,GET,false,106.94
699,1982464,GET,false,310.231
700,2144,GET,false,10.475
701,27688960,GET,true,4605.172
702,655360,GET,false,106.126
703,2628,GET,false,10.422
704,3592,GET,true,17.314
705,30720000,GET,true,5031.475
706,2080768,GET,false,324.762
707,2628,GET,false,9.644
708,51478528,GET,false,7891.419
709,54394880,GET,true,11291.165
710,7476,GET,false,10.328
711,3000,GET,false,10.372
712,2996,GET,false,8.832
713,2628,GET,true,18.461
714,32653312,GET,false,5006.784
715,16384,GET,true,16.234
716,704512,GET,false,113.635
717,2828,GET,false,8.265
718,2628,GET,true,13.205
719,2628,GET,true,12.429
720,704512,GET,false,112.334
721,32653312,GET,false,5006.46
722,2628,GET,true,14.126
723,2420,GET,true,12.417
724,125108224,GET,false,19169.58
725,9576,GET,false,10.519
726,1584,GET,true,12.419
727,1332,GET,false,8.19
728,3856,GET,false,9.131
729,278528,GET,true,105.644
730,2804,GET,true,13.963
731,1420,GET,false,8.483
732,3220,GET,false,8.629
733,278528,GET,true,305.26
734,2628,GET,true,14.072
735,1332,GET,true,11.972
736,9764864,GET,false,1502.726
737,12156,GET,false,9.403
738,16384,GET,true,15.394
739,238272512,GET,true,59016.933
740,3904,GET,true,16.179
741,32768,GET,false,12.632
742,2820,GET,true,13.02
743,671744,PUT,false,407.522
744,1332,GET,true,14.445
745,2097152,GET,true,437.572
746,16384,GET,false,10.112
747,278528,GET,true,91.704
748,2832,GET,true,13.9
749,2056,GET,true,12.509
750,2420,GET,false,8.441
751,2949120,GET,true,643.442
752,2628,GET,false,9.193
753,12284,GET,false,9.465
754,2832,GET,false,8.742
755,2310144,GET,true,457.904
756,65536,GET,true,24.648
757,2832,GET,false,8.54
758,2632,GET,false,9.27
759,4148,GET,true,12.629
760,95682560,GET,true,17025.361
761,2260,GET,true,19.782
762,16384,GET,true,16.323
763,819200,GET,true,182.501
764,6732,GET,true,15.07
765,1900,GET,false,10.419
766,2080768,GET,true,436.679
767,1772,GET,true,14.179
768,1916928,GET,true,380.87
769,12284,GET,false,10.803
770,16384,GET,false,10.778
771,55197696,GET,true,10355.021
772,2628,GET,false,12.274
773,2628,GET,true,21.104
774,1720,GET,true,14.145
775,4964,GET,false,10.181
776,5652480,GET,false,871.63
777,2628,GET,true,15.176
778,2628,GET,false,11.727
779,671744,GET,true,651.538
780,12284,GET,false,12.758
781,2097152,GET,false,326.967
782,49577984,GET,true,21377.369
783,12156,GET,false,13.216
784,14663680,GET,true,3221.486
785,3342336,GET,false,517.707
786,9027584,GET,true,1622.525
787,2412,GET,true,14.902
788,2828,GET,false,10.092
789,2628,GET,false,9.036
790,2310144,GET,true,440.055
791,2832,GET,false,9.942
792,151633920,GET,false,23233.28
793,12156,GET,false,10.694
794,6732,GET,true,14.525
795,1764,GET,false,9.114
796,3784,GET,false,9.28
797,12284,GET,false,10.386
798,6968,GET,true,15.675
799,1336,GET,false,8.7
800,17743872,GET,true,28327.768
801,2628,GET,true,15.646
802,4259840,GET,true,13290.719
803,12284,GET,false,9.912
804,2310144,GET,false,358.714
805,4448,GET,true,14.007
806,9338880,GET,false,1451.708
807,9027584,GET,true,1825.952
808,147456,GET,false,29.277
809,2144,GET,true,14.013
810,3904,GET,false,9.198
811,194838528,GET,false,29847.091
812,14920,GET,true,15.949
813,1372,GET,false,9.486
814,2310144,GET,true,950.334
815,2260,GET,true,13.793
816,3932,GET,false,9.561
817,655360,GET,true,11886.627
818,1116,GET,true,14.733
819,3680,GET,false,9.288
820,294912,GET,false,51.334
821,9027584,GET,true,1730.589
822,2628,GET,false,8.984
823,2628,GET,true,13.861
824,12156,GET,false,9.697
825,1372,GET,true,12.709
826,10764288,GET,true,1881.646
827,10764288,GET,false,1655.385
828,9576,GET,true,14.646
829,2310144,GET,true,465.126
830,16187392,GET,true,2730.323
831,3860,GET,false,9.384
832,3784,GET,false,8.854
833,9519104,GET,false,1473.593
834,9544,GET,true,18.566
835,2996,GET,false,8.856
836,54394880,GET,true,12046.319
837,4756,GET,true,15.6
838,2628,GET,true,11.796
839,1832,GET,false,8.747
840,12284,GET,false,9.979
841,147456,GET,false,27.912
842,182452224,GET,false,27953.021
843,51478528,GET,false,7892.068
844,78348288,GET,false,12005.254
845,1368,GET,true,13.56
846,12156,GET,true,13.988
847,2628,GET,false,7.789
848,54394880,PUT,false,17808.942
849,2056,GET,false,9.577
850,1156,GET,false,8.826
851,1900,GET,false,7.918
852,9568256,GET,false,1487.372
853,22675456,GET,true,28655.484
854,2628,GET,true,15.297
855,2628,GET,true,11.877
856,3784,GET,true,12.024
857,2195456,GET,false,342.38
858,14663680,GET,false,2256.686
859,4756,GET,false,9.426
860,819200,GET,true,10177.152
861,4284,GET,true,15.271
862,1179648,GET,true,260.682
863,151633920,GET,false,23233.672
864,6716,GET,true,15.338
865,3020,GET,false,9.133
866,35553280,GET,false,5451.959
867,8159232,GET,false,1256.063
868,65536,GET,true,24.746
869,1332,GET,true,12.269
870,3936,GET,true,12.076
871,1900544,GET,false,297.012
872,2996,GET,true,12.951
873,2628,GET,false,8.535
874,1940,GET,true,11.22
875,16384,GET,true,14.923
876,2628,GET,false,8.727
877,1228,GET,false,7.794
878,3680,GET,true,11.91
879,4448,GET,false,9.176
880,2628,GET,true,12.054
881,17743872,GET,true,3452.548
882,1772,GET,true,14.256
883,3342336,GET,false,517.929
884,671744,GET,false,108.168
885,2628,GET,true,10.797
886,10764288,GET,false,1655.033
887,2420,GET,true,12.786
888,2404,GET,true,12.836
889,2220,GET,false,8.072
890,2628,GET,true,11.623
891,1368,GET,false,7.716
892,2097152,GET,true,430.873
893,3936,GET,false,8.949
894,30720000,GET,true,5083.213
895,2628,GET,false,9.075
896,54394880,GET,true,11906.379
897,294912,GET,true,250.562
898,4608,GET,false,10.173
899,5608,GET,false,9.826
900,3652,GET,false,8.34
901,16187392,GET,false,2496.515
902,2310144,GET,true,551.64
903,1772,GET,false,9.633
904,9388032,GET,true,1653.315
905,54394880,GET,true,11659.743
906,3342336,GET,false,522.272
907,1372,GET,false,8.848
908,12284,GET,true,19.788
909,2804,GET,true,12.204
910,2344,GET,false,8.661
911,2996,GET,false,9.144
912,1576,GET,false,8.233
913,16384,GET,false,9.458
914,1360,GET,true,11.507
915,671744,GET,true,156.743
916,1156,GET,true,12.803
917,4284,GET,false,8.811
918,1152,GET,false,8.801
919,1980,GET,false,8.336
920,2260,GET,false,7.981
921,2310144,GET,false,358.774
922,294912,GET,true,79.123
923,2828,GET,false,8.345
924,1164,PUT,false,61.238
925,2844,GET,true,14.252
926,1064960,GET,false,168.948
927,3342336,GET,false,517.726
928,1576,GET,false,8.152
929,819200,GET,false,130.402
930,15548416,GET,false,2387.415
931,3376,GET,false,8.437
932,2628,GET,false,7.918
933,1336,GET,true,12.567
934,2420,GET,true,12.534
935,32768,GET,false,11.44
936,819200,GET,false,131.602
937,1368,GET,false,8.099
938,32768,GET,true,17.21
939,2080768,GET,false,324.244
940,16384,GET,false,10.069
941,2260,GET,false,7.925
942,2832,GET,false,8.715
943,655360,GET,true,169.338
944,9830400,GET,false,1511.402
945,1916928,GET,true,393.081
946,3020,GET,true,14.047
947,1116,GET,true,11.84
948,6524,GET,true,13.246
949,32768,GET,false,11.475
950,1980,GET,false,7.858
951,36601856,GET,true,7863.095
952,54394880,GET,true,8759.449
953,2056,GET,false,8.971
954,12284,GET,false,10.494
955,2060,GET,false,9.893
956,2628,GET,true,13.952
957,1372,GET,true,13.039
958,2628,GET,false,8.307
959,3000,GET,false,8.909
960,3020,GET,true,12.059
961,1982464,GET,true,396.735
962,6716,PUT,false,45.218
963,3000,GET,true,13.787
964,4344,GET,true,13.866
965,14663680,GET,true,2678.013
966,2628,GET,false,9.271
967,3664,GET,true,14.077
968,16384,GET,false,10.352
969,54394880,GET,false,8353.326
970,32768,GET,true,18.748
971,6152,GET,false,8.26
972,132939776,GET,true,21102.006
973,9879552,GET,true,2150.73
974,8536,PUT,false,44.129
975,22102016,GET,false,3404.641
976,2628,GET,false,12.163
977,86900736,GET,true,18437.177
978,10764288,GET,true,2286.67
979,14663680,GET,true,2582.89
980,1760,GET,false,9.077
981,2996,GET,false,11.053
982,2112,GET,false,9.431
983,6728,GET,true,19.106
984,2844,GET,false,8.733
985,2628,GET,false,9.95
986,43368448,GET,true,31190.717
987,2420,GET,false,18.946
988,2420,GET,true,34.008
989,1332,GET,false,12.276
990,655360,GET,false,106.148
991,52920320,GET,true,22367.698
992,16384,GET,false,14.429
993,4524,GET,false,11.496
994,2080768,GET,true,406.634
995,2424,GET,true,18.577
996,16384,GET,false,13.899
997,1152,GET,false,10.312
998,1744,GET,true,19.466
999,2996,GET,true,15.095
1000,1584,GET,false,10.753
1001,2804,GET,false,10.03
1002,294912,GET,false,50.9
1003,2832,GET,true,14.334
1004,19169280,GET,false,2943.688
1005,10190848,GET,true,1815.466
1006,1332,GET,true,34.965
1007,2628,GET,true,20.857
1008,3680,GET,false,11.087
1009,1116,GET,false,9.041
1010,1368,GET,false,12.901
1011,65536,GET,true,25.218
1012,3784,GET,false,10.441
1013,51478528,GET,false,7892.019
1014,2628,GET,true,14.36
1015,117899264,GET,false,18062.774
1016,294912,GET,false,50.699
1017,2628,GET,true,13.633
1018,5232,GET,true,13.012
1019,16384,GET,true,13.82
1020,1916928,GET,false,299.136
1021,1116,GET,false,8.045
1022,655360,GET,true,177.341
1023,2144,GET,true,13.113
1024,2949120,GET,true,642.153
1025,49152,GET,true,22.346
1026,671744,GET,false,109.113
1027,2628,GET,false,9.519
1028,6972,GET,false,8.308
1029,36782080,GET,true,6030.055
1030,1772,GET,false,8.447
1031,16384,GET,false,10.736
1032,14663680,GET,true,2861.059
1033,3884,GET,false,8.834
1034,1152,GET,true,13.352
1035,1152,GET,true,11.677
1036,1116,GET,false,8.353
1037,2056,GET,true,11.56
1038,1656,GET,true,11.917
1039,26443776,GET,false,4058.718
1040,65536,GET,true,25.91
1041,2420,GET,true,12.401
1042,54394880,GET,true,11366.136
1043,2628,GET,true,15.06
1044,9338880,GET,false,1453.661
1045,2344,GET,false,9.038
1046,12284,GET,false,9.062
1047,12156,GET,true,14.665
1048,2097152,GET,true,439.509
1049,2162688,GET,false,340.408
1050,17743872,GET,true,28217.681
1051,2628,GET,true,14.824
1052,1356,GET,false,9.306
1053,2628,GET,true,12.744
1054,68943872,GET,true,25912.319
1055,2060,PUT,false,56.989
1056,52412416,GET,false,8040.368
1057,6772,GET,false,12.206
1058,2828,GET,true,21.721
1059,54394880,GET,true,11603.98
1060,52412416,GET,false,8038.204
1061,16384,GET,false,13.714
1062,12664832,GET,false,1947.16
1063,2604,GET,false,10.428
1064,6720,GET,true,17.763
1065,2949120,GET,true,1073.425
1066,2628,GET,true,15.772
1067,2080768,GET,true,12083.503
1068,1364,GET,false,10.174
1069,54394880,PUT,false,26573.904
1070,16384,GET,false,15.788
1071,9388032,GET,true,1706.85
1072,3220,GET,false,10.734
1073,1867776,GET,true,417.133
1074,32768,GET,false,14.34
1075,2628,GET,true,21.483
1076,86900736,GET,true,18010.25
1077,1772,GET,false,11.884
1078,65536,PUT,false,819.228
1079,901120,GET,false,144.586
1080,1176,GET,true,18.209
1081,3020,GET,true,13.305
1082,2628,GET,false,9.971
1083,3936,GET,true,13.859
1084,2056,GET,false,9.303
1085,65699840,PUT,false,21742.763
1086,2804,GET,false,12.461
1087,147456,GET,true,89.917
1088,3220,GET,false,42.651
1089,12284,GET,true,55.347
1090,3220,GET,true,18.857
1091,9338880,GET,false,1451.13
1092,1116,GET,false,8.902
1093,1584,GET,true,13.726
1094,16187392,GET,false,2498.519
1095,4960,GET,true,13.46
1096,65536,GET,false,17.096
1097,2310144,GET,true,477.986
1098,3784,GET,false,8.966
1099,2340,GET,false,10.016
1100,65536,GET,true,26.132
1101,67305472,GET,true,14758.374
1102,1368,GET,true,15.914
1103,15548416,GET,true,27778.018
1104,32768,GET,true,19.643
1105,51478528,GET,false,7891.521
1106,30720000,GET,true,28767.022
1107,16384,GET,false,17.388
1108,12284,GET,false,13.996
1109,6912,GET,true,19.914
1110,54394880,GET,false,8338.519
1111,54394880,PUT,false,17330.817
1112,1332,GET,false,11.728
1113,9338880,GET,true,1968.995
1114,2604,GET,true,18.894
1115,9576,GET,true,16.054
1116,655360,GET,false,106.227
1117,9572,GET,false,10.756
1118,16187392,GET,true,3119.569
1119,9027584,GET,false,1388.164
1120,4580,PUT,false,27.558
1121,10764288,GET,false,1655.009
1122,2628,GET,true,15.501
1123,2628,GET,false,9.957
1124,4284,GET,false,9.469
1125,1348,GET,true,12.517
1126,4284,GET,false,9.488
1127,1584,GET,false,9.106
1128,2310144,GET,false,358.577
1129,4284,GET,true,13.629
1130,2310144,GET,true,469.682
1131,2056,GET,true,12.811
1132,3522560,GET,true,1185.129
1133,2420,GET,true,14.601
1134,3024,GET,false,9.623
1135,16384,GET,true,14.623
1136,2628,GET,true,11.587
1137,32768,PUT,false,11650.017
1138,1116,GET,true,13.857
1139,12284,GET,false,9.554
1140,28229632,GET,false,4330.348
1141,12284,GET,true,14.966
1142,1490944,GET,true,337.644
1143,7200,PUT,false,26.661
1144,51478528,GET,true,11140.424
1145,7946240,GET,false,1222.447
1146,16384,GET,false,8.649
1147,2628,GET,false,8.432
1148,4088,GET,false,8.408
1149,1040,GET,true,14.171
1150,65536,GET,true,24.906
1151,12156,GET,true,14.096
1152,65880064,GET,false,10098.844
1153,3000,GET,true,15.175
1154,16384,GET,true,13.263
1155,2628,GET,false,8.601
1156,3860,GET,false,8.161
1157,2628,GET,true,12.878
1158,2628,GET,false,9.288
1159,2628,GET,true,11.881
1160,2628,GET,false,9.049
1161,2628,GET,true,12.061
1162,704512,GET,true,161.37
1163,10368,GET,false,9.171
1164,2340,GET,false,7.904
1165,4620,GET,false,7.948
1166,5628,GET,true,13.254
1167,2628,GET,false,6.987
1168,147456,GET,true,68.937
1169,2996,GET,true,35.774
1170,16384,GET,true,17.891
1171,19578880,GET,false,3005.865
1172,2097152,GET,false,327.479
1173,7946240,GET,true,1537.773
1174,294912,GET,false,51.337
1175,6782976,GET,true,1314.686
1176,128532480,GET,true,28278.985
1177,16384,GET,false,10.685
1178,54394880,GET,true,10015.803
1179,2832,GET,false,11.476
1180,2628,GET,false,9.835
1181,12156,GET,false,11.277
1182,4444,GET,true,20.214
1183,2424,GET,true,13.756
1184,32768,GET,false,13.076
1185,16384,GET,false,10.488
1186,655360,GET,false,106.339
1187,16384,GET,true,15.742
1188,10576,GET,true,14.568
1189,2628,GET,true,12.745
1190,2080768,GET,true,439.306
1191,10576,GET,false,9.832
1192,147456,GET,false,28.338
1193,3044,GET,true,14.984
1194,2604,GET,false,10.059
1195,1720,PUT,false,25.587
1196,2628,GET,true,14.788
1197,2310144,GET,true,517.432
1198,16384,GET,false,11.956
1199,2628,GET,false,8.894
1200,16384,GET,true,16.567
1201,2628,GET,true,11.083
1202,32768,GET,false,12.628
1203,1116,GET,false,9.426
1204,2228224,GET,true,447.754
1205,1292,PUT,false,24.601
1206,4833280,GET,true,879.838
1207,14216,GET,true,17.528
1208,10576,GET,true,14.73
1209,32768,GET,true,17.873
1210,20398080,GET,true,4285.105
1211,2628,GET,true,15.786
1212,1772,GET,true,13.523
1213,294912,GET,false,50.859
1214,3220,GET,false,9.184
1215,9388032,GET,false,1445.578
1216,2195456,GET,true,476.717
1217,5232,GET,false,10.837
1218,3048,GET,true,14.386
1219,2628,GET,true,12.099
1220,7368,PUT,false,24.411
1221,7241728,PUT,false,2257.011
1222,901120,GET,false,149.932
1223,2628,GET,true,14.439
1224,4931584,GET,false,762.537
1225,49152,GET,false,13.652
1226,9544,GET,true,13.364
1227,16384,GET,true,15.88
1228,2060,GET,true,12.217
1229,2628,GET,true,12.273
1230,2212,GET,false,9.803
1231,16384,GET,false,10.675
1232,2628,GET,false,8.567
1233,2628,GET,false,8.807
1234,3020,GET,false,8.59
1235,11059200,GET,false,1700.703
1236,2340,GET,true,13.633
1237,671744,PUT,false,518.557
1238,2804,GET,true,14.693
1239,2310144,GET,false,359.904
1240,9576,GET,false,9.792
1241,14663680,GET,true,13982.881
1242,4524,GET,false,10.234
1243,1152,GET,true,13.804
1244,8036,GET,true,13.514
1245,65536,GET,false,15.556
1246,2628,GET,true,13.161
1247,12284,GET,true,15.234
1248,1064960,GET,false,168.794
1249,15548416,GET,false,2388.326
1250,1356,GET,false,8.606
1251,9576,GET,false,9.049
1252,1064960,GET,false,168.14
1253,2310144,GET,false,358.29
1254,11747328,GET,true,2294.182
1255,30720000,GET,true,5110.22
1256,2412,GET,true,13.303
1257,32768,GET,true,17.306
1258,16384,GET,true,14.553
1259,2628,GET,false,8.562
1260,3680,GET,false,7.716
1261,1128,GET,true,12.018
1262,1152,GET,true,12.182
1263,2628,GET,true,11.285
1264,2212,GET,false,8.313
1265,12156,GET,false,8.252
1266,16187392,GET,true,2730.799
1267,2420,GET,true,13.693
1268,12156,GET,false,7.607
1269,2628,GET,true,12.218
1270,2628,GET,false,7.877
1271,54394880,GET,false,8337.362
1272,32768,GET,false,12.033
1273,1507328,GET,true,318.81
1274,2113536,GET,false,329.67
1275,2420,GET,false,9.265
1276,2628,GET,false,7.079
1277,2949120,GET,true,539.622
1278,1772,GET,true,13.524
1279,16384,GET,true,14.112
1280,3784,GET,true,11.707
1281,2628,GET,false,8.864
1282,4960,GET,true,12.095
1283,3342336,GET,false,518.019
1284,6720,GET,false,8.788
1285,884736,GET,true,218.837
1286,2375680,GET,true,447.497
1287,2996,GET,true,13.533
1288,3376,GET,false,12.644
1289,6376,GET,true,13.027
1290,1492,GET,true,12.66
1291,2420,GET,false,8.283
1292,10092,GET,true,13.47
1293,2144,GET,true,11.012
1294,5284,GET,false,8.517
1295,6912,GET,false,9.079
1296,819200,GET,true,172.209
1297,884736,GET,true,205.237
1298,65536,GET,true,25.391
1299,43204608,GET,false,6623.447
1300,2408,GET,true,13.252
1301,819200,GET,false,131.086
1302,4284,GET,true,12.266
1303,1356,GET,true,11.332
1304,2056,GET,false,8.314
1305,655360,GET,true,144.806
1306,55967744,GET,false,8577.574
1307,43368448,GET,false,6655.928
1308,1982464,GET,true,379.238
1309,2620,GET,false,9.271
1310,3000,GET,true,14.022
1311,3652,GET,false,9.075
1312,2344,GET,true,11.031
1313,2628,GET,false,8.392
1314,52412416,GET,true,8481.568
1315,32768,GET,false,12.604
1316,3784,GET,true,17.747
1317,30720000,GET,true,29608.666
1318,2340,GET,false,16.305
1319,9027584,GET,false,1402.096
1320,16384,GET,true,24.147
1321,16187392,GET,true,13907.568
1322,2195456,GET,true,445.085
1323,9576,GET,false,12.13
1324,1156,GET,false,10.619
1325,2628,GET,true,18.163
1326,1336,GET,true,14.51
1327,294912,GET,false,50.986
1328,2344,GET,true,13.918
1329,1772,GET,true,14.391
1330,2628,GET,false,11.392
1331,1128,GET,true,12.947
1332,3220,GET,true,15.33
1333,16384,GET,true,16.612
1334,1584,GET,false,11.146
1335,12284,GET,true,16.639
1336,3020,GET,true,13.924
1337,22331392,GET,true,3710.057
1338,3884,GET,true,16.359
1339,4524,GET,false,11.597
1340,2144,GET,true,14.419
1341,2310144,GET,false,359.762
1342,2620,GET,true,15.001
1343,2628,GET,true,13.3
1344,2080768,GET,false,325.701
1345,54394880,PUT,false,15529.304
1346,1364,GET,true,26.414
1347,32768,GET,true,20.577
1348,49152,GET,false,13.271
1349,2628,GET,true,15.833
1350,2060,GET,false,12.148
1351,2628,GET,false,10.018
1352,16384,GET,true,17.071
1353,16384,GET,true,17.264
1354,2195456,GET,false,342.938
1355,1332,GET,true,15.741
1356,13910016,GET,false,2141.25
1357,9240,GET,false,12.065
1358,4931584,GET,true,1031.009
1359,3448,GET,false,12.003
1360,2097152,GET,false,328.013
1361,2344,GET,false,10.552
1362,2828,GET,true,17.887
1363,9338880,GET,true,1895.811
1364,2628,GET,false,11.942
1365,2628,GET,true,23.232
1366,12284,GET,true,17.368
1367,6968,GET,false,11.068
1368,2820,GET,true,14.89
1369,3680,GET,true,15.075
1370,2628,GET,false,11.705
1371,2212,GET,false,11.759
1372,16187392,GET,true,3210.752
1373,9576,GET,true,18.221
1374,3342336,GET,true,668.347
1375,12156,GET,false,12.34
1376,2628,GET,true,17.987
1377,16384,GET,false,12.68
1378,2340,GET,false,10.363
1379,311296,GET,true,95.926
1380,3936,GET,false,11.194
1381,1152,GET,true,14.96
1382,1507328,GET,true,323.087
1383,1584,GET,false,10.285
1384,1372,GET,false,9.584
1385,4341760,GET,true,1447.588
1386,1507328,GET,false,237.045
1387,6632,GET,false,10.178
1388,9544,GET,false,10.514
1389,2060,GET,false,10.355
1390,1372,GET,true,16.028
1391,16384,GET,false,12.167
1392,2310144,GET,false,359.247
1393,10156,GET,true,15.543
1394,2344,GET,false,9.871
1395,1900544,GET,false,296.469
1396,16384,GET,true,14.506
1397,1336,GET,false,9.023
1398,2832,GET,true,13.678
1399,655360,GET,true,10656.11
1400,2949120,GET,true,596.26
1401,2804,GET,false,10.222
1402,1356,GET,false,9.157
1403,53280768,GET,true,10008.957
1404,2628,GET,false,12.255
1405,1980,GET,false,10.141
1406,9338880,GET,false,1453.212
1407,3376,GET,false,11.174
1408,132939776,GET,false,20368.162
1409,83017728,PUT,false,26834.324
1410,51478528,GET,true,11482.704
1411,12156,GET,false,15.156
1412,2056,GET,false,9.782
1413,16384,GET,true,23.69
1414,49152,GET,false,14.746
1415,1064960,GET,true,227.003
1416,22740992,GET,true,3838.978
1417,9338880,GET,true,27197.313
1418,4734976,GET,true,12389.428
1419,2340,GET,false,9.6
1420,30720000,GET,false,4712.427
1421,1128,GET,true,14.485
1422,3440640,GET,true,7783.3
1423,2628,GET,false,9.838
1424,3981312,GET,false,616.385
1425,2628,GET,false,9.208
1426,16384,GET,false,9.661
1427,1772,GET,false,8.152
1428,1772,GET,true,12.408
1429,2804,GET,false,8.219
1430,819200,GET,true,25102.904
1431,2628,GET,false,10.054
1432,65536,GET,false,15.361
1433,1064960,GET,true,230.026
1434,2828,GET,false,8.956
1435,1368,GET,true,13.524
1436,1772,GET,false,8.142
1437,19791872,GET,false,3038.615
1438,2404,GET,true,13.063
1439,65536,GET,false,14.82
1440,2804,GET,false,8.455
1441,12284,GET,true,14.308
1442,5865472,GET,true,1033.64
1443,10764288,GET,true,2151.584
1444,1356,GET,true,14.372
1445,1900544,GET,false,297.062
1446,2832,GET,true,12.075
1447,3024,GET,true,17.253
1448,1368,GET,true,11.461
1449,37994496,GET,false,5835.21
1450,2628,GET,true,13.708
1451,344064,GET,true,141.523
1452,1900544,GET,true,393.679
1453,135217152,GET,false,20715.118
1454,3948,PUT,false,28.626
1455,15076,GET,true,16.694
1456,2628,GET,false,9.224
1457,12156,GET,false,9.33
1458,238272512,GET,true,49620.017
1459,2628,GET,true,19.325
1460,4964352,GET,true,898.643
1461,737280,GET,false,118.674
1462,16384,GET,false,10.492
1463,107757568,GET,true,21584.199
1464,16384,GET,true,31.375
1465,52412416,GET,false,8038.976
1466,65536,GET,true,29.141
1467,1818624,GET,true,409.154
1468,1980,GET,true,16.601
1469,2628,GET,false,11.83
1470,12284,GET,true,17.542
1471,26443776,GET,false,4059.85
1472,32768,GET,false,13.971
1473,1128,GET,true,14.656
1474,1772,GET,false,10.918
1475,2420,GET,false,10.648
1476,27918336,GET,false,4283.417
1477,16384,GET,true,18.131
1478,1128,GET,false,10.547
1479,2112,GET,false,11.36
1480,819200,GET,true,202.778
1481,3784,GET,false,11.808
1482,65536,GET,false,16.587
1483,2628,GET,false,10.599
1484,2628,GET,true,15.506
1485,19578880,GET,true,3340.823
1486,16384,GET,true,17.646
1487,2832,GET,false,8.163
1488,12284,GET,true,16.098
1489,1040,GET,false,11.284
1490,10368,GET,true,14.194
1491,151633920,GET,false,23229.389
1492,819200,GET,true,621.016
1493,87965696,GET,false,13478.952
1494,1982464,GET,false,310.619
1495,3904,GET,false,8.775
1496,327680,GET,false,55.611
1497,16384,GET,true,15.274
1498,22904832,GET,true,3821.522
1499,2804,GET,false,9.436
1500,10088,GET,false,9.799
1501,10088,GET,true,15.148
1502,3522560,GET,true,759.559
1503,1584,GET,true,14.538
1504,3024,GET,true,12.223
1505,9576,GET,true,13.528
1506,2490368,GET,true,472.333
1507,147456,GET,false,29.006
1508,4284,GET,true,13.65
1509,3240,PUT,false,29.01
1510,1916928,GET,false,305.582
1511,1116,GET,false,8.615
1512,54394880,GET,true,11829.267
1513,3020,GET,true,14.68
1514,4524,GET,true,12.527
1515,2144,GET,false,8.351
1516,1916928,GET,false,299.166
1517,12156,GET,false,9.731
1518,26443776,GET,true,5489.307
1519,2628,GET,false,9.326
1520,54394880,GET,false,8337.921
1521,10240000,GET,true,1822.41
1522,86900736,GET,true,18385.824
1523,15548416,GET,true,3156.324
1524,10764288,GET,false,1670.136
1525,9576,GET,false,8.877
1526,2080768,GET,true,408.886
1527,2628,GET,false,8.672
1528,2056,GET,false,8.726
1529,2195456,GET,false,346.256
1530,86900736,GET,false,13316.234
1531,1336,GET,false,8.753
1532,9544,GET,false,8.904
1533,147456,GET,true,85.115
1534,2310144,GET,false,374.482
1535,1896,GET,true,42.749
1536,4960,GET,false,12.348
1537,10088,GET,true,13.45
1538,2604,GET,false,8.427
1539,2260,GET,false,11.431
1540,51478528,GET,false,7891.142
1541,2112,GET,true,12.978
1542,1900544,GET,false,296.878
1543,2628,GET,false,9.933
1544,2628,GET,false,8.512
1545,2404,GET,true,12.829
1546,1372,GET,false,8.367
1547,2628,GET,true,12.937
1548,2056,GET,false,8.443
1549,1368,GET,true,11.325
1550,3784,GET,false,9.01
1551,2344,GET,true,11.029
1552,16187392,GET,false,2497.804
1553,16384,GET,false,10.665
1554,2628,GET,true,11.68
1555,2604,GET,true,11.801
1556,9576,GET,true,12.859
1557,54394880,GET,true,10434.229
1558,54394880,GET,true,11954.244
1559,1156,GET,true,13.801
1560,2804,GET,true,12.973
1561,23822336,PUT,false,7391.081
1562,65699840,GET,false,10069.551
1563,1584,GET,true,13.591
1564,52477952,GET,true,32964.102
1565,2628,GET,false,19.916
1566,32768,GET,false,17.308
1567,12284,GET,false,12.788
1568,1772,GET,false,11.356
1569,10576,GET,false,12.015
1570,10088,GET,false,11.662
1571,819200,GET,false,131.722
1572,2628,GET,true,29.131
1573,2628,GET,false,11.947
1574,12284,GET,false,10.338
1575,12156,GET,true,17.369
1576,2060,GET,false,11.674
1577,2628,GET,false,11.095
1578,655360,GET,false,106.538
1579,22102016,GET,false,3391.406
1580,3376,GET,true,19.792
1581,2628,GET,false,11.764
1582,9519104,GET,true,10690.895
1583,1040,GET,true,17.198
1584,1772,GET,false,11.106
1585,19791872,GET,false,3039.45
1586,1576,GET,true,16.306
1587,225198080,GET,true,87089.314
1588,2832,GET,false,11.826
1589,1982464,GET,true,416.712
1590,9617408,GET,true,1717.521
1591,1064960,GET,true,226.729
1592,9027584,GET,false,1388.914
1593,2832,GET,true,20.288
1594,2604,GET,true,14.398
1595,1128,GET,false,11.457
1596,671744,GET,false,108.969
1597,2344,GET,true,12.918
1598,2628,GET,false,11.566
1599,1372,GET,false,10.371
1600,3648,GET,true,14.319
1601,2172,GET,true,14.399
1602,3376,GET,true,14.037
1603,1772,GET,true,13.954
1604,2628,GET,false,11.019
1605,16384,GET,true,17.131
1606,10088,GET,true,15.141
1607,2949120,GET,false,457.17
1608,1772,GET,true,15.314
1609,2404,GET,true,13.902
1610,6716,PUT,false,31.577
1611,54394880,PUT,false,15731.398
1612,3457024,GET,true,654.699
1613,1332,GET,false,12.497
1614,819200,GET,true,184.218
1615,1152,GET,true,19.608
1616,3652,GET,false,11.824
1617,15548416,GET,false,2392.047
1618,2628,GET,true,22.252
1619,2344,GET,false,11.602
1620,86900736,GET,false,13317.007
1621,3220,GET,true,17.182
1622,2628,GET,false,11.442
1623,10764288,GET,true,27333.747
1624,4524,GET,true,17.918
1625,1900,GET,true,15.4
1626,671744,GET,true,12803.812
1627,1980,GET,false,11.481
1628,16384,GET,true,20.164
1629,3162112,PUT,false,13571.11
1630,2628,GET,false,11.745
1631,30720000,GET,false,4713.078
1632,2628,GET,false,10.759
1633,12656,GET,true,18.101
1634,16384,GET,true,16.981
1635,16384,GET,false,12.043
1636,6712,GET,true,15.49
1637,1372,GET,true,13.844
1638,3220,GET,false,10.691
1639,3000,GET,true,14.569
1640,294912,GET,true,25423.005
1641,2604,GET,true,14.275
1642,1372,GET,false,11.621
1643,2097152,GET,true,26098.55
1644,9576,GET,false,12.264
1645,2344,GET,false,10.447
1646,2628,GET,false,10.441
1647,2628,GET,true,14.665
1648,294912,GET,false,52.01
1649,2628,GET,false,9.714
1650,1584,GET,false,9.946
1651,16187392,GET,true,2754.749
1652,3256,GET,true,14.541
1653,6940,GET,false,10.394
1654,10576,GET,false,9.993
1655,78348288,GET,true,16736.787
1656,2604,GET,false,9.331
1657,30720000,GET,true,6669.491
1658,54394880,GET,true,11065.168
1659,4931584,GET,true,888.352
1660,2310144,GET,false,359.119
1661,65536,GET,false,16.022
1662,132939776,GET,false,20366.523
1663,3000,GET,false,8.418
1664,10780672,GET,false,1656.672
1665,1152,GET,true,15.029
1666,1416,GET,false,8.381
1667,2056,GET,false,8.651
1668,12156,GET,false,9.783
1669,2056,GET,true,11.712
1670,2244608,PUT,false,671.298
1671,11500,GET,false,10.235
1672,294912,GET,true,96.542
1673,3376,GET,false,8.925
1674,12284,GET,false,10.016
1675,2080768,GET,true,439.263
1676,16384,GET,true,16.794
1677,2080768,GET,false,324.736
1678,1372,GET,true,12.074
1679,86900736,GET,false,13315.585
1680,54394880,GET,false,8336.722
1681,2490368,GET,false,386.9
1682,2060,GET,false,7.81
1683,2424,GET,true,12.772
1684,2260,GET,false,8.951
1685,2060,GET,false,7.828
1686,655360,GET,false,105.154
1687,3000,GET,true,12.412
1688,1916928,GET,false,298.852
1689,1332,GET,false,7.493
1690,2056,GET,false,8.641
1691,26443776,GET,true,4319.644
1692,10320,GET,true,16.104
1693,9633792,GET,false,1482.12
1694,2949120,GET,true,611.378
1695,2628,GET,true,13.568
1696,1356,GET,true,11.799
1697,43499520,GET,true,9421.136
1698,12284,GET,false,9.95
1699,2310144,GET,false,359.375
1700,2628,GET,true,15.572
1701,2628,GET,true,11.712
1702,16384,GET,false,10.907
1703,43499520,PUT,false,13884.506
1704,2060,GET,false,10.055
1705,16384,GET,true,15.427
1706,2310144,GET,true,530.596
1707,110198784,PUT,false,36644.728
1708,51478528,GET,true,32177.74
1709,6992,PUT,false,42.653
1710,52412416,GET,false,8035.734
1711,1867776,PUT,false,4753.527
1712,1146880,GET,false,182.445
1713,1048576,PUT,false,319.911
1714,2628,GET,false,12.047
1715,1720,PUT,false,21.967
1716,14385152,GET,false,2212.231
1717,3100,GET,true,20.316
1718,1356,GET,true,14.231
1719,110198784,GET,false,16886.494
1720,16384,GET,true,21.618
1721,8684,GET,true,15.741
1722,1068,GET,true,12.71
1723,2628,GET,true,13.423
1724,16384,GET,true,14.184
1725,1982464,GET,false,310.091
1726,16384,GET,false,13.056
1727,15368192,GET,true,3188.291
1728,2832,GET,false,11.779
1729,2832,GET,true,16.286
1730,9576,GET,true,14.847
1731,28606464,GET,false,4389.464
1732,147456,GET,true,42.679
1733,2996,GET,true,13.766
1734,2628,GET,true,12.79
1735,16384,GET,true,14.689
1736,7052,GET,true,13.985
1737,2832,GET,false,9.427
1738,2628,GET,false,9.894
1739,23822336,GET,false,3654.273
1740,2310144,GET,false,360.331
1741,3342336,GET,false,517.906
1742,6712,GET,true,18.06
1743,2052,GET,true,12.535
1744,3020,GET,true,13.235
1745,1356,GET,true,12.711
1746,12156,GET,false,10.726
1747,3020,GET,true,12.709
1748,3020,GET,true,12.317
1749,2996,GET,false,9.341
1750,2844,GET,false,9.467
1751,2628,GET,false,8.34
1752,12656,GET,true,14.492
1753,294912,GET,false,51.489
1754,1916928,GET,false,299.414
1755,1368,GET,true,12.391
1756,3680,GET,true,12.03
1757,2388,GET,true,12.398
1758,1152,GET,true,12.477
1759,294912,GET,true,85.544
1760,1867776,GET,true,388.998
1761,2628,GET,false,9.501
1762,20365312,GET,false,3126.578
1763,5236,GET,true,16.189
1764,4148,GET,true,12.938
1765,4524,GET,false,8.99
1766,5184,GET,true,12.809
1767,2804,GET,false,8.616
1768,2195456,GET,true,460.66
1769,3000,GET,false,9.789
1770,3672,GET,true,14.918
1771,6716,GET,false,9.668
1772,15368192,PUT,false,4613.114
1773,7016,GET,true,18.665
1774,3784,GET,true,13.748
1775,2344,GET,true,12.353
1776,19578880,GET,false,3005.525
1777,140279808,GET,false,21491.983
1778,6664,GET,false,9.377
1779,4833280,GET,true,882.91
1780,4576,GET,false,9.252
1781,16384,GET,false,11.085
1782,10368,GET,true,15.678
1783,107757568,GET,false,16510.508
1784,1900544,GET,false,297.33
1785,278528,GET,true,346.687
1786,2844,GET,true,15.099
1787,2628,GET,true,12.754
1788,1584,GET,false,9.875
1789,16384,GET,true,13.11
1790,65536,GET,true,23.226
1791,12284,GET,true,15.413
1792,5688,GET,true,13.638
1793,12284,GET,false,10.234
1794,2340,GET,true,12.387
1795,1576,GET,false,7.559
1796,16187392,GET,false,2485.905
1797,2628,GET,false,9.411
1798,16187392,GET,false,2497.863
1799,12156,GET,true,14.798
1800,12284,GET,true,13.449
1801,3680,GET,true,12.042
1802,2244608,GET,true,25963.936
1803,23822336,GET,false,3654.765
1804,4580,GET,false,9.537
1805,65536,GET,true,25.446
1806,2056,PUT,false,24.265
1807,32768,GET,false,11.525
1808,671744,PUT,false,231.648
1809,2604,GET,false,10.44
1810,819200,GET,true,196.501
1811,1332,GET,true,15.082
1812,2628,GET,false,9.414
1813,12284,GET,false,9.849
1814,671744,PUT,false,220.268
1815,2628,GET,true,13.649
1816,2628,GET,false,8.842
1817,4904,GET,true,12.98
1818,32768,GET,false,11.951
1819,2060,PUT,false,22.015
1820,2008,GET,true,13.935
1821,1152,GET,true,12.821
1822,5560,GET,true,13.556
1823,30720000,GET,true,5105.795
1824,16384,GET,true,16.901
1825,1356,GET,false,8.141
1826,2949120,GET,false,457.577
1827,6376,GET,false,9.059
1828,1336,GET,true,11.727
1829,86900736,GET,false,13316.086
1830,2080768,GET,false,324.525
1831,1368,GET,true,13.827
1832,147456,GET,true,84.003
1833,819200,GET,true,226.397
1834,2628,GET,true,48.609
1835,16384,GET,false,15.598
1836,2996,GET,true,18.6
1837,1900544,GET,true,404.151
1838,2195456,GET,true,451.02
1839,9027584,GET,true,1692.553
1840,4960,GET,false,9.685
1841,16384,GET,false,11.286
1842,2628,GET,false,9.232
1843,51478528,GET,false,7892.967
1844,3652,PUT,false,28.467
1845,1156,GET,false,10.62
1846,3342336,GET,false,518.369
1847,2628,GET,false,8.426
1848,2260,GET,false,9.302
1849,147456,GET,true,75.577
1850,83247104,GET,true,17594.874
1851,1116,GET,true,51.855
1852,51478528,GET,true,10641.913
1853,65536,GET,false,17.128
1854,2628,GET,true,15.494
1855,30720000,GET,true,30277.431
1856,1584,GET,true,18.6
1857,32768,GET,true,18.017
1858,1064960,GET,true,12744.842
1859,1900544,GET,true,374.055
1860,294912,GET,true,93.65
1861,2256,GET,true,15.979
1862,5160960,GET,true,956.383
1863,17121280,GET,true,3355.074
1864,3196,GET,true,14.56
1865,2056,GET,true,11.639
1866,132939776,PUT,false,40810.962
1867,54394880,GET,false,8353.689
1868,26443776,GET,true,5267.68
1869,15548416,GET,true,3065.615
1870,16384,GET,false,12.88
1871,1966080,GET,false,307.635
1872,26443776,GET,true,5191.909
1873,2628,GET,false,12.19
1874,2420,GET,false,10.312
1875,16384,GET,true,35.265
1876,1128,GET,false,10.673
1877,3652,GET,false,10.55
1878,1156,GET,true,13.034
1879,4284,GET,true,14.482
1880,819200,GET,true,219.911
1881,1982464,GET,true,407.631
1882,1796,GET,true,16.867
1883,2628,GET,false,11.247
1884,2056,GET,true,13.377
1885,21954560,GET,false,3372.801
1886,51478528,GET,true,10269.774
1887,4960,GET,true,23.605
1888,1507328,GET,true,289.785
1889,9175040,GET,false,1417.597
1890,2628,GET,true,21.888
1891,2604,GET,true,12.87
1892,1772,GET,true,11.97
1893,2628,GET,false,9.98
1894,1236,GET,true,12.892
1895,1900,GET,true,12.363
1896,1772,GET,true,13.479
1897,1372,GET,true,11.023
1898,2097152,GET,true,866.991
1899,3522560,GET,true,12473.017
1900,3220,GET,false,10.348
1901,2628,GET,true,15.098
1902,147456,GET,false,28.647
1903,16187392,GET,false,2498.807
1904,13598720,GET,false,2089.045
1905,2628,GET,false,9.318
1906,86900736,GET,false,13317.728
1907,3020,GET,false,10.413
1908,819200,GET,false,131.847
1909,2310144,GET,true,516.232
1910,3020,GET,false,10.141
1911,671744,GET,false,109.105
1912,1772,GET,false,8.059
1913,170737664,GET,true,33883.499
1914,1356,GET,false,17.436
1915,16384,GET,true,30.021
1916,2056,GET,true,15.611
1917,2080768,GET,true,394.063
1918,294912,GET,false,52.078
1919,2628,GET,true,17.586
1920,38174720,GET,false,5855.535
1921,1356,GET,false,9.431
1922,9338880,GET,false,1449.636
1923,1336,GET,true,17.333
1924,52412416,GET,false,8039.11
1925,2195456,GET,true,506.067
1926,86900736,GET,false,13317.037
1927,2404,GET,false,12.063
1928,1156,GET,false,12.933
1929,2056,GET,false,9.776
1930,12156,GET,true,17.566
1931,4960,GET,false,11.668
1932,6680,GET,false,11.188
1933,2244608,GET,false,349.76
1934,10688,GET,true,15.169
1935,2628,GET,true,15.696
1936,1156,GET,false,9.907
1937,236584960,GET,false,36240.808
1938,7476,GET,false,11.937
1939,9240,GET,false,11.932
1940,1116,GET,true,19.07
1941,8636,GET,true,14.446
1942,51478528,GET,true,10007.242
1943,6924,GET,false,13.995
1944,86900736,GET,false,13315.709
1945,5476,GET,true,26.267
1946,36601856,GET,true,7573.918
1947,14663680,GET,false,2255.674
1948,49152,GET,false,15.175
1949,26443776,GET,true,5446.021
1950,12156,GET,false,12.021
1951,89079808,GET,true,16407.618
1952,2260,GET,false,13.394
1953,3936,GET,false,12.265
1954,6712,GET,true,26.25
1955,16384,GET,true,16.744
1956,65536,GET,false,16.254
1957,3784,GET,false,10.53
1958,2112,GET,true,13.639
1959,1982464,GET,false,310.211
1960,16384,GET,true,18.142
1961,3522560,GET,false,545.296
1962,1152,GET,false,10.887
1963,12156,GET,true,17.059
1964,3244032,GET,true,701.201
1965,2844,GET,false,11.478
1966,9576,GET,true,18.32
1967,4372,GET,true,14.302
1968,16384,GET,true,17.012
1969,2310144,GET,false,359.554
1970,3376,GET,false,11.942
1971,1116,GET,false,11.262
1972,9338880,GET,false,1452.005
1973,3325952,GET,false,517.924
1974,2828,GET,true,16.373
1975,671744,GET,true,814.222
1976,2628,GET,true,16.161
1977,10764288,GET,false,1656.262
1978,3048,GET,true,15.969
1979,86900736,GET,true,25958.79
1980,2628,GET,false,18.333
1981,16384,GET,false,12.472
1982,107757568,GET,true,20270.309
1983,737280,GET,false,120.756
1984,14663680,GET,true,3026.098
1985,1128,GET,true,24.975
1986,357482496,GET,true,74965.314
1987,6728,PUT,false,39.318
1988,1048576,GET,false,166.516
1989,2480,GET,true,17.837
1990,16580608,GET,false,2547.306
1991,1988,GET,false,9.429
1992,117899264,GET,false,18064.091
1993,2628,GET,false,9.32
1994,28557312,PUT,false,8450.035
1995,2420,GET,true,21.244
1996,4496,PUT,false,31.758
1997,1576,GET,false,11.38
1998,2628,GET,false,10.461
1999,2212,GET,true,13.506
2000,12284,GET,false,11.925
2001,1152,GET,false,9.758
2002,2628,GET,false,10.127
2003,2420,GET,false,9.42
2004,12156,GET,false,10.752
2005,12284,GET,true,15.445
2006,2490368,GET,false,386.818
2007,17743872,GET,true,28081.308
2008,15080,GET,true,20.696
2009,1336,GET,false,10.79
2010,12284,GET,false,10.911
2011,1916928,GET,false,300.021
2012,9338880,GET,false,1447.239
2013,3020,GET,false,11.527
2014,278528,GET,false,48.654
2015,1804,PUT,false,24.278
2016,16384,GET,true,17.031
2017,294912,GET,true,10931.899
2018,2628,GET,true,17.193
2019,12284,GET,false,12.633
2020,9060,PUT,false,23.899
2021,15076,GET,true,17.698
2022,1040,GET,false,10.087
2023,4496,GET,true,14.123
2024,12517376,GET,false,1925.174
2025,2628,GET,true,15.302
2026,87965696,PUT,false,28060.512
2027,1988,GET,true,16.662
2028,16384,GET,true,17.009
2029,10368,GET,true,16.102
2030,2628,GET,true,13.733
2031,1982464,GET,true,386.904
2032,2628,GET,false,10.207
2033,2628,GET,true,14.119
2034,2056,GET,false,9.912
2035,16384,GET,false,11.766
2036,2832,GET,false,9.902
2037,12284,GET,false,10.629
2038,2628,GET,false,8.434
2039,3220,GET,false,11.537
2040,3522560,GET,false,545.524
2041,1988,GET,true,14.442
2042,2832,GET,false,8.894
2043,16384,GET,false,9.507
2044,10698752,GET,true,1876.317
2045,278528,GET,false,49.012
2046,2420,GET,false,8.858
2047,2097152,GET,true,419.247
2048,2404,GET,true,15.32
2049,8142848,GET,true,1414.824
2050,121733120,GET,false,18652.354
2051,1982464,GET,true,26273.176
2052,3522560,GET,true,12520.152
2053,1980,GET,false,10.227
2054,2195456,GET,false,341.674
2055,9879552,GET,true,1962.803
2056,1780,GET,false,9.411
2057,2216,GET,false,8.609
2058,2628,GET,true,14.797
2059,8004,GET,false,9.78
2060,2832,PUT,false,27.422
2061,2628,GET,true,13.332
2062,86900736,GET,false,13315.168
2063,6708,PUT,false,24.124
2064,1128,GET,true,13.777
2065,1622016,GET,true,320.451
2066,12156,GET,true,14.855
2067,2184,GET,false,7.945
2068,1336,GET,false,6.872
2069,12284,GET,true,13.903
2070,12284,GET,false,8.075
2071,2628,GET,false,8.666
2072,4068,GET,false,8.799
2073,1332,GET,true,12.033
2074,8636,GET,false,9.791
2075,43499520,GET,false,6677.526
2076,4372,GET,true,13.372
2077,6616,GET,true,12.341
2078,3376,GET,true,11.559
2079,2056,GET,true,11.572
2080,1368,GET,false,8.356
2081,3342336,GET,true,26542.816
2082,86900736,GET,false,13316.609
2083,16384,GET,false,10.193
2084,21872640,GET,false,3355.661
2085,1604,GET,false,8.272
2086,344064,GET,true,113.291
2087,1116,GET,true,14.019
2088,10576,GET,false,10.655
2089,2628,GET,true,12.768
2090,2310144,GET,true,453.832
2091,1584,GET,true,13.791
2092,65536,GET,true,24.008
2093,2310144,GET,true,25704.835
2094,1932,GET,true,14.601
2095,55967744,GET,true,9160.36
2096,1336,GET,false,10.136
2097,32768,GET,false,13.324
2098,16384,GET,false,10.421
2099,16580608,GET,true,2800.512
2100,1980,GET,false,9.853
2101,12156,GET,true,18.123
2102,3000,GET,false,9.686
2103,1336,GET,true,13.398
2104,1900,GET,true,12.104
2105,1982464,GET,true,380.839
2106,5560,GET,true,14.742
2107,5560,GET,true,13.369
2108,12284,GET,true,13.97
2109,819200,GET,true,196.562
2110,1156,GET,true,14.547
2111,2628,GET,false,9.822
2112,54394880,GET,true,11589.654
2113,1424,GET,true,14.946
2114,2420,GET,false,9.923
2115,2628,GET,false,9.145
2116,2340,GET,true,12.52
2117,9544,GET,true,13.91
2118,819200,GET,false,131.137
2119,2412,GET,false,9.479
2120,16384,GET,true,14.563
2121,12156,GET,true,14.662
2122,54394880,GET,true,12202.502
2123,3664,PUT,false,30.832
2124,12156,GET,true,16.214
2125,12156,GET,true,14.684
2126,3020,GET,true,12.485
2127,3860,GET,false,8.452
2128,6788,GET,false,9.293
2129,11059200,GET,true,2216.797
2130,12284,GET,false,9.405
2131,9576,GET,false,10.506
2132,2260,GET,false,8.928
2133,12284,GET,false,9.069
2134,3342336,GET,true,666.95
2135,2420,GET,true,14.328
2136,6720,GET,true,14.264
2137,2112,GET,false,9.766
2138,671744,PUT,false,231.892
2139,4960,GET,true,13.883
2140,2344,GET,true,11.516
2141,2844,GET,false,9.361
2142,4148,PUT,false,21.934
2143,2060,GET,true,12.66
2144,1966080,GET,false,306.136
2145,819200,GET,false,131.036
2146,2628,GET,false,8.407
2147,2628,GET,false,8.605
2148,16384,PUT,false,23.015
2149,2420,GET,false,7.589
2150,5236,GET,true,13.247
2151,1368,GET,false,7.683
2152,2228224,GET,true,446.049
2153,2244608,GET,false,350.195
2154,15548416,GET,true,2984.1
2155,54394880,GET,false,8338.059
2156,1356,GET,false,8.483
2157,3196,GET,false,9.611
2158,1152,GET,false,8.237
2159,16384,GET,true,15.788
2160,7476,GET,true,12.65
2161,6920,GET,false,8.447
2162,3342336,GET,false,517.64
2163,9027584,GET,false,1402.188
2164,16384,GET,false,10.275
2165,12156,GET,true,12.241
2166,2628,GET,true,12.416
2167,2628,GET,true,12.253
2168,2310144,GET,true,478.095
2169,2056,GET,false,8.119
2170,16384,GET,true,15.762
2171,2080768,GET,false,324.433
2172,12284,GET,true,12.036
2173,42483712,GET,true,8431.737
2174,1980,GET,false,9.044
2175,15548416,GET,true,27952.94
2176,54394880,GET,true,18851.472
2177,9576,GET,false,18.865
2178,1152,GET,false,13.603
2179,2060,PUT,false,35.979
2180,3000,GET,true,19.483
2181,2804,GET,true,14.403
2182,2804,GET,true,11.764
2183,16384,GET,true,16.094
2184,4284,GET,true,13.855
2185,2628,GET,true,14.888
2186,2424,GET,true,15.767
2187,2112,GET,true,13.81
2188,9027584,GET,true,1887.839
2189,1584,GET,false,12.473
2190,11500,GET,true,21.062
2191,655360,GET,true,5668.535
2192,2996,GET,false,12.402
2193,3376,GET,false,11.109
2194,2195456,GET,false,343.058
2195,3452,GET,true,18.577
2196,2828,GET,false,11.315
2197,11976704,GET,false,1854.44
2198,2840,GET,true,18.246
2199,147456,GET,true,79.509
2200,3000,GET,false,32.71
2201,2420,GET,false,16.105
2202,8388608,GET,false,1306.759
2203,54394880,GET,true,34085.291
2204,2112,GET,true,62.576
2205,6728,GET,true,23.032
2206,9544,GET,true,19.638
2207,4284,GET,true,16.801
2208,54394880,GET,false,8361.704
2209,3936,GET,false,16.003
2210,2828,GET,false,15.676
2211,9240576,GET,false,1424.664
2212,2172,GET,false,14.935
2213,1356,GET,true,24.594
2214,16384,GET,false,17.234
2215,2628,GET,true,21.937
2216,1332,GET,false,19.322
2217,1818624,GET,false,286.624
2218,851968,GET,false,137.219
2219,4524,GET,true,22.696
2220,1336,GET,false,15.449
2221,12156,GET,false,15.807
2222,1900544,GET,false,299.177
2223,147456,GET,true,100.347
2224,17743872,GET,false,2748.438
2225,86900736,GET,false,13335.558
2226,819200,GET,false,134.313
2227,2832,GET,true,44.181
2228,2144,GET,false,20.258
2229,1982464,GET,false,311.763
2230,52412416,GET,true,11009.737
2231,2628,GET,false,12.07
2232,2628,GET,true,19.622
2233,1576,GET,false,12.766
2234,9576,GET,true,19.117
2235,1576,GET,true,18.155
2236,11500,GET,false,14.252
2237,2310144,GET,false,360.119
2238,2310144,GET,false,359.339
2239,4960,GET,false,11.95
2240,2212,GET,true,18.99
2241,2420,GET,false,12.973
2242,1343488,GET,true,326.117
2243,2628,GET,false,12.735
2244,2628,GET,true,19.367
2245,7476,GET,true,19.209
2246,4960,GET,true,18.205
2247,12284,GET,false,14.866
2248,1376256,GET,true,26214.783
2249,51478528,GET,true,23029.289
2250,1156,GET,true,36.567
2251,9544,GET,false,14.926
2252,294912,GET,true,2833.342
2253,2828,GET,true,23.225
2254,12284,GET,true,22.777
2255,7852,GET,false,13.945
2256,1772,GET,false,13.11
2257,7508,GET,false,13.801
2258,9338880,GET,true,11805.248
2259,14663680,GET,false,2266.362
2260,2412,GET,true,19.221
2261,2112,GET,true,16.679
2262,16384,GET,true,19.749
2263,2404,GET,true,15.199
2264,65536,GET,false,17.797
2265,2628,GET,true,17.571
2266,1156,GET,true,15.642
2267,12996,GET,false,13.574
2268,52412416,GET,false,8043.835
2269,2628,GET,false,12.329
2270,6972,PUT,false,35.71
2271,22102016,PUT,false,6834.452
2272,2628,GET,true,27.156
2273,6972,GET,false,14.829
2274,7260,GET,false,14.111
2275,12284,GET,false,14.137
2276,12284,GET,true,18.751
2277,4588,GET,true,16.48
2278,12284,GET,false,11.864
2279,6062080,GET,false,935.293
2280,12156,GET,false,13.816
2281,3020,GET,false,12.98
2282,2628,GET,true,18.719
2283,1584,GET,false,12.45
2284,3220,GET,true,17.271
2285,15548416,GET,true,12000.22
2286,2604,GET,false,11.843
2287,6912,GET,true,18.332
2288,5160,GET,false,12.142
2289,819200,GET,false,131.974
2290,819200,GET,false,130.384
2291,1372,GET,false,11.279
2292,1372,GET,false,13.281
2293,458752,GET,false,75.588
2294,1656,GET,true,15.459
2295,54394880,PUT,false,16233.708
2296,5960,GET,false,14.066
2297,51478528,GET,false,7911.814
2298,2628,GET,false,11.746
2299,2112,GET,false,10.358
2300,16384,GET,false,12.695
2301,1152,GET,false,9.483
2302,4284,GET,false,10.108
2303,7476,GET,true,16.93
2304,2260,GET,true,14.873
2305,1048576,PUT,false,403.044
2306,1760,GET,true,15.725
2307,2628,GET,true,13.089
2308,65536,GET,true,26.088
2309,65536,GET,true,24.952
2310,86900736,GET,false,13332.014
2311,2080768,GET,true,1171.549
2312,294912,GET,false,51.874
2313,147456,GET,false,28.501
2314,30720000,GET,false,4719.322
2315,51478528,GET,true,9206.13
2316,2628,GET,false,13.425
2317,2310144,GET,false,360.294
2318,4960,GET,false,10.933
2319,86900736,GET,false,13317.452
2320,2628,GET,true,19.905
2321,12284,GET,false,12.278
2322,65536,GET,true,29.542
2323,4960,GET,false,11.406
2324,1048576,GET,true,225.377
2325,2628,GET,true,15.361
2326,1368,GET,false,10.493
2327,2844,GET,true,14.028
2328,6644,GET,false,11.012
2329,2628,GET,true,13.702
2330,12284,GET,false,12.629
2331,32768,GET,true,19.418
2332,2628,GET,false,9.46
2333,2144,GET,true,14.037
2334,12156,GET,true,16.034
2335,1916928,GET,true,406.915
2336,12656,GET,false,12.13
2337,5560,GET,true,15.152
2338,86900736,GET,true,52438.057
2339,2056,GET,true,26.983
2340,3856,GET,true,14.236
2341,27688960,GET,false,4248.849
2342,2056,GET,true,18.377
2343,1760,GET,false,10.78
2344,2628,GET,false,12.396
2345,671744,PUT,false,232.728
2346,3784,GET,true,18.862
2347,2628,GET,true,14.677
2348,32768,GET,false,13.903
2349,1156,GET,true,14.428
2350,7844,GET,false,20.734
2351,84459520,GET,false,12953.967
2352,14920,GET,false,13.141
2353,12156,GET,false,12.906
2354,40943616,GET,false,6278.814
2355,4756,GET,true,16.659
2356,26443776,GET,true,4481.33
2357,2804,GET,true,18.059
2358,3000,GET,false,11.733
2359,51478528,GET,false,7893.67
2360,2628,GET,true,15.608
2361,342114304,GET,true,114341.316
2362,7440,GET,false,18.975
2363,2628,GET,true,24.026
2364,704512,GET,true,13014.193
2365,2420,GET,true,18.653
2366,1228,GET,false,10.537
2367,3444,GET,true,16.046
2368,1152,GET,true,16.456
2369,1048576,PUT,false,332.374
2370,737280,GET,false,120.005
2371,3784,GET,true,17.546
2372,10272768,GET,true,2120.515
2373,6820,GET,false,11.745
2374,10272768,GET,false,1582.378
2375,3860,GET,false,12.813
2376,278528,GET,true,90.046
2377,16384,GET,true,20.988
2378,10272768,GET,false,1581.773
2379,2236,GET,false,11.644
2380,671744,GET,false,108.967
2381,819200,GET,false,131.193
2382,2628,GET,false,11.023
2383,704512,GET,true,160.933
2384,10368,GET,false,12.425
2385,2628,GET,true,16.123
2386,4964352,GET,false,766.69
2387,163840,GET,false,30.086
2388,10088,GET,false,11.081
2389,2560,GET,true,15.233
2390,16384,GET,false,12.565
2391,12156,GET,true,16.105
2392,32653312,GET,true,6835.43
2393,32653312,GET,false,5007.859
2394,2628,GET,false,10.182
2395,49577984,GET,false,7601.943
2396,2628,GET,true,16.448
2397,2060,GET,false,11.426
2398,32653312,GET,true,6059.376
2399,2628,GET,false,9.62
2400,2828,GET,true,14.674
2401,1356,GET,false,8.982
2402,1360,GET,true,12.049
2403,448905216,GET,true,78025.399
2404,1048576,PUT,false,280.23
2405,2628,GET,false,12.582
2406,65699840,GET,true,14187.515
2407,238272512,GET,true,86812.783
2408,49152,GET,true,38.956
2409,94404608,GET,false,14466.461
2410,3228,GET,false,11.731
2411,1524,GET,false,12.393
2412,27688960,GET,true,29191.006
2413,1064960,GET,false,170.713
2414,15076,GET,false,13.231
2415,15076,GET,false,9.806
2416,1040,GET,true,18.941
2417,4088,GET,false,12.013
2418,2484,GET,true,14.072
2419,1336,GET,false,10.316
2420,720896,GET,false,116.858
2421,12284,GET,false,11.756
2422,10088,GET,true,16.742
2423,4620,GET,true,22.484
2424,4964352,GET,false,768.93
2425,1064,GET,false,11.233
2426,8476,GET,true,17.184
2427,16384,GET,false,12.708
2428,4588,GET,false,11.898
2429,10272768,GET,true,26376.607
2430,7440,GET,false,11.392
2431,10272768,GET,true,2051.033
2432,6032,GET,false,11.952
2433,16384,GET,false,12.638
2434,6160384,GET,true,1196.943
2435,6664,GET,true,17.943
2436,16384,GET,true,17.255
2437,7368,GET,true,14.47
2438,1356,GET,true,13.097
2439,671744,GET,false,109.042
2440,2628,GET,true,13.361
2441,1980,GET,false,9.888
2442,49152,GET,false,13.864
2443,3020,GET,false,10.252
2444,2628,GET,true,13.847
2445,15076,GET,true,16.024
2446,3784,GET,false,10.532
2447,3342336,GET,true,646.789
2448,2804,GET,false,9.578
2449,1584,GET,false,8.971
2450,2260,GET,false,9.229
2451,1336,GET,false,7.253
2452,14663680,GET,true,2499.02
2453,16187392,GET,false,2496.246
2454,2628,GET,true,13.371
2455,12284,GET,true,13.943
2456,3024,GET,true,11.461
2457,12284,GET,false,7.587
2458,10576,GET,false,9.802
2459,2628,GET,false,8.304
2460,2490368,GET,true,434.587
2461,1128,GET,true,13.025
2462,5144576,GET,false,794.062
2463,2260,GET,false,6.89
2464,2097152,GET,false,327.596
2465,1916928,GET,true,367.496
2466,1982464,GET,true,377.12
2467,2628,GET,true,10.964
2468,1916928,GET,true,418.95
2469,54394880,GET,false,8338.147
2470,30720000,GET,false,4711.129
2471,671744,GET,true,977.902
2472,1368,GET,false,9.007
2473,1152,GET,false,9.852
2474,2628,GET,false,8.394
2475,2490368,GET,false,387.096
2476,54394880,GET,false,8338.156
2477,2628,GET,false,9.427
2478,2628,GET,false,8.895
2479,5160960,GET,false,796.681
2480,10764288,GET,false,1658.644
2481,6716,GET,true,13.987
2482,26443776,GET,true,5046.88
2483,8536,GET,false,9.956
2484,2420,GET,false,8.14
2485,655360,GET,false,105.761
2486,22052864,GET,true,4406.999
2487,26443776,GET,false,4055.512
2488,114688,GET,true,35.822
2489,2628,GET,false,9.466
2490,17743872,GET,true,3237.605
2491,2620,GET,false,9.867
2492,8780,GET,true,15.666
2493,16384,GET,true,15.184
2494,5996544,GET,false,924.251
2495,2620,GET,false,10.289
2496,42680320,GET,true,8595.321
2497,2056,PUT,false,29.604
2498,2220,GET,false,9.435
2499,30720000,GET,false,4713.065
2500,4524,GET,false,8.942
2501,2056,PUT,false,22.349
2502,1716,PUT,false,18.938
2503,8476,GET,true,15.702
2504,1048576,PUT,false,361.605
2505,3948,PUT,false,21.162
2506,238272512,GET,false,36499.914
2507,86900736,GET,true,16135.16
2508,2628,GET,false,13.939
2509,32768,GET,false,14.69
2510,12284,GET,true,27.901
2511,2816,GET,true,14.107
2512,1792,GET,false,11.264
2513,10368,GET,true,15.909
2514,3342336,GET,false,518.26
2515,9388032,GET,false,1454.797
2516,7052,GET,true,18.086
2517,2628,GET,true,14.969
2518,4088,GET,false,11.575
2519,12284,GET,false,12.823
2520,12156,GET,false,12.098
2521,3522560,GET,false,545.648
2522,4524,GET,false,11.683
2523,2112,GET,true,14.851
2524,65699840,GET,true,14077.228
2525,1336,GET,true,16.389
2526,65880064,GET,false,10099.065
2527,3408,GET,true,15.575
2528,7476,GET,false,11.506
2529,1332,GET,true,13.762
2530,704512,GET,false,114.996
2531,15076,GET,false,11.208
2532,11500,GET,true,15.19
2533,4088,GET,true,13.532
2534,2628,GET,false,10.106
2535,5996,GET,false,9.711
2536,1464,GET,true,12.992
2537,8476,GET,false,10.837
2538,2260,GET,false,10.481
2539,12284,GET,false,11.252
2540,9544,GET,false,9.989
2541,4960,GET,true,13.105
2542,447889408,GET,true,74694.889
2543,1064960,GET,true,228.969
2544,4524,GET,true,26.947
2545,10576,GET,false,13.52
2546,6716,GET,true,16.694
2547,2310144,GET,false,359.885
2548,851968,GET,true,200.124
2549,65536,GET,true,27.603
2550,4580,GET,false,12.869
2551,2628,GET,true,14.938
2552,2628,GET,true,11.589
2553,16384,GET,true,17.169
2554,3444,GET,true,14.151
2555,32768,GET,true,18.934
2556,3162112,GET,false,490.519
2557,1064960,GET,false,170.108
2558,2420,GET,true,15.461
2559,14216,GET,true,17.301
2560,16384,GET,false,12.687
2561,2216,GET,false,10.908
2562,2628,GET,true,14.824
2563,3936,GET,false,11.833
2564,65536,GET,false,16.3
2565,2628,GET,true,14.234
2566,2310144,GET,false,359.199
2567,16384,GET,false,13.086
2568,2628,GET,true,15.167
2569,357416960,GET,true,65637.176
2570,3376,GET,true,43.813
2571,26443776,GET,false,4057.606
2572,2628,GET,true,19.457
2573,86900736,GET,false,13318.465
2574,2420,GET,true,17.503
2575,671744,GET,false,109.619
2576,2628,GET,true,15.707
2577,12284,GET,false,12.83
2578,12156,GET,false,12.061
2579,1900544,GET,true,404.615
2580,54394880,GET,false,8340.406
2581,88801280,GET,false,13607.13
2582,2310144,GET,true,503.59
2583,2604,GET,false,10.736
2584,12156,GET,false,11.291
2585,1441792,GET,false,227.884
2586,238272512,GET,false,36499.939
2587,9544,GET,false,11.236
2588,357482496,GET,false,54770.388
2589,7684096,GET,false,1193.367
2590,2628,GET,true,15.519
2591,3408,GET,false,9.142
2592,52412416,GET,false,8034.571
2593,9576,GET,true,14.838
2594,10576,GET,false,9.861
2595,2060,GET,false,8.9
2596,9576,GET,false,8.975
2597,3344,GET,true,12.36
2598,11059200,GET,false,1700.884
2599,2828,GET,true,14.001
2600,4524,GET,true,12.748
2601,819200,GET,false,130.916
2602,1788,GET,true,12.235
2603,20840448,GET,false,3211.52
2604,1368,GET,false,8.796
2605,327680,GET,false,55.636
2606,294912,GET,true,910.379
2607,2404,GET,false,8.992
2608,163840,GET,true,64.344
2609,6784,PUT,false,57.342
2610,1356,GET,false,10.125
2611,3220,GET,false,8.792
2612,12284,GET,false,9.403
2613,11108,GET,false,9.664
2614,13598720,GET,false,2088.694
2615,28442624,GET,true,14725.188
2616,10764288,GET,false,1657.86
2617,1368,GET,true,21.818
2618,2628,GET,true,13.516
2619,2632,GET,true,15.195
2620,1336,GET,false,10.669
2621,2490368,GET,true,6429.396
2622,4448,GET,true,16.644
2623,9519104,PUT,false,2988.113
2624,344064,GET,true,9797.415
2625,2628,GET,false,11.571
2626,3632,GET,false,12.227
2627,25116672,GET,true,4793.917
2628,2310144,GET,true,25339.949
2629,2060,GET,true,17.594
2630,12156,GET,false,11.167
2631,1900544,GET,false,296.909
2632,41828352,GET,true,8846.931
2633,51478528,GET,false,7893.133
2634,13598720,GET,false,2090.872
2635,13123584,GET,true,27703.133
2636,4524,GET,true,16.14
2637,1916928,GET,true,13062.007
2638,17743872,GET,false,2724.815
2639,2628,GET,false,9.493
2640,13836,GET,true,15.66
2641,1152,GET,true,11.688
2642,10576,GET,false,10.031
2643,671744,GET,false,108.082
2644,1336,GET,false,8.077
2645,2404,GET,true,12.914
2646,32768,GET,true,16.811
2647,12156,GET,false,8.508
2648,2375680,GET,false,368.696
2649,65536,GET,true,23.792
2650,2056,PUT,false,24.548
2651,2310144,GET,false,358.591
2652,2628,GET,false,8.881
2653,16384,GET,true,14.453
2654,13192,GET,true,12.817
2655,1376256,GET,false,216.168
2656,2604,GET,false,8.487
2657,2628,GET,true,12.239
2658,1372,GET,true,12.119
2659,6792,GET,false,8.206
2660,1332,GET,false,8.227
2661,2420,GET,true,11.812
2662,3376,GET,true,11.565
2663,11059200,PUT,false,3354.337
2664,2310144,GET,true,502.192
2665,10576,GET,false,10.285
2666,2080768,GET,true,432.926
2667,54394880,GET,true,11854.053
2668,10469376,GET,false,1616.264
2669,1116,GET,false,8.778
2670,65536,GET,true,27.77
2671,19791872,GET,true,4151.554
2672,17924096,GET,true,3062.048
2673,16384,GET,true,16.375
2674,9576,GET,false,8.602
2675,3020,GET,true,13.226
2676,2628,GET,true,11.743
2677,12284,GET,true,14.807
2678,83017728,GET,true,17292.513
2679,30720000,GET,false,4711.413
2680,3024,GET,true,14.171
2681,52412416,GET,false,8033.514
2682,851968,GET,false,136.244
2683,11059200,GET,true,2310.76
2684,16187392,GET,false,2496.417
2685,32768,GET,true,19.654
2686,3000,GET,false,8.617
2687,1128,GET,true,11.715
2688,13192,GET,true,14.375
2689,2832,PUT,false,22.983
2690,10408,PUT,false,22.72
2691,3020,GET,false,8.596
2692,2628,GET,false,10.012
2693,2628,GET,true,12.028
2694,52412416,GET,false,8031.953
2695,12284,GET,true,16.523
2696,32768,GET,false,11.846
2697,12284,GET,false,10.0
2698,1980,GET,true,11.74
2699,3000,GET,false,8.986
2700,12284,GET,false,8.817
2701,2628,GET,false,8.014
2702,1152,GET,false,8.728
2703,54394880,GET,true,11456.476
2704,55967744,GET,true,10353.868
2705,163840,GET,false,32.644
2706,2628,GET,false,9.785
2707,9576,GET,false,11.284
2708,1116,GET,true,18.155
2709,16384,GET,true,15.738
2710,2628,GET,true,13.388
2711,54394880,GET,false,8338.536
2712,2632,GET,false,12.272
2713,16187392,GET,false,2498.44
2714,1900,GET,true,15.328
2715,8568832,GET,true,1518.78
2716,6716,GET,true,16.439
2717,2420,GET,false,10.82
2718,1368,GET,true,13.994
2719,3342336,GET,false,518.19
2720,1900544,GET,false,296.623
2721,3000,GET,false,11.158
2722,1980,GET,false,9.424
2723,2632,GET,false,10.557
2724,6732,PUT,false,29.275
2725,2056,GET,true,17.54
2726,2628,GET,true,14.123
2727,1772,GET,true,13.634
2728,16384,GET,true,16.133
2729,86900736,GET,false,13317.37
2730,2628,GET,false,9.881
2731,2628,GET,false,9.511
2732,2162688,GET,true,463.392
2733,10764288,GET,true,1877.26
2734,14663680,GET,false,2254.397
2735,1146880,GET,true,267.056
2736,26443776,GET,false,4057.16
2737,5560,GET,false,10.564
2738,2628,GET,true,14.045
2739,9027584,GET,true,1557.723
2740,1916928,GET,false,300.644
2741,147456,GET,true,69.001
2742,86900736,GET,false,13323.364
2743,3342336,GET,false,518.465
2744,16384,GET,true,31.241
2745,33898496,GET,true,6980.951
2746,2620,GET,false,9.702
2747,3044,GET,true,15.074
2748,2260,GET,true,13.001
2749,5560,GET,true,14.196
2750,5062656,GET,true,6257.254
2751,2628,GET,false,9.173
2752,9879552,GET,true,1693.783
2753,2628,GET,true,14.724
2754,2310144,GET,false,359.176
2755,4960,GET,false,8.876
2756,4960,GET,false,9.149
2757,1372,GET,true,11.792
2758,9338880,GET,false,1435.923
2759,2628,GET,false,8.523
2760,9338880,GET,true,1629.194
2761,2628,GET,false,8.822
2762,2620,GET,true,13.597
2763,2628,GET,false,8.652
2764,11500,GET,false,9.028
2765,2097152,GET,false,327.378
2766,5652,GET,false,9.183
2767,14663680,GET,true,2450.37
2768,3024,GET,false,9.527
2769,3860,GET,false,8.692
2770,2420,GET,false,9.701
2771,3000,GET,false,9.44
2772,32768,GET,true,18.842
2773,1332,GET,false,8.934
2774,9576,GET,false,9.169
2775,4960,GET,false,7.174
2776,16384,GET,true,14.301
2777,12284,GET,false,9.154
2778,2628,GET,true,10.961
2779,3342336,GET,true,595.681
2780,16384,GET,true,14.396
2781,2628,GET,true,11.312
2782,26443776,GET,true,4301.796
2783,9544,GET,true,15.272
2784,16384,GET,false,10.669
2785,2628,GET,false,9.262
2786,3342336,GET,false,517.982
2787,2628,GET,true,13.035
2788,3860,GET,true,12.128
2789,16187392,GET,false,2496.042
2790,1164,GET,true,12.542
2791,2628,GET,false,8.784
2792,2097152,GET,true,26325.84
2793,16384,GET,false,12.464
2794,2344,GET,false,9.408
2795,30720000,GET,true,17844.249
2796,14663680,GET,true,2851.142
2797,2628,GET,true,17.246
2798,2628,GET,true,9.729
2799,10088,GET,true,14.177
2800,11500,GET,true,13.217
2801,1772,GET,true,11.292
2802,9027584,GET,false,1404.591
2803,2628,GET,true,21.104
2804,2628,GET,true,11.408
2805,2172,GET,false,9.374
2806,3342336,GET,true,2974.111
2807,3000,GET,false,9.36
2808,294912,GET,true,10728.681
2809,294912,GET,false,50.511
2810,86900736,GET,true,38676.689
2811,5560,GET,false,15.669
2812,3784,GET,false,12.087
2813,65536,GET,false,16.14
2814,3784,GET,false,8.238
2815,2628,GET,false,10.244
2816,1332,GET,false,11.14
2817,3342336,GET,false,519.256
2818,2628,GET,false,10.762
2819,3457024,GET,true,775.798
2820,26443776,GET,true,5449.576
2821,2628,GET,true,26.739
2822,6088,GET,true,16.795
2823,1896,GET,true,14.312
2824,2628,GET,true,14.572
2825,30720000,GET,false,4713.702
2826,1576,GET,false,12.69
2827,54394880,GET,false,8338.044
2828,2097152,GET,true,26300.007
2829,54394880,GET,false,8339.021
2830,16384,GET,false,12.158
2831,131072,GET,true,25530.82
2832,2628,GET,false,10.906
2833,16187392,GET,true,27841.911
2834,16384,GET,true,21.336
2835,12156,GET,true,15.527
2836,819200,GET,true,228.771
2837,4524,GET,false,11.377
2838,9371648,GET,true,1639.904
2839,57720832,GET,true,31726.669
2840,2628,GET,true,30.934
2841,2344,GET,true,17.804
2842,2628,GET,false,11.386
2843,6220,GET,false,12.225
2844,49577984,PUT,false,23187.044
2845,2628,GET,true,27.366
2846,9576,GET,true,16.034
2847,20365312,GET,true,4189.245
2848,196608,PUT,false,1010.906
2849,3000,GET,false,13.218
2850,12156,GET,false,12.795
2851,14417920,GET,false,2219.789
2852,2804,GET,true,20.861
2853,2628,GET,true,14.598
2854,2628,GET,true,14.789
2855,1277952,GET,true,9717.964
2856,17743872,GET,false,2735.883
2857,2628,GET,true,15.99
2858,1980,GET,false,10.512
2859,9338880,GET,true,1764.121
2860,2628,GET,true,17.461
2861,30720000,GET,true,5214.403
2862,2820,GET,true,16.914
2863,1900544,GET,false,297.751
2864,5016,GET,true,14.789
2865,9027584,GET,false,1403.39
2866,26443776,GET,true,28010.159
2867,2628,GET,true,18.978
2868,1356,GET,false,10.661
2869,671744,GET,false,109.055
2870,3784,GET,false,10.925
2871,4372,PUT,false,29.999
2872,2228,GET,false,12.255
2873,16187392,GET,false,2497.728
2874,16384,GET,false,13.191
2875,2996,GET,false,11.305
2876,51478528,GET,true,10997.533
2877,8956,GET,false,11.496
2878,3784,GET,true,16.913
2879,2195456,GET,false,342.207
2880,16384,GET,true,16.428
2881,671744,GET,false,114.139
2882,52412416,GET,true,9798.077
2883,2212,GET,true,19.284
2884,5390336,GET,true,977.471
2885,2420,GET,false,11.001
2886,16384,GET,false,13.118
2887,7476,GET,false,10.92
2888,671744,GET,false,108.592
2889,819200,GET,true,220.839
2890,12284,GET,false,12.931
2891,9544,GET,false,10.971
2892,32768,GET,true,21.884
2893,16384,GET,false,12.295
2894,2490368,GET,true,1051.867
2895,11157504,GET,false,1716.453
2896,2628,GET,true,15.636
2897,2804,GET,true,13.555
2898,9576,GET,true,17.234
2899,9338880,GET,false,1447.768
2900,53903360,GET,false,8264.083
2901,4960,GET,true,15.466
2902,7344,GET,true,15.455
2903,3220,GET,true,12.947
2904,1236,GET,false,11.391
2905,2832,GET,true,13.585
2906,3936,GET,false,10.402
2907,26443776,GET,false,4057.412
2908,7052,GET,false,10.19
2909,9544,GET,true,15.889
2910,16384,GET,true,14.645
2911,1152,GET,false,8.628
2912,2832,GET,true,13.268
2913,51478528,GET,true,10660.337
2914,1368,GET,false,9.539
2915,2097152,GET,false,327.013
2916,3680,GET,false,9.787
2917,2628,GET,true,14.112
2918,2628,GET,false,10.115
2919,3860,GET,false,15.035
2920,2628,GET,true,12.064
2921,3000,GET,false,9.062
2922,2340,GET,true,12.834
2923,2632,GET,true,11.428
2924,29868032,GET,true,6651.98
2925,7200,GET,false,10.096
2926,54394880,GET,false,8338.927
2927,15548416,GET,false,2387.769
2928,3784,GET,false,9.413
2929,12284,GET,false,9.38
2930,1356,GET,true,13.71
2931,1336,GET,false,8.446
2932,1368,GET,true,11.386
2933,1900544,GET,false,296.754
2934,11500,GET,false,8.799
2935,2828,GET,false,8.164
2936,1128,GET,false,7.959
2937,3324,GET,true,149.345
2938,30720000,GET,false,4732.592
2939,2628,GET,false,20.829
2940,3522560,GET,false,546.198
2941,1064960,GET,true,792.477
2942,32768,GET,true,22.813
2943,1332,GET,true,15.309
2944,2949120,GET,true,12108.011
2945,12284,GET,false,22.676
2946,3020,GET,false,9.357
2947,2244608,GET,true,490.766
2948,6004,GET,false,10.841
2949,86900736,GET,true,16059.981
2950,2628,GET,false,16.634
2951,2628,GET,false,11.736
2952,12284,GET,false,12.57
2953,12284,GET,true,27.684
2954,16384,PUT,false,38.047
2955,2195456,GET,false,343.77
2956,6904,GET,true,18.454
2957,30720000,GET,true,29828.2
2958,671744,GET,false,115.708
2959,196608,GET,true,101.942
2960,2632,GET,true,120.795
2961,2628,GET,true,26.629
2962,12284,GET,true,17.625
2963,65536,GET,false,16.318
2964,16384,GET,true,18.457
2965,2340,GET,false,11.41
2966,15548416,GET,false,2388.296
2967,2490368,GET,false,388.243
2968,655360,GET,false,107.226
2969,1156,GET,true,16.088
2970,2628,GET,false,11.781
2971,2804,GET,true,16.068
2972,12284,GET,false,12.021
2973,9544,GET,true,16.955
2974,2310144,GET,true,9764.505
2975,1720,GET,false,12.917
2976,1116,GET,true,16.91
2977,7200,GET,true,16.597
2978,7200,GET,true,12.735
2979,3324,GET,true,16.751
2980,1277952,GET,true,259.948
2981,2080768,GET,true,438.382
2982,4572,GET,true,17.533
2983,2184,PUT,false,34.472
2984,16384,GET,true,18.73
2985,6680,GET,true,14.918
2986,9879552,GET,false,1536.365
2987,3260,GET,true,16.458
2988,49152,GET,false,15.133
2989,6920,GET,false,12.416
2990,1152,GET,true,13.567
2991,2420,GET,true,13.831
2992,2340,GET,false,10.757
2993,2804,GET,true,13.359
2994,3020,GET,false,11.244
2995,1760,GET,false,11.088
2996,16384,GET,false,16.88
2997,3342336,GET,true,627.691
2998,393216,GET,false,66.985
2999,2344,GET,true,14.755
3000,6928,GET,false,13.034
3001,2832,GET,false,10.863
3002,1156,GET,false,9.151
3003,2604,GET,false,10.839
3004,2195456,GET,true,488.892
3005,7344,GET,true,15.739
3006,3936,GET,false,11.575
3007,12284,GET,false,10.973
3008,6728,GET,true,13.36
3009,147456,GET,true,80.503
3010,33767424,GET,true,5669.684
3011,3856,GET,true,42.171
3012,2056,GET,true,24.227
3013,4524,GET,true,19.458
3014,51478528,GET,true,8568.62
3015,54394880,GET,false,8340.789
3016,2628,GET,false,13.282
3017,52412416,GET,false,8035.727
3018,2097152,GET,true,1026.253
3019,2310144,GET,false,361.423
3020,182452224,GET,false,27954.783
3021,72876032,GET,true,12958.987
3022,2628,GET,true,32.558
3023,2340,GET,false,12.52
3024,2628,GET,false,11.831
3025,86900736,GET,true,18387.141
3026,2632,GET,false,13.747
3027,1156,GET,true,19.566
3028,2195456,GET,false,342.375
3029,16187392,GET,true,3520.056
3030,655360,GET,false,107.023
3031,16187392,GET,false,2499.333
3032,2097152,GET,true,415.454
3033,2344,GET,false,10.843
3034,3020,GET,false,11.46
3035,1916928,PUT,false,611.226
3036,671744,PUT,false,212.98
3037,2628,GET,true,17.303
3038,114688,PUT,false,262.8
3039,2804,GET,false,11.176
3040,4960,GET,true,14.231
3041,2996,GET,false,10.988
3042,2899968,GET,false,449.391
3043,1064960,GET,true,11651.952
3044,3784,GET,true,16.98
3045,2056,PUT,false,21.618
3046,4528,GET,false,10.911
3047,3220,GET,true,13.014
3048,3936,GET,true,12.756
3049,2195456,GET,true,444.251
3050,91504640,GET,true,19018.86
3051,1772,GET,false,10.078
3052,6920,GET,true,16.025
3053,2828,GET,true,13.451
3054,1536,GET,true,12.208
3055,737280,GET,false,118.489
3056,1532,GET,false,9.09
3057,54394880,GET,true,32555.705
3058,2464,GET,false,21.183
3059,3860,GET,false,17.742
3060,2628,GET,false,11.06
3061,9027584,GET,false,1405.023
3062,52412416,GET,false,8041.459
3063,78348288,GET,true,14562.565
3064,27688960,GET,true,29436.688
3065,2260,GET,false,18.273
3066,1900,GET,true,25.941
3067,1336,GET,false,13.002
3068,1336,GET,true,15.585
3069,2828,GET,true,15.137
3070,6728,GET,false,12.247
3071,9240,GET,false,13.272
3072,4931584,GET,false,761.488
3073,2628,GET,false,12.221
3074,6720,GET,true,18.165
3075,278528,GET,true,11998.721
3076,5344,GET,true,18.63
3077,3680,GET,true,16.203
3078,16384,GET,false,14.147
3079,12156,GET,false,13.17
3080,78348288,GET,true,21764.87
3081,10368,GET,true,36.581
3082,10368,GET,true,13.568
3083,16384,GET,false,14.122
3084,16384,GET,true,23.272
3085,278528,GET,true,118.09
