0,26443776,GET,true,8349.245
1,2144,GET,true,69.958
2,2310144,GET,true,695.422
3,1980,GET,true,69.234
4,1152,GET,true,34.461
5,2404,GET,true,26.606
6,2628,GET,true,28.776
7,1336,GET,true,24.594
8,1772,GET,true,26.828
9,14708,GET,true,31.716
10,40943616,GET,true,13256.223
11,2195456,GET,true,843.558
12,2404,GET,true,63.591
13,4931584,GET,true,1667.628
14,2420,GET,true,55.758
15,30720000,GET,true,9823.104
16,2212,GET,true,57.611
17,1584,GET,true,35.881
18,114688,GET,true,51.476
19,20365312,GET,true,6257.207
20,65536,PUT,false,375.852
21,16187392,GET,true,4825.351
22,4016,GET,true,56.523
23,15548416,GET,true,4608.943
24,10764288,GET,true,3288.849
25,14663680,GET,true,4325.196
26,23822336,GET,true,6433.399
27,1116,GET,true,38.676
28,2628,GET,true,23.573
29,1152,GET,true,23.624
30,10088,GET,true,25.029
31,16384,GET,true,27.159
32,1980,GET,true,20.499
33,1900544,GET,true,605.188
34,2628,GET,true,52.217
35,2996,GET,true,26.446
36,54394880,GET,true,15204.664
37,3000,GET,true,79.159
38,2628,GET,true,32.937
39,3784,GET,true,27.24
40,851968,GET,true,336.864
41,671744,GET,true,254.135
42,7476,GET,true,53.902
43,2628,GET,true,27.143
44,2080768,GET,true,758.236
45,3342336,GET,true,1085.602
46,3784,GET,true,46.734
47,3342336,GET,true,1030.419
48,1720,PUT,false,74.321
49,1332,GET,true,24.914
50,819200,GET,true,285.939
51,2628,GET,true,46.998
52,12284,GET,true,26.882
53,7596,GET,true,21.355
54,3376,GET,true,24.293
55,9544,GET,true,21.946
56,1336,GET,true,20.209
57,7852,GET,true,20.442
58,2097152,GET,true,571.53
59,32768,GET,true,43.323
60,1372,GET,true,23.048
61,65536,GET,true,29.82
62,3020,GET,true,21.406
63,86900736,GET,true,29801.298
64,2340,GET,true,93.259
65,12284,GET,true,33.458
66,2080768,GET,true,767.113
67,2340,GET,true,59.252
68,10088,GET,true,33.117
69,1900544,GET,true,691.0
70,2628,GET,true,52.178
71,2844,GET,true,30.515
72,28606464,GET,true,9876.855
73,132939776,GET,true,44120.874
74,9338880,GET,true,2685.968
75,2144,GET,true,44.919
76,1576,GET,true,27.564
77,17743872,GET,true,5182.352
78,55967744,GET,true,20423.501
79,14663680,GET,true,5409.59
80,10764288,GET,true,3689.556
81,1788,GET,true,52.051
82,1966080,GET,true,747.982
83,1788,PUT,false,89.15
84,62947328,GET,true,21733.634
85,4524,GET,true,57.551
86,1980,GET,true,27.71
87,1332,GET,true,35.555
88,3680,GET,true,29.603
89,1128,GET,true,24.749
90,2340,GET,true,35.122
91,1336,GET,true,24.383
92,10404,GET,true,27.304
93,16187392,GET,true,7496.737
94,2195456,GET,true,719.775
95,1788,GET,true,52.202
96,1128,GET,true,30.515
97,54394880,GET,true,19267.204
98,32768,GET,true,80.837
99,3020,GET,true,28.705
100,2844,GET,true,24.202
101,3784,GET,true,30.605
102,4960,GET,true,25.23
103,6728,GET,true,21.266
104,110198784,GET,true,40032.834
105,3162112,GET,true,1225.889
106,12284,GET,true,59.847
107,14663680,GET,true,4987.974
108,3342336,GET,true,1236.543
109,33767424,PUT,false,19108.358
110,2628,GET,true,71.937
111,2310144,GET,true,905.894
112,6920,GET,true,67.741
113,51478528,GET,true,18897.326
114,2628,GET,true,76.065
115,1156,GET,true,35.574
116,2628,GET,true,25.655
117,1988,GET,true,137.451
118,2112,GET,true,24.84
119,2490368,GET,true,930.982
120,114688,GET,true,91.291
121,55197696,GET,true,19454.203
122,16384,GET,true,145.178
123,294912,GET,true,119.43
124,3000,GET,true,41.906
125,2820,GET,true,26.963
126,32768,GET,true,29.789
127,2628,GET,true,22.358
128,2949120,GET,true,783.233
129,7476,GET,true,39.916
130,2785280,GET,true,989.903
131,2060,GET,true,58.655
132,2628,GET,true,25.964
133,2628,GET,true,26.793
134,3024,GET,true,22.421
135,1332,GET,true,21.034
136,2628,GET,true,21.12
137,1772,GET,true,21.976
138,2228224,PUT,false,1291.483
139,3784,GET,true,53.038
140,2628,GET,true,29.005
141,54394880,GET,true,18634.911
142,2628,GET,true,88.636
143,12656,PUT,false,96.252
144,1152,GET,true,30.599
145,2628,GET,true,24.867
146,65536,GET,true,35.204
147,4448,GET,true,24.272
148,1332,GET,true,21.475
149,1900,GET,true,30.355
150,16384,GET,true,24.169
151,17743872,GET,true,5086.039
152,8004,GET,true,40.855
153,2628,GET,true,25.047
154,2144,GET,true,22.679
155,3256,GET,true,21.744
156,6908,GET,true,22.832
157,5236,GET,true,20.372
158,196608,GET,true,96.418
159,2628,GET,true,47.305
160,1916928,GET,true,606.219
161,16384,GET,true,50.788
162,54394880,GET,true,17277.019
163,1772,GET,true,80.496
164,8004,GET,true,30.87
165,2628,GET,true,18.013
166,1584,GET,true,28.109
167,2604,GET,true,23.726
168,9576,GET,true,28.08
169,1772,GET,true,19.999
170,2344,GET,true,22.551
171,2420,GET,true,20.44
172,147456,GET,true,97.555
173,671744,GET,true,253.343
174,65536,GET,true,56.498
175,196608,GET,true,104.958
176,2628,GET,true,51.61
177,3376,GET,true,25.98
178,2344,GET,true,21.856
179,2628,GET,true,27.509
180,2424,GET,true,21.21
181,26443776,GET,true,9732.641
182,32768,GET,true,62.909
183,3416,GET,true,26.182
184,7028736,GET,true,2034.092
185,5184,GET,true,38.674
186,1064960,GET,true,453.85
187,9576,GET,true,66.457
188,1980,GET,true,23.754
189,10764288,GET,true,3506.353
190,2828,GET,true,49.416
191,65536,GET,true,34.613
192,5184,GET,true,23.134
193,2344,GET,true,21.105
194,1964,GET,true,20.949
195,7476,GET,true,20.436
196,15269888,GET,true,4822.783
197,1028,GET,true,49.512
198,1720,PUT,false,53.942
199,7946240,GET,true,2355.43
200,2212,GET,true,49.989
201,2628,GET,true,24.224
202,16384,GET,true,24.306
203,2628,GET,true,19.774
204,2628,GET,true,19.335
205,1116,GET,true,18.244
206,6992,GET,true,20.204
207,2628,GET,true,19.23
208,2420,GET,true,19.114
209,2195456,GET,true,816.593
210,65536,GET,true,60.143
211,1236,GET,true,26.216
212,16384,GET,true,24.417
213,5390336,PUT,false,2954.976
214,1988,GET,true,44.269
215,2628,GET,true,22.502
216,16384,GET,true,23.198
217,10368,GET,true,19.219
218,16384,GET,true,17.39
219,2097152,GET,true,676.621
220,671744,PUT,false,374.927
221,358039552,GET,true,116893.454
222,2628,GET,true,86.833
223,16384,GET,true,33.652
224,1156,GET,true,20.788
225,10764288,GET,true,3671.277
226,12284,GET,true,47.163
227,2012,GET,true,27.845
228,12284,GET,true,27.702
229,1040,GET,true,24.714
230,4964352,GET,true,1520.524
231,1720,PUT,false,129.95
232,3024,GET,true,28.022
233,1116,GET,true,26.087
234,3342336,GET,true,1145.1
235,10320,PUT,false,80.74
236,1916928,GET,true,614.608
237,16187392,GET,true,5308.838
238,2310144,GET,true,878.613
239,12156,GET,true,64.17
240,88768512,GET,true,30155.324
241,12156,GET,true,80.097
242,6720,PUT,false,127.604
243,12284,GET,true,30.872
244,4392,GET,true,22.84
245,589824,GET,true,194.732
246,16384,GET,true,53.638
247,32768,GET,true,33.917
248,1720,GET,true,22.936
249,182452224,GET,true,62143.687
250,16384,GET,true,95.193
251,16187392,GET,true,5426.46
252,2628,GET,true,56.999
253,2632,GET,true,31.295
254,12284,GET,true,27.619
255,11500,GET,true,24.973
256,9388032,GET,true,2487.85
257,10272768,GET,true,3670.502
258,10272768,GET,true,3516.473
259,2628,GET,true,51.541
260,2420,GET,true,32.332
261,2420,GET,true,27.624
262,6000,GET,true,36.716
263,4833280,GET,true,1438.678
264,3768320,GET,true,1198.933
265,1040,GET,true,50.719
266,4088,GET,true,27.655
267,6728,PUT,false,57.421
268,2804,GET,true,23.332
269,357416960,GET,true,124735.969
270,2420,GET,true,81.387
271,1780,PUT,false,69.043
272,12156,GET,true,23.303
273,2340,GET,true,16.019
274,1152,GET,true,16.728
275,2628,GET,true,15.092
276,1576,GET,true,16.419
277,2260,GET,true,14.734
278,15548416,GET,true,5071.517
279,3342336,GET,true,1226.419
280,1064960,GET,true,383.841
281,2996,GET,true,63.173
282,3652,PUT,false,71.979
283,17743872,GET,true,5570.827
284,3784,GET,true,50.405
285,4572,GET,true,26.362
286,3000,GET,true,21.998
287,1568,GET,true,19.419
288,7456,GET,true,21.073
289,4592,GET,true,20.64
290,1372,GET,true,20.467
291,13565952,GET,true,4132.906
292,1900,GET,true,41.814
293,2260,GET,true,23.228
294,819200,GET,true,268.428
295,671744,GET,true,321.086
296,2404,GET,true,71.327
297,26918912,GET,true,8582.407
298,6376,PUT,false,79.39
299,9240576,GET,true,2683.005
300,2310144,GET,true,721.73
301,1332,GET,true,44.267
302,1116,GET,true,26.908
303,9240576,PUT,false,4638.618
304,294912,GET,true,127.987
305,16384,GET,true,49.546
306,819200,GET,true,284.523
307,1900544,GET,true,632.286
308,4092,GET,true,48.814
309,52412416,GET,true,16756.559
310,12156,GET,true,74.394
311,170737664,PUT,false,95210.178
312,2080768,GET,true,700.511
313,9544,GET,true,55.667
314,3652,GET,true,28.213
315,1980,GET,true,21.824
316,1916928,GET,true,606.479
317,170737664,GET,true,61476.577
318,1966080,GET,true,666.927
319,2628,GET,true,60.491
320,12156,GET,true,37.651
321,2310144,GET,true,704.388
322,52412416,GET,true,18040.126
323,3784,GET,true,79.054
324,2628,GET,true,32.593
325,2604,GET,true,32.713
326,2828,GET,true,25.622
327,1128,GET,true,24.069
328,294912,GET,true,128.89
329,2628,GET,true,49.418
330,671744,GET,true,290.46
331,17743872,GET,true,6514.575
332,4960,GET,true,60.404
333,5560,GET,true,35.116
334,3784,GET,true,29.92
335,3342336,GET,true,1170.119
336,2628,GET,true,55.358
337,12284,GET,true,35.065
338,1584,GET,true,21.14
339,2996,GET,true,25.486
340,6308,GET,true,26.927
341,14663680,GET,true,4487.507
342,1376256,GET,true,524.14
343,16384,GET,true,63.259
344,6708,GET,true,31.19
345,2628,GET,true,30.514
346,4960,GET,true,27.652
347,1584,GET,true,24.583
348,1352,GET,true,23.922
349,1364,GET,true,22.383
350,65536,GET,true,37.142
351,6916,GET,true,25.301
352,54394880,GET,true,19661.115
353,4960,GET,true,71.438
354,1152,GET,true,35.928
355,4960,GET,true,24.835
356,7476,GET,true,22.993
357,3000,GET,true,21.585
358,1336,GET,true,28.295
359,6788,GET,true,22.587
360,4960,GET,true,24.651
361,2628,GET,true,21.808
362,2832,GET,true,21.796
363,16384,GET,true,25.474
364,1372,GET,true,19.913
365,1332,GET,true,20.508
366,16154624,GET,true,5098.32
367,54394880,GET,true,19882.252
368,1772,GET,true,84.393
369,12156,GET,true,29.298
370,7344,PUT,false,48.657
371,3240,GET,true,21.155
372,2628,GET,true,22.421
373,11059200,PUT,false,6062.292
374,2404,GET,true,42.538
375,12156,GET,true,26.712
376,3228,GET,true,23.635
377,51478528,GET,true,18814.394
378,1332,GET,true,83.799
379,54394880,GET,true,19456.899
380,54394880,GET,true,17018.152
381,16384,GET,true,45.814
382,1064960,GET,true,372.839
383,557056,GET,true,212.155
384,52412416,GET,true,18119.497
385,20316160,GET,true,6944.925
386,12284,GET,true,76.063
387,30720000,GET,true,10742.496
388,4960,GET,true,62.143
389,2804,GET,true,74.066
390,2628,GET,true,27.55
391,2516,GET,true,26.088
392,2628,GET,true,24.715
393,1584,GET,true,25.303
394,16187392,GET,true,5684.472
395,9764864,GET,true,3503.884
396,1332,GET,true,56.136
397,2420,GET,true,32.935
398,9576,GET,true,28.731
399,3342336,GET,true,1051.553
400,2310144,GET,true,583.481
401,12284,GET,true,42.62
402,9027584,GET,true,3246.445
403,2680,PUT,false,71.175
404,6912,GET,true,26.656
405,2060,GET,true,23.543
406,16384,GET,true,24.432
407,294912,GET,true,118.315
408,2490368,GET,true,808.991
409,720896,GET,true,276.07
410,12284,GET,true,46.759
411,2632,GET,true,29.632
412,1988,GET,true,25.144
413,1236,GET,true,27.929
414,2628,GET,true,23.585
415,294912,GET,true,116.252
416,1146880,GET,true,447.13
417,1116,GET,true,63.824
418,9576,GET,true,33.045
419,1332,GET,true,25.585
420,1900544,GET,true,697.17
421,10320,GET,true,73.826
422,1128,GET,true,27.667
423,6932,GET,true,29.019
424,1772,GET,true,23.49
425,2828,GET,true,26.133
426,4960,GET,true,24.54
427,2344,GET,true,23.807
428,2628,GET,true,24.809
429,65536,GET,true,33.927
430,15548416,GET,true,5462.613
431,2260,GET,true,61.483
432,1584,GET,true,33.08
433,2056,PUT,false,38.236
434,2480,GET,true,23.952
435,9544,GET,true,24.109
436,86900736,GET,true,30615.376
437,6712,GET,true,69.839
438,9240,GET,true,30.338
439,1584,GET,true,20.002
440,2080768,GET,true,627.669
441,33767424,GET,true,10657.813
442,737280,GET,true,299.412
443,2112,GET,true,58.758
444,11500,GET,true,35.869
445,294912,GET,true,147.489
446,1584,GET,true,61.22
447,3376,GET,true,33.946
448,6716,GET,true,19.462
449,51478528,GET,true,16030.695
450,107085824,GET,true,32297.102
451,2420,GET,true,68.839
452,4448,GET,true,22.488
453,2628,GET,true,22.188
454,4524,GET,true,26.087
455,6968,GET,true,21.179
456,2056,PUT,false,36.176
457,1336,GET,true,17.047
458,3220,GET,true,17.258
459,30720000,GET,true,10423.658
460,1152,GET,true,54.69
461,3860,GET,true,24.821
462,1356,GET,true,21.561
463,1236,GET,true,20.613
464,12284,GET,true,20.216
465,2628,GET,true,17.284
466,3000,GET,true,17.401
467,2604,GET,true,18.634
468,2420,GET,true,18.416
469,2420,GET,true,16.893
470,2420,GET,true,14.574
471,3000,GET,true,15.525
472,4656,GET,true,20.51
473,2628,GET,true,15.206
474,32768,GET,true,24.285
475,3936,GET,true,17.617
476,12996,GET,true,21.976
477,2844,GET,true,18.425
478,10764288,GET,true,3713.481
479,16384,GET,true,50.773
480,1336,GET,true,25.558
481,1156,GET,true,20.156
482,6572,GET,true,20.768
483,2212,GET,true,17.102
484,3680,GET,true,17.843
485,52412416,GET,true,17309.366
486,3784,GET,true,70.169
487,110215168,GET,true,36957.205
488,54394880,GET,true,20179.624
489,1916928,GET,true,659.048
490,1900,GET,true,53.942
491,2112,GET,true,33.88
492,2628,GET,true,23.198
493,30720000,GET,true,10521.376
494,2628,GET,true,48.392
495,819200,GET,true,274.77
496,2628,GET,true,46.02
497,3860,GET,true,23.311
498,5160960,GET,true,1832.477
499,3000,GET,true,58.769
500,3817472,GET,true,1344.045
501,819200,GET,true,303.38
502,2097152,GET,true,707.975
503,3680,GET,true,51.411
504,1116,GET,true,25.662
505,2628,GET,true,16.334
506,2628,GET,true,23.498
507,151633920,GET,true,43852.944
508,2260,GET,true,59.651
509,2144,GET,true,24.935
510,3784,GET,true,18.798
511,1980,GET,true,21.947
512,2628,GET,true,17.775
513,2628,GET,true,16.876
514,2628,GET,true,17.319
515,2628,GET,true,18.72
516,1982464,GET,true,651.4
517,2310144,GET,true,819.107
518,3342336,GET,true,1144.19
519,2949120,GET,true,1041.388
520,54394880,GET,true,19358.557
521,2628,GET,true,68.421
522,262144,GET,true,109.253
523,2490368,GET,true,933.318
524,5560,GET,true,51.734
525,21528576,GET,true,7830.951
526,367247360,GET,true,128693.93
527,83017728,GET,true,30483.847
528,2628,GET,true,93.573
529,1372,GET,true,29.127
530,2195456,GET,true,837.784
531,16384,GET,true,60.067
532,16384,GET,true,28.914
533,16384,GET,true,24.402
534,2804,GET,true,19.697
535,819200,GET,true,283.487
536,12284,GET,true,42.793
537,2420,GET,true,32.464
538,6520832,GET,true,1815.671
539,16384,GET,true,26.255
540,12284,GET,true,19.039
541,52412416,GET,true,18953.63
542,6728,GET,true,72.584
543,2628,GET,true,23.54
544,3020,GET,true,20.256
545,3342336,GET,true,1072.93
546,19791872,GET,true,6716.848
547,54394880,GET,true,18501.964
548,2628,GET,true,88.835
549,16187392,GET,true,5287.603
550,2632,GET,true,55.063
551,2628,GET,true,24.616
552,16187392,GET,true,5655.283
553,5816320,GET,true,2058.657
554,2604,GET,true,52.716
555,2310144,GET,true,737.952
556,9682944,GET,true,3428.479
557,1372,GET,true,53.606
558,3000,GET,true,25.955
559,2628,GET,true,19.924
560,1568,GET,true,17.289
561,2310144,GET,true,828.784
562,2628,GET,true,54.599
563,2310144,GET,true,809.135
564,6784,GET,true,50.372
565,2628,GET,true,27.388
566,1966080,GET,true,524.931
567,6932,GET,true,36.681
568,2162688,GET,true,696.92
569,4524,GET,true,45.254
570,9879552,GET,true,3366.505
571,1128,GET,true,45.062
572,2604,GET,true,22.835
573,3020,GET,true,17.25
574,1368,GET,true,17.946
575,655360,GET,true,261.464
576,1116,GET,true,51.035
577,10764288,GET,true,3348.643
578,12284,GET,true,43.883
579,2112,GET,true,23.667
580,1332,GET,true,19.474
581,1900544,GET,true,602.376
582,65536,GET,true,55.962
583,2628,GET,true,21.574
584,5576,GET,true,20.557
585,16384,GET,true,20.516
586,3220,GET,true,18.789
587,6632,GET,true,19.673
588,51478528,GET,true,17516.676
589,12156,GET,true,66.781
590,1584,GET,true,30.23
591,51478528,GET,true,17835.764
592,2628,GET,true,73.881
593,6504448,GET,true,2327.306
594,9420800,GET,true,3342.157
595,2628,GET,true,46.737
596,294912,GET,true,147.321
597,2804,GET,true,57.918
598,10408,GET,true,29.142
599,12284,GET,true,21.574
600,17743872,GET,true,5937.638
601,86065152,GET,true,29759.871
602,163840,PUT,false,189.561
603,3784,GET,true,57.357
604,10698752,GET,true,3488.998
605,32768,GET,true,49.209
606,23248896,GET,true,7510.576
607,3020,GET,true,56.466
608,3376,GET,true,30.407
609,2080768,GET,true,662.396
610,15548416,GET,true,5377.441
611,2628,GET,true,58.598
612,10368,GET,true,34.68
613,1900544,GET,true,610.69
614,2310144,GET,true,862.078
615,151633920,GET,true,50538.189
616,16384,GET,true,66.598
617,2628,GET,true,28.384
618,2628,GET,true,26.916
619,15024128,GET,true,4972.78
620,16384,GET,true,63.06
621,2828,GET,true,29.078
622,3948,PUT,false,43.53
623,8476,GET,true,24.596
624,5560,GET,true,23.11
625,3000,GET,true,22.403
626,1040,GET,true,24.617
627,6724,GET,true,22.57
628,1152,GET,true,23.414
629,1372,GET,true,24.058
630,1772,GET,true,22.851
631,1982464,GET,true,757.025
632,1364,GET,true,64.139
633,2628,GET,true,27.224
634,2490368,GET,true,843.627
635,2628,GET,true,47.976
636,2060,GET,true,28.667
637,671744,GET,true,228.532
638,1760,GET,true,48.023
639,2412,GET,true,27.408
640,51478528,GET,true,15934.137
641,3817472,GET,true,1462.099
642,2056,PUT,false,69.449
643,52412416,GET,true,18072.081
644,16384,GET,true,93.495
645,2628,GET,true,30.7
646,1368,GET,true,23.795
647,6720,GET,true,19.232
648,2112,GET,true,20.452
649,294912,GET,true,148.844
650,3000,GET,true,53.734
651,2340,GET,true,24.468
652,65536,GET,true,36.472
653,2804,GET,true,22.073
654,1336,GET,true,20.529
655,2420,GET,true,19.6
656,32768,GET,true,25.78
657,12156,GET,true,21.116
658,147456,GET,true,89.486
659,65536,GET,true,56.507
660,2632,GET,true,45.274
661,2628,GET,true,26.343
662,26443776,GET,true,8990.227
663,13304,GET,true,54.266
664,1507328,GET,true,556.892
665,2840,GET,true,51.426
666,11862016,GET,true,4234.649
667,1982464,GET,true,639.994
668,12284,GET,true,56.48
669,9544,GET,true,24.315
670,2628,GET,true,22.771
671,1584,GET,true,19.493
672,7476,GET,true,19.544
673,12284,GET,true,19.427
674,4524,GET,true,19.296
675,1818624,GET,true,587.384
676,2628,GET,true,41.062
677,2628,GET,true,22.381
678,2832,GET,true,20.354
679,12284,GET,true,17.614
680,12284,GET,true,17.278
681,55967744,GET,true,18816.132
682,1368,GET,true,62.089
683,2420,GET,true,28.366
684,3784,GET,true,20.052
685,47415296,GET,true,17001.626
686,6904,GET,true,70.024
687,12284,GET,true,23.626
688,2628,GET,true,23.077
689,16384,GET,true,21.633
690,2804,GET,true,18.243
691,4960,GET,true,19.048
692,30539776,GET,true,11187.032
693,2144,GET,true,75.669
694,2628,GET,true,26.653
695,1576,PUT,false,35.095
696,2628,GET,true,22.957
697,2628,GET,true,18.342
698,655360,GET,true,266.941
699,1982464,GET,true,721.926
700,2144,GET,true,53.495
701,27688960,GET,true,9720.604
702,655360,GET,true,308.956
703,2628,GET,true,56.14
704,3592,GET,true,23.174
705,30720000,GET,true,10791.175
706,2080768,GET,true,684.818
707,2628,GET,true,47.662
708,51478528,GET,true,17934.145
709,54394880,GET,true,18322.639
710,7476,GET,true,91.892
711,3000,GET,true,32.311
712,2996,GET,true,21.698
713,2628,GET,true,20.621
714,32653312,GET,true,10830.876
715,16384,GET,true,62.568
716,704512,GET,true,230.038
717,2828,GET,true,43.841
718,2628,GET,true,23.938
719,2628,GET,true,23.016
720,704512,GET,true,256.811
721,32653312,GET,true,9619.909
722,2628,GET,true,58.083
723,2420,GET,true,27.788
724,125108224,GET,true,42202.421
725,9576,GET,true,82.13
726,1584,GET,true,31.304
727,1332,GET,true,22.523
728,3856,GET,true,21.131
729,278528,GET,true,130.301
730,2804,GET,true,52.577
731,1420,GET,true,27.51
732,3220,GET,true,21.143
733,278528,GET,true,137.603
734,2628,GET,true,58.391
735,1332,GET,true,27.965
736,9764864,GET,true,3281.039
737,12156,GET,true,50.354
738,16384,GET,true,33.321
739,238272512,GET,true,78671.544
740,3904,GET,true,75.201
741,32768,GET,true,38.33
742,2820,GET,true,24.481
743,671744,PUT,false,399.231
744,1332,GET,true,41.196
745,2097152,GET,true,592.775
746,16384,GET,true,39.796
747,278528,GET,true,115.736
748,2832,GET,true,45.015
749,2056,GET,true,29.301
750,2420,GET,true,25.104
751,2949120,GET,true,1061.195
752,2628,GET,true,57.3
753,12284,GET,true,31.72
754,2832,GET,true,33.452
755,2310144,GET,true,817.528
756,65536,GET,true,65.349
757,2832,GET,true,32.697
758,2632,GET,true,27.691
759,4148,GET,true,34.096
760,95682560,GET,true,32495.159
761,2260,GET,true,73.791
762,16384,GET,true,35.603
763,819200,GET,true,267.007
764,6732,GET,true,46.126
765,1900,GET,true,26.478
766,2080768,GET,true,642.39
767,1772,GET,true,43.854
768,1916928,GET,true,541.283
769,12284,GET,true,40.855
770,16384,GET,true,27.327
771,55197696,GET,true,20399.32
772,2628,GET,true,68.565
773,2628,GET,true,27.939
774,1720,GET,true,24.13
775,4964,GET,true,22.374
776,5652480,GET,true,1878.962
777,2628,GET,true,51.108
778,2628,GET,true,27.322
779,671744,GET,true,243.108
780,12284,GET,true,41.44
781,2097152,GET,true,805.306
782,49577984,GET,true,16351.203
783,12156,GET,true,70.171
784,14663680,GET,true,4908.386
785,3342336,GET,true,1058.17
786,9027584,GET,true,2741.515
787,2412,GET,true,44.146
788,2828,GET,true,27.707
789,2628,GET,true,26.744
790,2310144,GET,true,852.726
791,2832,GET,true,51.471
792,151633920,GET,true,51196.406
793,12156,GET,true,75.567
794,6732,GET,true,32.333
795,1764,GET,true,20.134
796,3784,GET,true,21.104
797,12284,GET,true,24.054
798,6968,GET,true,20.227
799,1336,GET,true,19.221
800,17743872,GET,true,5921.818
801,2628,GET,true,51.147
802,4259840,GET,true,1333.351
803,12284,GET,true,47.489
804,2310144,GET,true,821.637
805,4448,GET,true,49.851
806,9338880,GET,true,2768.503
807,9027584,GET,true,3198.394
808,147456,GET,true,88.048
809,2144,GET,true,46.579
810,3904,GET,true,27.868
811,194838528,GET,true,64821.625
812,14920,GET,true,73.237
813,1372,GET,true,26.465
814,2310144,GET,true,830.751
815,2260,GET,true,53.09
816,3932,GET,true,35.9
817,655360,GET,true,265.746
818,1116,GET,true,43.484
819,3680,GET,true,29.813
820,294912,GET,true,140.237
821,9027584,GET,true,3302.404
822,2628,GET,true,60.297
823,2628,GET,true,37.982
824,12156,GET,true,38.887
825,1372,GET,true,23.167
826,10764288,GET,true,3818.476
827,10764288,GET,true,3732.319
828,9576,GET,true,56.372
829,2310144,GET,true,846.093
830,16187392,GET,true,5327.77
831,3860,GET,true,47.106
832,3784,GET,true,30.964
833,9519104,GET,true,3306.304
834,9544,GET,true,57.291
835,2996,GET,true,33.071
836,54394880,GET,true,19533.593
837,4756,GET,true,70.555
838,2628,GET,true,26.918
839,1832,GET,true,25.67
840,12284,GET,true,22.735
841,147456,GET,true,77.204
842,182452224,GET,true,65862.213
843,51478528,GET,true,17116.704
844,78348288,GET,true,24735.613
845,1368,GET,true,72.299
846,12156,GET,true,32.293
847,2628,GET,true,20.37
848,54394880,PUT,false,29780.612
849,2056,GET,true,60.391
850,1156,GET,true,33.859
851,1900,GET,true,28.406
852,9568256,GET,true,3009.876
853,22675456,GET,true,7364.776
854,2628,GET,true,57.624
855,2628,GET,true,30.638
856,3784,GET,true,28.243
857,2195456,GET,true,688.531
858,14663680,GET,true,4600.514
859,4756,GET,true,48.4
860,819200,GET,true,282.15
861,4284,GET,true,50.651
862,1179648,GET,true,358.157
863,151633920,GET,true,54809.775
864,6716,GET,true,95.41
865,3020,GET,true,29.264
866,35553280,GET,true,12090.047
867,8159232,GET,true,2610.656
868,65536,GET,true,62.733
869,1332,GET,true,38.47
870,3936,GET,true,23.803
871,1900544,GET,true,731.223
872,2996,GET,true,62.94
873,2628,GET,true,31.713
874,1940,GET,true,23.409
875,16384,GET,true,28.4
876,2628,GET,true,80.031
877,1228,GET,true,26.721
878,3680,GET,true,24.952
879,4448,GET,true,30.061
880,2628,GET,true,22.925
881,17743872,GET,true,6540.727
882,1772,GET,true,105.812
883,3342336,GET,true,1080.952
884,671744,GET,true,247.222
885,2628,GET,true,73.715
886,10764288,GET,true,3526.665
887,2420,GET,true,41.471
888,2404,GET,true,27.979
889,2220,GET,true,26.149
890,2628,GET,true,24.309
891,1368,GET,true,21.704
892,2097152,GET,true,758.32
893,3936,GET,true,58.223
894,30720000,GET,true,10726.33
895,2628,GET,true,56.608
896,54394880,GET,true,19052.273
897,294912,GET,true,164.73
898,4608,GET,true,56.021
899,5608,GET,true,38.156
900,3652,GET,true,24.945
901,16187392,GET,true,5500.008
902,2310144,GET,true,876.628
903,1772,GET,true,58.184
904,9388032,GET,true,3223.878
905,54394880,GET,true,18457.27
906,3342336,GET,true,1101.867
907,1372,GET,true,55.815
908,12284,GET,true,32.972
909,2804,GET,true,27.373
910,2344,GET,true,23.877
911,2996,GET,true,21.625
912,1576,GET,true,19.678
913,16384,GET,true,24.781
914,1360,GET,true,22.918
915,671744,GET,true,234.299
916,1156,GET,true,45.526
917,4284,GET,true,26.006
918,1152,GET,true,22.91
919,1980,GET,true,20.418
920,2260,GET,true,23.793
921,2310144,GET,true,679.224
922,294912,GET,true,154.679
923,2828,GET,true,55.412
924,1164,PUT,false,47.18
925,2844,GET,true,23.928
926,1064960,GET,true,405.451
927,3342336,GET,true,1079.332
928,1576,GET,true,42.482
929,819200,GET,true,257.767
930,15548416,GET,true,5211.304
931,3376,GET,true,50.982
932,2628,GET,true,27.238
933,1336,GET,true,21.821
934,2420,GET,true,26.243
935,32768,GET,true,27.762
936,819200,GET,true,280.315
937,1368,GET,true,47.493
938,32768,GET,true,30.459
939,2080768,GET,true,654.938
940,16384,GET,true,63.543
941,2260,GET,true,26.143
942,2832,GET,true,22.585
943,655360,GET,true,214.707
944,9830400,GET,true,3008.512
945,1916928,GET,true,608.327
946,3020,GET,true,71.422
947,1116,GET,true,27.754
948,6524,GET,true,23.914
949,32768,GET,true,27.379
950,1980,GET,true,21.315
951,36601856,GET,true,12022.852
952,54394880,GET,true,18931.107
953,2056,GET,true,64.025
954,12284,GET,true,36.079
955,2060,GET,true,23.731
956,2628,GET,true,21.57
957,1372,GET,true,20.02
958,2628,GET,true,21.0
959,3000,GET,true,21.388
960,3020,GET,true,20.378
961,1982464,GET,true,758.621
962,6716,PUT,false,85.535
963,3000,GET,true,26.194
964,4344,GET,true,26.581
965,14663680,GET,true,5068.474
966,2628,GET,true,45.54
967,3664,GET,true,26.692
968,16384,GET,true,27.551
969,54394880,GET,true,18631.185
970,32768,GET,true,72.858
971,6152,GET,true,35.36
972,132939776,GET,true,48207.063
973,9879552,GET,true,3321.94
974,8536,PUT,false,71.897
975,22102016,GET,true,6940.956
976,2628,GET,true,52.669
977,86900736,GET,true,31422.765
978,10764288,GET,true,3922.902
979,14663680,GET,true,5113.689
980,1760,GET,true,57.729
981,2996,GET,true,37.324
982,2112,GET,true,27.763
983,6728,GET,true,25.586
984,2844,GET,true,29.907
985,2628,GET,true,24.177
986,43368448,GET,true,15700.742
987,2420,GET,true,67.647
988,2420,GET,true,28.118
989,1332,GET,true,23.481
990,655360,GET,true,267.361
991,52920320,GET,true,18354.653
992,16384,GET,true,79.693
993,4524,GET,true,38.184
994,2080768,GET,true,695.738
995,2424,GET,true,54.289
996,16384,GET,true,33.392
997,1152,GET,true,28.861
998,1744,GET,true,25.559
999,2996,GET,true,31.668
1000,1584,GET,true,21.507
1001,2804,GET,true,24.211
1002,294912,GET,true,147.764
1003,2832,GET,true,63.399
1004,19169280,GET,true,6181.488
1005,10190848,GET,true,3592.591
1006,1332,GET,true,55.288
1007,2628,GET,true,29.022
1008,3680,GET,true,28.581
1009,1116,GET,true,22.722
1010,1368,GET,true,21.547
1011,65536,GET,true,34.217
1012,3784,GET,true,23.875
1013,51478528,GET,true,16546.794
1014,2628,GET,true,69.913
1015,117899264,GET,true,38784.109
1016,294912,GET,true,118.04
1017,2628,GET,true,60.501
1018,5232,GET,true,29.183
1019,16384,GET,true,25.043
1020,1916928,GET,true,615.694
1021,1116,GET,true,47.143
1022,655360,GET,true,222.75
1023,2144,GET,true,45.342
1024,2949120,GET,true,935.121
1025,49152,GET,true,50.263
1026,671744,GET,true,230.918
1027,2628,GET,true,50.376
1028,6972,GET,true,25.676
1029,36782080,GET,true,12488.481
1030,1772,GET,true,56.87
1031,16384,GET,true,30.063
1032,14663680,GET,true,5309.089
1033,3884,GET,true,54.668
1034,1152,GET,true,28.55
1035,1152,GET,true,23.473
1036,1116,GET,true,19.856
1037,2056,GET,true,19.385
1038,1656,GET,true,19.478
1039,26443776,GET,true,9332.595
1040,65536,GET,true,70.784
1041,2420,GET,true,30.026
1042,54394880,GET,true,19397.046
1043,2628,GET,true,74.717
1044,9338880,GET,true,3453.987
1045,2344,GET,true,59.211
1046,12284,GET,true,24.899
1047,12156,GET,true,19.334
1048,2097152,GET,true,723.76
1049,2162688,GET,true,807.323
1050,17743872,GET,true,6367.259
1051,2628,GET,true,63.67
1052,1356,GET,true,26.77
1053,2628,GET,true,21.676
1054,68943872,GET,true,23627.343
1055,2060,PUT,false,154.297
1056,52412416,GET,true,17705.698
1057,6772,GET,true,89.771
1058,2828,GET,true,25.631
1059,54394880,GET,true,19722.927
1060,52412416,GET,true,17530.621
1061,16384,GET,true,83.573
1062,12664832,GET,true,4212.261
1063,2604,GET,true,49.405
1064,6720,GET,true,27.741
1065,2949120,GET,true,956.601
1066,2628,GET,true,49.532
1067,2080768,GET,true,776.445
1068,1364,GET,true,75.496
1069,54394880,PUT,false,30474.698
1070,16384,GET,true,63.857
1071,9388032,GET,true,3501.061
1072,3220,GET,true,58.854
1073,1867776,GET,true,617.608
1074,32768,GET,true,55.486
1075,2628,GET,true,31.456
1076,86900736,GET,true,30564.017
1077,1772,GET,true,78.578
1078,65536,PUT,false,75.175
1079,901120,GET,true,331.085
1080,1176,GET,true,75.643
1081,3020,GET,true,29.608
1082,2628,GET,true,28.275
1083,3936,GET,true,27.939
1084,2056,GET,true,22.627
1085,65699840,PUT,false,36734.019
1086,2804,GET,true,70.678
1087,147456,GET,true,113.204
1088,3220,GET,true,56.785
1089,12284,GET,true,30.302
1090,3220,GET,true,25.499
1091,9338880,GET,true,3233.61
1092,1116,GET,true,45.74
1093,1584,GET,true,27.798
1094,16187392,GET,true,5149.279
1095,4960,GET,true,49.074
1096,65536,GET,true,43.107
1097,2310144,GET,true,849.94
1098,3784,GET,true,61.463
1099,2340,GET,true,30.899
1100,65536,GET,true,39.261
1101,67305472,GET,true,23407.95
1102,1368,GET,true,85.776
1103,15548416,GET,true,5174.031
1104,32768,GET,true,49.722
1105,51478528,GET,true,18699.475
1106,30720000,GET,true,10300.42
1107,16384,GET,true,68.711
1108,12284,GET,true,33.887
1109,6912,GET,true,25.972
1110,54394880,GET,true,19631.765
1111,54394880,PUT,false,30380.391
1112,1332,GET,true,63.786
1113,9338880,GET,true,3202.853
1114,2604,GET,true,49.843
1115,9576,GET,true,32.448
1116,655360,GET,true,281.861
1117,9572,GET,true,79.672
1118,16187392,GET,true,5897.071
1119,9027584,GET,true,2837.671
1120,4580,PUT,false,71.063
1121,10764288,GET,true,3634.992
1122,2628,GET,true,44.851
1123,2628,GET,true,33.948
1124,4284,GET,true,25.86
1125,1348,GET,true,24.467
1126,4284,GET,true,28.472
1127,1584,GET,true,22.864
1128,2310144,GET,true,656.785
1129,4284,GET,true,45.842
1130,2310144,GET,true,656.702
1131,2056,GET,true,42.189
1132,3522560,GET,true,1229.231
1133,2420,GET,true,60.447
1134,3024,GET,true,30.548
1135,16384,GET,true,26.879
1136,2628,GET,true,24.641
1137,32768,PUT,false,73.662
1138,1116,GET,true,23.748
1139,12284,GET,true,26.486
1140,28229632,GET,true,9510.376
1141,12284,GET,true,70.532
1142,1490944,GET,true,471.492
1143,7200,PUT,false,62.837
1144,51478528,GET,true,17294.386
1145,7946240,GET,true,3008.694
1146,16384,GET,true,61.807
1147,2628,GET,true,33.554
1148,4088,GET,true,23.851
1149,1040,GET,true,28.016
1150,65536,GET,true,34.133
1151,12156,GET,true,25.249
1152,65880064,GET,true,23851.163
1153,3000,GET,true,70.461
1154,16384,GET,true,31.761
1155,2628,GET,true,20.884
1156,3860,GET,true,29.64
1157,2628,GET,true,21.81
1158,2628,GET,true,23.263
1159,2628,GET,true,20.839
1160,2628,GET,true,20.056
1161,2628,GET,true,22.437
1162,704512,GET,true,300.452
1163,10368,GET,true,60.151
1164,2340,GET,true,27.223
1165,4620,GET,true,24.667
1166,5628,GET,true,24.118
1167,2628,GET,true,20.541
1168,147456,GET,true,81.49
1169,2996,GET,true,45.706
1170,16384,GET,true,28.229
1171,19578880,GET,true,7063.058
1172,2097152,GET,true,638.435
1173,7946240,GET,true,2648.806
1174,294912,GET,true,139.269
1175,6782976,GET,true,2436.877
1176,128532480,GET,true,43988.273
1177,16384,GET,true,72.956
1178,54394880,GET,true,20015.507
1179,2832,GET,true,72.845
1180,2628,GET,true,29.051
1181,12156,GET,true,27.076
1182,4444,GET,true,28.306
1183,2424,GET,true,28.356
1184,32768,GET,true,31.343
1185,16384,GET,true,27.701
1186,655360,GET,true,227.506
1187,16384,GET,true,45.128
1188,10576,GET,true,25.288
1189,2628,GET,true,23.652
1190,2080768,GET,true,646.557
1191,10576,GET,true,46.626
1192,147456,GET,true,89.375
1193,3044,GET,true,69.205
1194,2604,GET,true,28.635
1195,1720,PUT,false,44.376
1196,2628,GET,true,25.532
1197,2310144,GET,true,730.614
1198,16384,GET,true,49.691
1199,2628,GET,true,29.515
1200,16384,GET,true,29.981
1201,2628,GET,true,21.412
1202,32768,GET,true,29.493
1203,1116,GET,true,24.411
1204,2228224,GET,true,816.893
1205,1292,PUT,false,64.374
1206,4833280,GET,true,1590.902
1207,14216,GET,true,44.752
1208,10576,GET,true,26.17
1209,32768,GET,true,30.323
1210,20398080,GET,true,6539.81
1211,2628,GET,true,46.134
1212,1772,GET,true,28.809
1213,294912,GET,true,111.7
1214,3220,GET,true,39.262
1215,9388032,GET,true,3410.693
1216,2195456,GET,true,746.883
1217,5232,GET,true,55.848
1218,3048,GET,true,26.418
1219,2628,GET,true,26.01
1220,7368,PUT,false,38.329
1221,7241728,PUT,false,3958.516
1222,901120,GET,true,328.282
1223,2628,GET,true,46.243
1224,4931584,GET,true,1800.381
1225,49152,GET,true,69.175
1226,9544,GET,true,28.745
1227,16384,GET,true,25.582
1228,2060,GET,true,21.954
1229,2628,GET,true,21.641
1230,2212,GET,true,29.279
1231,16384,GET,true,25.935
1232,2628,GET,true,21.86
1233,2628,GET,true,21.828
1234,3020,GET,true,20.497
1235,11059200,GET,true,3815.504
1236,2340,GET,true,56.085
1237,671744,PUT,false,413.744
1238,2804,GET,true,54.853
1239,2310144,GET,true,711.618
1240,9576,GET,true,47.124
1241,14663680,GET,true,4669.489
1242,4524,GET,true,41.811
1243,1152,GET,true,25.706
1244,8036,GET,true,25.153
1245,65536,GET,true,33.18
1246,2628,GET,true,22.157
1247,12284,GET,true,24.22
1248,1064960,GET,true,332.395
1249,15548416,GET,true,4712.143
1250,1356,GET,true,65.745
1251,9576,GET,true,28.804
1252,1064960,GET,true,333.798
1253,2310144,GET,true,700.346
1254,11747328,GET,true,3576.114
1255,30720000,GET,true,9895.146
1256,2412,GET,true,57.385
1257,32768,GET,true,36.634
1258,16384,GET,true,27.471
1259,2628,GET,true,24.399
1260,3680,GET,true,21.853
1261,1128,GET,true,23.004
1262,1152,GET,true,22.738
1263,2628,GET,true,22.805
1264,2212,GET,true,23.633
1265,12156,GET,true,23.919
1266,16187392,GET,true,4991.247
1267,2420,GET,true,43.501
1268,12156,GET,true,26.455
1269,2628,GET,true,31.383
1270,2628,GET,true,24.507
1271,54394880,GET,true,18035.212
1272,32768,GET,true,85.698
1273,1507328,GET,true,506.647
1274,2113536,GET,true,646.606
1275,2420,GET,true,44.827
1276,2628,GET,true,31.356
1277,2949120,GET,true,896.523
1278,1772,GET,true,58.528
1279,16384,GET,true,49.959
1280,3784,GET,true,25.49
1281,2628,GET,true,25.2
1282,4960,GET,true,24.412
1283,3342336,GET,true,1048.275
1284,6720,GET,true,47.31
1285,884736,GET,true,275.433
1286,2375680,GET,true,755.346
1287,2996,GET,true,43.701
1288,3376,GET,true,31.307
1289,6376,GET,true,32.716
1290,1492,GET,true,26.141
1291,2420,GET,true,24.511
1292,10092,GET,true,25.323
1293,2144,GET,true,21.937
1294,5284,GET,true,25.988
1295,6912,GET,true,23.568
1296,819200,GET,true,328.81
1297,884736,GET,true,314.175
1298,65536,GET,true,68.055
1299,43204608,GET,true,14797.196
1300,2408,GET,true,69.246
1301,819200,GET,true,288.938
1302,4284,GET,true,51.245
1303,1356,GET,true,27.312
1304,2056,GET,true,24.903
1305,655360,GET,true,225.975
1306,55967744,GET,true,20543.819
1307,43368448,GET,true,15046.038
1308,1982464,GET,true,739.442
1309,2620,GET,true,56.495
1310,3000,GET,true,33.697
1311,3652,GET,true,33.4
1312,2344,GET,true,23.4
1313,2628,GET,true,25.308
1314,52412416,GET,true,18258.696
1315,32768,GET,true,88.853
1316,3784,GET,true,33.675
1317,30720000,GET,true,10598.05
1318,2340,GET,true,53.03
1319,9027584,GET,true,3341.966
1320,16384,GET,true,62.09
1321,16187392,GET,true,5081.629
1322,2195456,GET,true,796.641
1323,9576,GET,true,55.464
1324,1156,GET,true,27.859
1325,2628,GET,true,24.156
1326,1336,GET,true,24.746
1327,294912,GET,true,121.109
1328,2344,GET,true,50.325
1329,1772,GET,true,29.477
1330,2628,GET,true,23.085
1331,1128,GET,true,21.866
1332,3220,GET,true,23.185
1333,16384,GET,true,25.276
1334,1584,GET,true,22.934
1335,12284,GET,true,22.622
1336,3020,GET,true,22.716
1337,22331392,GET,true,7812.289
1338,3884,GET,true,50.452
1339,4524,GET,true,29.25
1340,2144,GET,true,24.405
1341,2310144,GET,true,743.282
1342,2620,GET,true,46.077
1343,2628,GET,true,28.475
1344,2080768,GET,true,730.5
1345,54394880,PUT,false,31082.522
1346,1364,GET,true,56.25
1347,32768,GET,true,40.093
1348,49152,GET,true,36.341
1349,2628,GET,true,25.888
1350,2060,GET,true,29.408
1351,2628,GET,true,25.503
1352,16384,GET,true,28.974
1353,16384,GET,true,30.411
1354,2195456,GET,true,694.74
1355,1332,GET,true,47.774
1356,13910016,GET,true,4702.636
1357,9240,GET,true,48.487
1358,4931584,GET,true,1505.777
1359,3448,GET,true,43.982
1360,2097152,GET,true,789.784
1361,2344,GET,true,57.007
1362,2828,GET,true,31.048
1363,9338880,GET,true,2886.186
1364,2628,GET,true,49.683
1365,2628,GET,true,27.28
1366,12284,GET,true,26.002
1367,6968,GET,true,24.643
1368,2820,GET,true,26.29
1369,3680,GET,true,24.906
1370,2628,GET,true,24.209
1371,2212,GET,true,25.622
1372,16187392,GET,true,4843.35
1373,9576,GET,true,41.803
1374,3342336,GET,true,1220.706
1375,12156,GET,true,61.146
1376,2628,GET,true,27.595
1377,16384,GET,true,28.486
1378,2340,GET,true,22.916
1379,311296,GET,true,142.357
1380,3936,GET,true,56.913
1381,1152,GET,true,28.584
1382,1507328,GET,true,478.268
1383,1584,GET,true,62.809
1384,1372,GET,true,25.136
1385,4341760,GET,true,1349.574
1386,1507328,GET,true,497.85
1387,6632,GET,true,52.366
1388,9544,GET,true,26.345
1389,2060,GET,true,26.991
1390,1372,GET,true,22.237
1391,16384,GET,true,24.73
1392,2310144,GET,true,815.046
1393,10156,GET,true,55.247
1394,2344,GET,true,27.283
1395,1900544,GET,true,622.36
1396,16384,GET,true,47.06
1397,1336,GET,true,24.844
1398,2832,GET,true,22.527
1399,655360,GET,true,229.842
1400,2949120,GET,true,931.111
1401,2804,GET,true,45.111
1402,1356,GET,true,25.322
1403,53280768,GET,true,18008.849
1404,2628,GET,true,80.124
1405,1980,GET,true,29.577
1406,9338880,GET,true,3321.993
1407,3376,GET,true,67.347
1408,132939776,GET,true,45799.325
1409,83017728,PUT,false,47803.152
1410,51478528,GET,true,16804.917
1411,12156,GET,true,67.03
1412,2056,GET,true,32.68
1413,16384,GET,true,29.892
1414,49152,GET,true,29.523
1415,1064960,GET,true,366.855
1416,22740992,GET,true,8402.396
1417,9338880,GET,true,3221.763
1418,4734976,GET,true,1457.781
1419,2340,GET,true,59.136
1420,30720000,GET,true,10900.827
1421,1128,GET,true,60.393
1422,3440640,GET,true,1105.029
1423,2628,GET,true,52.959
1424,3981312,GET,true,1387.738
1425,2628,GET,true,55.672
1426,16384,GET,true,30.223
1427,1772,GET,true,20.979
1428,1772,GET,true,17.208
1429,2804,GET,true,20.66
1430,819200,GET,true,313.858
1431,2628,GET,true,62.215
1432,65536,GET,true,36.317
1433,1064960,GET,true,376.804
1434,2828,GET,true,47.251
1435,1368,GET,true,23.605
1436,1772,GET,true,20.362
1437,19791872,GET,true,6458.131
1438,2404,GET,true,49.734
1439,65536,GET,true,33.535
1440,2804,GET,true,23.841
1441,12284,GET,true,23.411
1442,5865472,GET,true,1580.313
1443,10764288,GET,true,3159.656
1444,1356,GET,true,41.071
1445,1900544,GET,true,608.514
1446,2832,GET,true,47.169
1447,3024,GET,true,26.976
1448,1368,GET,true,20.082
1449,37994496,GET,true,15398.437
1450,2628,GET,true,81.004
1451,344064,GET,true,147.786
1452,1900544,GET,true,702.391
1453,135217152,GET,true,48598.921
1454,3948,PUT,false,79.46
1455,15076,GET,true,30.149
1456,2628,GET,true,19.307
1457,12156,GET,true,25.078
1458,238272512,GET,true,78704.507
1459,2628,GET,true,67.894
1460,4964352,GET,true,1648.91
1461,737280,GET,true,326.778
1462,16384,GET,true,78.226
1463,107757568,GET,true,35791.795
1464,16384,GET,true,79.019
1465,52412416,GET,true,18194.528
1466,65536,GET,true,79.561
1467,1818624,GET,true,622.968
1468,1980,GET,true,52.883
1469,2628,GET,true,27.84
1470,12284,GET,true,24.682
1471,26443776,GET,true,9653.73
1472,32768,GET,true,85.113
1473,1128,GET,true,31.309
1474,1772,GET,true,22.869
1475,2420,GET,true,24.78
1476,27918336,GET,true,9862.516
1477,16384,GET,true,66.594
1478,1128,GET,true,29.654
1479,2112,GET,true,24.843
1480,819200,GET,true,324.379
1481,3784,GET,true,56.7
1482,65536,GET,true,40.508
1483,2628,GET,true,20.815
1484,2628,GET,true,29.077
1485,19578880,GET,true,6981.41
1486,16384,GET,true,62.644
1487,2832,GET,true,29.188
1488,12284,GET,true,23.285
1489,1040,GET,true,19.29
1490,10368,GET,true,24.648
1491,151633920,GET,true,51500.887
1492,819200,GET,true,260.823
1493,87965696,GET,true,29897.69
1494,1982464,GET,true,549.376
1495,3904,GET,true,50.508
1496,327680,GET,true,148.646
1497,16384,GET,true,54.093
1498,22904832,GET,true,7844.154
1499,2804,GET,true,51.731
1500,10088,GET,true,27.411
1501,10088,GET,true,15.815
1502,3522560,GET,true,871.305
1503,1584,GET,true,22.133
1504,3024,GET,true,17.874
1505,9576,GET,true,20.02
1506,2490368,GET,true,781.602
1507,147456,GET,true,102.569
1508,4284,GET,true,46.08
1509,3240,PUT,false,41.907
1510,1916928,GET,true,711.425
1511,1116,GET,true,56.628
1512,54394880,GET,true,18137.519
1513,3020,GET,true,68.922
1514,4524,GET,true,25.835
1515,2144,GET,true,21.87
1516,1916928,GET,true,614.557
1517,12156,GET,true,45.308
1518,26443776,GET,true,7615.522
1519,2628,GET,true,25.906
1520,54394880,GET,true,19589.629
1521,10240000,GET,true,3497.847
1522,86900736,GET,true,31649.884
1523,15548416,GET,true,5689.087
1524,10764288,GET,true,3787.715
1525,9576,GET,true,58.449
1526,2080768,GET,true,625.526
1527,2628,GET,true,41.423
1528,2056,GET,true,31.88
1529,2195456,GET,true,698.339
1530,86900736,GET,true,30286.082
1531,1336,GET,true,76.994
1532,9544,GET,true,24.805
1533,147456,GET,true,76.865
1534,2310144,GET,true,753.834
1535,1896,GET,true,47.188
1536,4960,GET,true,21.661
1537,10088,GET,true,19.786
1538,2604,GET,true,18.04
1539,2260,GET,true,16.24
1540,51478528,GET,true,18855.983
1541,2112,GET,true,79.282
1542,1900544,GET,true,732.077
1543,2628,GET,true,52.401
1544,2628,GET,true,25.022
1545,2404,GET,true,16.333
1546,1372,GET,true,19.468
1547,2628,GET,true,14.423
1548,2056,GET,true,15.157
1549,1368,GET,true,19.883
1550,3784,GET,true,17.109
1551,2344,GET,true,15.372
1552,16187392,GET,true,5500.481
1553,16384,GET,true,51.894
1554,2628,GET,true,18.416
1555,2604,GET,true,13.884
1556,9576,GET,true,16.79
1557,54394880,GET,true,18436.283
1558,54394880,GET,true,19925.803
1559,1156,GET,true,63.026
1560,2804,GET,true,27.515
1561,23822336,PUT,false,13475.632
1562,65699840,GET,true,23030.604
1563,1584,GET,true,62.266
1564,52477952,GET,true,18016.022
1565,2628,GET,true,74.739
1566,32768,GET,true,34.099
1567,12284,GET,true,21.156
1568,1772,GET,true,24.568
1569,10576,GET,true,21.822
1570,10088,GET,true,19.525
1571,819200,GET,true,278.686
1572,2628,GET,true,40.094
1573,2628,GET,true,22.897
1574,12284,GET,true,18.336
1575,12156,GET,true,19.627
1576,2060,GET,true,17.216
1577,2628,GET,true,19.617
1578,655360,GET,true,218.781
1579,22102016,GET,true,7374.177
1580,3376,GET,true,44.378
1581,2628,GET,true,22.566
1582,9519104,GET,true,3409.53
1583,1040,GET,true,66.448
1584,1772,GET,true,28.244
1585,19791872,GET,true,6893.322
1586,1576,GET,true,61.241
1587,225198080,GET,true,74607.844
1588,2832,GET,true,76.477
1589,1982464,GET,true,615.335
1590,9617408,GET,true,3291.856
1591,1064960,GET,true,436.756
1592,9027584,GET,true,3222.011
1593,2832,GET,true,52.192
1594,2604,GET,true,25.456
1595,1128,GET,true,23.267
1596,671744,GET,true,240.219
1597,2344,GET,true,48.251
1598,2628,GET,true,21.266
1599,1372,GET,true,20.359
1600,3648,GET,true,18.662
1601,2172,GET,true,18.195
1602,3376,GET,true,18.765
1603,1772,GET,true,19.035
1604,2628,GET,true,17.361
1605,16384,GET,true,22.37
1606,10088,GET,true,19.961
1607,2949120,GET,true,769.377
1608,1772,GET,true,22.33
1609,2404,GET,true,19.582
1610,6716,PUT,false,36.782
1611,54394880,PUT,false,29963.854
1612,3457024,GET,true,1365.999
1613,1332,GET,true,56.829
1614,819200,GET,true,287.593
1615,1152,GET,true,48.778
1616,3652,GET,true,30.59
1617,15548416,GET,true,5119.523
1618,2628,GET,true,45.76
1619,2344,GET,true,21.853
1620,86900736,GET,true,29267.473
1621,3220,GET,true,85.082
1622,2628,GET,true,27.572
1623,10764288,GET,true,3567.569
1624,4524,GET,true,44.463
1625,1900,GET,true,24.546
1626,671744,GET,true,281.618
1627,1980,GET,true,49.297
1628,16384,GET,true,25.541
1629,3162112,PUT,false,1828.201
1630,2628,GET,true,44.161
1631,30720000,GET,true,9883.845
1632,2628,GET,true,56.869
1633,12656,GET,true,26.077
1634,16384,GET,true,21.397
1635,16384,GET,true,20.349
1636,6712,GET,true,19.422
1637,1372,GET,true,16.394
1638,3220,GET,true,17.667
1639,3000,GET,true,17.86
1640,294912,GET,true,142.728
1641,2604,GET,true,52.734
1642,1372,GET,true,24.947
1643,2097152,GET,true,771.131
1644,9576,GET,true,52.669
1645,2344,GET,true,22.288
1646,2628,GET,true,21.049
1647,2628,GET,true,20.362
1648,294912,GET,true,114.174
1649,2628,GET,true,39.703
1650,1584,GET,true,21.862
1651,16187392,GET,true,5615.501
1652,3256,GET,true,48.733
1653,6940,GET,true,23.208
1654,10576,GET,true,18.908
1655,78348288,GET,true,25923.774
1656,2604,GET,true,85.26
1657,30720000,GET,true,11098.721
1658,54394880,GET,true,19507.125
1659,4931584,GET,true,1694.55
1660,2310144,GET,true,879.552
1661,65536,GET,true,61.674
1662,132939776,GET,true,46627.54
1663,3000,GET,true,65.73
1664,10780672,GET,true,5021.904
1665,1152,GET,true,57.57
1666,1416,GET,true,19.761
1667,2056,GET,true,21.565
1668,12156,GET,true,20.584
1669,2056,GET,true,17.48
1670,2244608,PUT,false,1239.302
1671,11500,GET,true,36.503
1672,294912,GET,true,115.784
1673,3376,GET,true,41.336
1674,12284,GET,true,21.514
1675,2080768,GET,true,722.353
1676,16384,GET,true,50.79
1677,2080768,GET,true,756.783
1678,1372,GET,true,61.964
1679,86900736,GET,true,28832.363
1680,54394880,GET,true,18613.394
1681,2490368,GET,true,923.684
1682,2060,GET,true,63.6
1683,2424,GET,true,28.904
1684,2260,GET,true,33.602
1685,2060,GET,true,19.842
1686,655360,GET,true,261.914
1687,3000,GET,true,56.677
1688,1916928,GET,true,583.822
1689,1332,GET,true,63.905
1690,2056,GET,true,24.716
1691,26443776,GET,true,8961.553
1692,10320,GET,true,55.733
1693,9633792,GET,true,2897.993
1694,2949120,GET,true,867.038
1695,2628,GET,true,37.638
1696,1356,GET,true,22.977
1697,43499520,GET,true,15568.681
1698,12284,GET,true,59.595
1699,2310144,GET,true,762.668
1700,2628,GET,true,45.96
1701,2628,GET,true,23.592
1702,16384,GET,true,21.381
1703,43499520,PUT,false,22886.965
1704,2060,GET,true,49.003
1705,16384,GET,true,26.914
1706,2310144,GET,true,690.498
1707,110198784,PUT,false,62489.586
1708,51478528,GET,true,19139.823
1709,6992,PUT,false,80.472
1710,52412416,GET,true,19012.349
1711,1867776,PUT,false,1196.788
1712,1146880,GET,true,389.635
1713,1048576,PUT,false,548.916
1714,2628,GET,true,51.536
1715,1720,PUT,false,34.624
1716,14385152,GET,true,5227.673
1717,3100,GET,true,58.293
1718,1356,GET,true,27.887
1719,110198784,GET,true,37857.723
1720,16384,GET,true,76.601
1721,8684,GET,true,30.278
1722,1068,GET,true,20.42
1723,2628,GET,true,17.659
1724,16384,GET,true,21.689
1725,1982464,GET,true,670.9
1726,16384,GET,true,47.674
1727,15368192,GET,true,4621.901
1728,2832,GET,true,40.386
1729,2832,GET,true,21.21
1730,9576,GET,true,17.979
1731,28606464,GET,true,9086.393
1732,147456,GET,true,89.655
1733,2996,GET,true,52.077
1734,2628,GET,true,24.347
1735,16384,GET,true,20.818
1736,7052,GET,true,19.574
1737,2832,GET,true,17.054
1738,2628,GET,true,19.797
1739,23822336,GET,true,6258.142
1740,2310144,GET,true,878.074
1741,3342336,GET,true,1065.632
1742,6712,GET,true,48.409
1743,2052,GET,true,25.694
1744,3020,GET,true,25.101
1745,1356,GET,true,22.447
1746,12156,GET,true,21.045
1747,3020,GET,true,17.356
1748,3020,GET,true,19.743
1749,2996,GET,true,20.488
1750,2844,GET,true,17.476
1751,2628,GET,true,17.952
1752,12656,GET,true,27.28
1753,294912,GET,true,120.132
1754,1916928,GET,true,616.427
1755,1368,GET,true,50.061
1756,3680,GET,true,23.927
1757,2388,GET,true,20.302
1758,1152,GET,true,20.071
1759,294912,GET,true,100.852
1760,1867776,GET,true,689.973
1761,2628,GET,true,53.455
1762,20365312,GET,true,7172.929
1763,5236,GET,true,50.41
1764,4148,GET,true,25.237
1765,4524,GET,true,19.444
1766,5184,GET,true,17.493
1767,2804,GET,true,18.793
1768,2195456,GET,true,750.712
1769,3000,GET,true,62.014
1770,3672,GET,true,22.74
1771,6716,GET,true,19.016
1772,15368192,PUT,false,8484.322
1773,7016,GET,true,47.292
1774,3784,GET,true,27.821
1775,2344,GET,true,22.004
1776,19578880,GET,true,6612.596
1777,140279808,GET,true,50819.261
1778,6664,GET,true,72.265
1779,4833280,GET,true,1747.519
1780,4576,GET,true,54.689
1781,16384,GET,true,25.452
1782,10368,GET,true,21.399
1783,107757568,GET,true,36790.675
1784,1900544,GET,true,582.549
1785,278528,GET,true,142.81
1786,2844,GET,true,56.828
1787,2628,GET,true,28.743
1788,1584,GET,true,20.479
1789,16384,GET,true,32.835
1790,65536,GET,true,28.455
1791,12284,GET,true,19.58
1792,5688,GET,true,19.688
1793,12284,GET,true,20.752
1794,2340,GET,true,17.605
1795,1576,GET,true,19.046
1796,16187392,GET,true,5383.261
1797,2628,GET,true,46.677
1798,16187392,GET,true,3911.189
1799,12156,GET,true,22.709
1800,12284,GET,true,18.728
1801,3680,GET,true,18.437
1802,2244608,GET,true,674.117
1803,23822336,GET,true,7554.939
1804,4580,GET,true,46.356
1805,65536,GET,true,33.18
1806,2056,PUT,false,35.109
1807,32768,GET,true,23.961
1808,671744,PUT,false,450.945
1809,2604,GET,true,52.64
1810,819200,GET,true,302.294
1811,1332,GET,true,49.646
1812,2628,GET,true,22.311
1813,12284,GET,true,20.772
1814,671744,PUT,false,409.756
1815,2628,GET,true,51.029
1816,2628,GET,true,27.404
1817,4904,GET,true,23.743
1818,32768,GET,true,26.476
1819,2060,PUT,false,32.277
1820,2008,GET,true,20.127
1821,1152,GET,true,28.286
1822,5560,GET,true,19.781
1823,30720000,GET,true,10870.696
1824,16384,GET,true,59.955
1825,1356,GET,true,23.182
1826,2949120,GET,true,938.74
1827,6376,GET,true,45.106
1828,1336,GET,true,22.122
1829,86900736,GET,true,30658.519
1830,2080768,GET,true,831.786
1831,1368,GET,true,61.189
1832,147456,GET,true,83.022
1833,819200,GET,true,287.798
1834,2628,GET,true,43.071
1835,16384,GET,true,27.759
1836,2996,GET,true,21.809
1837,1900544,GET,true,602.404
1838,2195456,GET,true,825.23
1839,9027584,GET,true,3093.806
1840,4960,GET,true,47.794
1841,16384,GET,true,23.012
1842,2628,GET,true,17.322
1843,51478528,GET,true,16765.539
1844,3652,PUT,false,71.147
1845,1156,GET,true,28.656
1846,3342336,GET,true,1081.705
1847,2628,GET,true,45.053
1848,2260,GET,true,24.298
1849,147456,GET,true,70.581
1850,83247104,GET,true,28762.148
1851,1116,GET,true,72.894
1852,51478528,GET,true,17710.022
1853,65536,GET,true,68.141
1854,2628,GET,true,26.093
1855,30720000,GET,true,10291.736
1856,1584,GET,true,61.414
1857,32768,GET,true,30.484
1858,1064960,GET,true,428.321
1859,1900544,GET,true,670.919
1860,294912,GET,true,124.383
1861,2256,GET,true,53.94
1862,5160960,GET,true,1840.873
1863,17121280,GET,true,5592.549
1864,3196,GET,true,54.201
1865,2056,GET,true,27.195
1866,132939776,PUT,false,72673.78
1867,54394880,GET,true,19269.112
1868,26443776,GET,true,9261.828
1869,15548416,GET,true,4945.398
1870,16384,GET,true,49.065
1871,1966080,GET,true,740.714
1872,26443776,GET,true,9373.661
1873,2628,GET,true,56.131
1874,2420,GET,true,29.074
1875,16384,GET,true,24.943
1876,1128,GET,true,20.149
1877,3652,GET,true,19.724
1878,1156,GET,true,17.866
1879,4284,GET,true,18.676
1880,819200,GET,true,315.643
1881,1982464,GET,true,712.221
1882,1796,GET,true,47.471
1883,2628,GET,true,25.752
1884,2056,GET,true,18.001
1885,21954560,GET,true,7385.049
1886,51478528,GET,true,14890.969
1887,4960,GET,true,73.765
1888,1507328,GET,true,553.031
1889,9175040,GET,true,3345.093
1890,2628,GET,true,56.054
1891,2604,GET,true,27.258
1892,1772,GET,true,21.042
1893,2628,GET,true,18.662
1894,1236,GET,true,21.037
1895,1900,GET,true,18.802
1896,1772,GET,true,18.749
1897,1372,GET,true,19.133
1898,2097152,GET,true,757.398
1899,3522560,GET,true,1092.265
1900,3220,GET,true,49.367
1901,2628,GET,true,23.587
1902,147456,GET,true,74.653
1903,16187392,GET,true,5636.902
1904,13598720,GET,true,4791.302
1905,2628,GET,true,52.429
1906,86900736,GET,true,29868.579
1907,3020,GET,true,80.306
1908,819200,GET,true,332.629
1909,2310144,GET,true,791.403
1910,3020,GET,true,49.981
1911,671744,GET,true,200.931
1912,1772,GET,true,40.876
1913,170737664,GET,true,57051.786
1914,1356,GET,true,68.961
1915,16384,GET,true,29.132
1916,2056,GET,true,22.399
1917,2080768,GET,true,680.845
1918,294912,GET,true,130.804
1919,2628,GET,true,47.223
1920,38174720,GET,true,13798.571
1921,1356,GET,true,49.78
1922,9338880,GET,true,3115.283
1923,1336,GET,true,40.614
1924,52412416,GET,true,17957.279
1925,2195456,GET,true,822.77
1926,86900736,GET,true,30152.77
1927,2404,GET,true,73.407
1928,1156,GET,true,27.628
1929,2056,GET,true,19.549
1930,12156,GET,true,25.651
1931,4960,GET,true,25.37
1932,6680,GET,true,18.961
1933,2244608,GET,true,838.46
1934,10688,GET,true,76.414
1935,2628,GET,true,23.334
1936,1156,GET,true,20.402
1937,236584960,GET,true,78377.281
1938,7476,GET,true,74.542
1939,9240,GET,true,30.353
1940,1116,GET,true,19.675
1941,8636,GET,true,23.839
1942,51478528,GET,true,17733.78
1943,6924,GET,true,81.883
1944,86900736,GET,true,31396.157
1945,5476,GET,true,75.483
1946,36601856,GET,true,13367.588
1947,14663680,GET,true,5016.206
1948,49152,GET,true,54.735
1949,26443776,GET,true,8566.181
1950,12156,GET,true,50.93
1951,89079808,GET,true,32033.865
1952,2260,GET,true,73.421
1953,3936,GET,true,30.945
1954,6712,GET,true,21.447
1955,16384,GET,true,21.222
1956,65536,GET,true,27.905
1957,3784,GET,true,19.795
1958,2112,GET,true,22.181
1959,1982464,GET,true,641.736
1960,16384,GET,true,45.031
1961,3522560,GET,true,1136.984
1962,1152,GET,true,58.284
1963,12156,GET,true,22.497
1964,3244032,GET,true,1157.561
1965,2844,GET,true,52.582
1966,9576,GET,true,24.196
1967,4372,GET,true,22.587
1968,16384,GET,true,29.372
1969,2310144,GET,true,749.157
1970,3376,GET,true,40.149
1971,1116,GET,true,23.633
1972,9338880,GET,true,3132.477
1973,3325952,GET,true,1055.16
1974,2828,GET,true,44.892
1975,671744,GET,true,277.1
1976,2628,GET,true,54.975
1977,10764288,GET,true,3834.34
1978,3048,GET,true,58.648
1979,86900736,GET,true,29775.784
1980,2628,GET,true,71.134
1981,16384,GET,true,24.965
1982,107757568,GET,true,36623.514
1983,737280,GET,true,267.725
1984,14663680,GET,true,4985.761
1985,1128,GET,true,48.165
1986,357482496,GET,true,114241.295
1987,6728,PUT,false,79.965
1988,1048576,GET,true,361.043
1989,2480,GET,true,50.529
1990,16580608,GET,true,6058.626
1991,1988,GET,true,53.037
1992,117899264,GET,true,41982.722
1993,2628,GET,true,80.895
1994,28557312,PUT,false,15379.681
1995,2420,GET,true,47.231
1996,4496,PUT,false,38.298
1997,1576,GET,true,20.641
1998,2628,GET,true,20.657
1999,2212,GET,true,19.032
2000,12284,GET,true,22.255
2001,1152,GET,true,19.93
2002,2628,GET,true,17.805
2003,2420,GET,true,18.596
2004,12156,GET,true,19.378
2005,12284,GET,true,19.85
2006,2490368,GET,true,674.923
2007,17743872,GET,true,5777.601
2008,15080,GET,true,54.259
2009,1336,GET,true,28.529
2010,12284,GET,true,23.548
2011,1916928,GET,true,604.368
2012,9338880,GET,true,2861.668
2013,3020,GET,true,51.948
2014,278528,GET,true,115.843
2015,1804,PUT,false,56.826
2016,16384,GET,true,29.936
2017,294912,GET,true,163.785
2018,2628,GET,true,82.282
2019,12284,GET,true,30.586
2020,9060,PUT,false,30.813
2021,15076,GET,true,22.695
2022,1040,GET,true,19.831
2023,4496,GET,true,24.074
2024,12517376,GET,true,3827.745
2025,2628,GET,true,44.886
2026,87965696,PUT,false,50238.741
2027,1988,GET,true,53.486
2028,16384,GET,true,32.269
2029,10368,GET,true,26.463
2030,2628,GET,true,21.911
2031,1982464,GET,true,583.601
2032,2628,GET,true,48.529
2033,2628,GET,true,30.013
2034,2056,GET,true,24.871
2035,16384,GET,true,28.904
2036,2832,GET,true,29.251
2037,12284,GET,true,29.482
2038,2628,GET,true,23.488
2039,3220,GET,true,34.14
2040,3522560,GET,true,1345.5
2041,1988,GET,true,60.608
2042,2832,GET,true,30.451
2043,16384,GET,true,27.778
2044,10698752,GET,true,3925.322
2045,278528,GET,true,134.924
2046,2420,GET,true,54.761
2047,2097152,GET,true,700.91
2048,2404,GET,true,56.552
2049,8142848,GET,true,2732.434
2050,121733120,GET,true,44529.21
2051,1982464,GET,true,685.644
2052,3522560,GET,true,1147.492
2053,1980,GET,true,49.831
2054,2195456,GET,true,853.327
2055,9879552,GET,true,3639.369
2056,1780,GET,true,60.962
2057,2216,GET,true,34.263
2058,2628,GET,true,26.973
2059,8004,GET,true,24.922
2060,2832,PUT,false,43.582
2061,2628,GET,true,25.035
2062,86900736,GET,true,32164.451
2063,6708,PUT,false,77.541
2064,1128,GET,true,24.497
2065,1622016,GET,true,546.045
2066,12156,GET,true,46.449
2067,2184,GET,true,41.236
2068,1336,GET,true,17.604
2069,12284,GET,true,17.996
2070,12284,GET,true,18.701
2071,2628,GET,true,20.476
2072,4068,GET,true,17.295
2073,1332,GET,true,20.972
2074,8636,GET,true,20.653
2075,43499520,GET,true,14888.802
2076,4372,GET,true,64.302
2077,6616,GET,true,34.741
2078,3376,GET,true,22.767
2079,2056,GET,true,27.916
2080,1368,GET,true,23.272
2081,3342336,GET,true,1109.801
2082,86900736,GET,true,28946.034
2083,16384,GET,true,72.411
2084,21872640,GET,true,6936.622
2085,1604,GET,true,43.259
2086,344064,GET,true,179.945
2087,1116,GET,true,82.046
2088,10576,GET,true,29.544
2089,2628,GET,true,20.462
2090,2310144,GET,true,840.172
2091,1584,GET,true,54.635
2092,65536,GET,true,41.442
2093,2310144,GET,true,825.803
2094,1932,GET,true,54.78
2095,55967744,GET,true,18553.62
2096,1336,GET,true,84.529
2097,32768,GET,true,35.845
2098,16384,GET,true,25.179
2099,16580608,GET,true,4961.071
2100,1980,GET,true,27.911
2101,12156,GET,true,22.53
2102,3000,GET,true,20.779
2103,1336,GET,true,19.874
2104,1900,GET,true,18.503
2105,1982464,GET,true,581.867
2106,5560,GET,true,47.069
2107,5560,GET,true,24.842
2108,12284,GET,true,23.198
2109,819200,GET,true,330.873
2110,1156,GET,true,61.499
2111,2628,GET,true,31.724
2112,54394880,GET,true,18470.122
2113,1424,GET,true,74.632
2114,2420,GET,true,26.948
2115,2628,GET,true,25.308
2116,2340,GET,true,20.791
2117,9544,GET,true,21.899
2118,819200,GET,true,322.469
2119,2412,GET,true,50.163
2120,16384,GET,true,27.826
2121,12156,GET,true,23.291
2122,54394880,GET,true,18757.723
2123,3664,PUT,false,76.227
2124,12156,GET,true,29.287
2125,12156,GET,true,25.387
2126,3020,GET,true,19.111
2127,3860,GET,true,19.729
2128,6788,GET,true,18.149
2129,11059200,GET,true,4055.952
2130,12284,GET,true,53.011
2131,9576,GET,true,23.795
2132,2260,GET,true,20.495
2133,12284,GET,true,20.238
2134,3342336,GET,true,1192.574
2135,2420,GET,true,52.643
2136,6720,GET,true,26.037
2137,2112,GET,true,24.865
2138,671744,PUT,false,401.857
2139,4960,GET,true,40.21
2140,2344,GET,true,24.533
2141,2844,GET,true,19.539
2142,4148,PUT,false,30.699
2143,2060,GET,true,18.158
2144,1966080,GET,true,646.326
2145,819200,GET,true,335.414
2146,2628,GET,true,50.895
2147,2628,GET,true,28.039
2148,16384,PUT,false,37.912
2149,2420,GET,true,18.454
2150,5236,GET,true,24.717
2151,1368,GET,true,19.495
2152,2228224,GET,true,798.088
2153,2244608,GET,true,740.038
2154,15548416,GET,true,5423.773
2155,54394880,GET,true,18337.651
2156,1356,GET,true,74.752
2157,3196,GET,true,27.063
2158,1152,GET,true,24.67
2159,16384,GET,true,22.45
2160,7476,GET,true,22.245
2161,6920,GET,true,17.546
2162,3342336,GET,true,1084.655
2163,9027584,GET,true,3037.17
2164,16384,GET,true,51.657
2165,12156,GET,true,33.448
2166,2628,GET,true,25.292
2167,2628,GET,true,26.294
2168,2310144,GET,true,855.131
2169,2056,GET,true,66.462
2170,16384,GET,true,39.338
2171,2080768,GET,true,673.047
2172,12284,GET,true,50.481
2173,42483712,GET,true,14418.664
2174,1980,GET,true,64.774
2175,15548416,GET,true,5696.37
2176,54394880,GET,true,19061.459
2177,9576,GET,true,169.52
2178,1152,GET,true,78.327
2179,2060,PUT,false,41.955
2180,3000,GET,true,27.696
2181,2804,GET,true,21.897
2182,2804,GET,true,18.637
2183,16384,GET,true,24.58
2184,4284,GET,true,20.345
2185,2628,GET,true,25.469
2186,2424,GET,true,21.44
2187,2112,GET,true,22.705
2188,9027584,GET,true,3361.318
2189,1584,GET,true,61.461
2190,11500,GET,true,27.135
2191,655360,GET,true,284.649
2192,2996,GET,true,59.821
2193,3376,GET,true,28.587
2194,2195456,GET,true,705.613
2195,3452,GET,true,49.22
2196,2828,GET,true,28.226
2197,11976704,GET,true,4185.884
2198,2840,GET,true,54.773
2199,147456,GET,true,78.835
2200,3000,GET,true,47.044
2201,2420,GET,true,28.878
2202,8388608,GET,true,2846.882
2203,54394880,GET,true,19345.2
2204,2112,GET,true,81.691
2205,6728,GET,true,31.103
2206,9544,GET,true,31.077
2207,4284,GET,true,24.74
2208,54394880,GET,true,18242.298
2209,3936,GET,true,77.667
2210,2828,GET,true,27.309
2211,9240576,GET,true,3231.285
2212,2172,GET,true,45.892
2213,1356,GET,true,24.619
2214,16384,GET,true,25.757
2215,2628,GET,true,19.673
2216,1332,GET,true,21.241
2217,1818624,GET,true,597.964
2218,851968,GET,true,263.771
2219,4524,GET,true,45.771
2220,1336,GET,true,32.303
2221,12156,GET,true,22.686
2222,1900544,GET,true,719.558
2223,147456,GET,true,104.062
2224,17743872,GET,true,6393.142
2225,86900736,GET,true,31413.868
2226,819200,GET,true,341.357
2227,2832,GET,true,72.392
2228,2144,GET,true,29.413
2229,1982464,GET,true,657.881
2230,52412416,GET,true,18004.953
2231,2628,GET,true,76.077
2232,2628,GET,true,37.517
2233,1576,GET,true,35.874
2234,9576,GET,true,25.893
2235,1576,GET,true,25.139
2236,11500,GET,true,25.81
2237,2310144,GET,true,727.431
2238,2310144,GET,true,869.527
2239,4960,GET,true,56.189
2240,2212,GET,true,29.241
2241,2420,GET,true,27.25
2242,1343488,GET,true,451.996
2243,2628,GET,true,49.543
2244,2628,GET,true,33.441
2245,7476,GET,true,27.517
2246,4960,GET,true,35.841
2247,12284,GET,true,25.165
2248,1376256,GET,true,430.028
2249,51478528,GET,true,18119.935
2250,1156,GET,true,91.082
2251,9544,GET,true,33.12
2252,294912,GET,true,103.922
2253,2828,GET,true,32.141
2254,12284,GET,true,30.402
2255,7852,GET,true,26.0
2256,1772,GET,true,24.214
2257,7508,GET,true,23.013
2258,9338880,GET,true,3408.691
2259,14663680,GET,true,5045.915
2260,2412,GET,true,52.768
2261,2112,GET,true,32.696
2262,16384,GET,true,30.151
2263,2404,GET,true,24.983
2264,65536,GET,true,32.96
2265,2628,GET,true,23.171
2266,1156,GET,true,21.688
2267,12996,GET,true,26.396
2268,52412416,GET,true,17536.162
2269,2628,GET,true,76.912
2270,6972,PUT,false,53.431
2271,22102016,PUT,false,12030.43
2272,2628,GET,true,53.2
2273,6972,GET,true,28.343
2274,7260,GET,true,26.183
2275,12284,GET,true,27.098
2276,12284,GET,true,23.006
2277,4588,GET,true,20.876
2278,12284,GET,true,19.029
2279,6062080,GET,true,1968.687
2280,12156,GET,true,56.331
2281,3020,GET,true,25.047
2282,2628,GET,true,21.577
2283,1584,GET,true,21.027
2284,3220,GET,true,21.177
2285,15548416,GET,true,5596.737
2286,2604,GET,true,62.03
2287,6912,GET,true,25.475
2288,5160,GET,true,23.174
2289,819200,GET,true,307.67
2290,819200,GET,true,299.795
2291,1372,GET,true,43.935
2292,1372,GET,true,24.302
2293,458752,GET,true,165.634
2294,1656,GET,true,42.666
2295,54394880,PUT,false,30945.667
2296,5960,GET,true,52.434
2297,51478528,GET,true,17502.011
2298,2628,GET,true,85.619
2299,2112,GET,true,38.109
2300,16384,GET,true,46.719
2301,1152,GET,true,40.289
2302,4284,GET,true,26.534
2303,7476,GET,true,28.816
2304,2260,GET,true,26.475
2305,1048576,PUT,false,638.762
2306,1760,GET,true,46.608
2307,2628,GET,true,29.961
2308,65536,GET,true,37.862
2309,65536,GET,true,37.458
2310,86900736,GET,true,29601.495
2311,2080768,GET,true,697.63
2312,294912,GET,true,130.235
2313,147456,GET,true,62.583
2314,30720000,GET,true,11319.529
2315,51478528,GET,true,18095.337
2316,2628,GET,true,69.309
2317,2310144,GET,true,842.586
2318,4960,GET,true,60.47
2319,86900736,GET,true,30653.411
2320,2628,GET,true,73.127
2321,12284,GET,true,29.524
2322,65536,GET,true,33.951
2323,4960,GET,true,28.464
2324,1048576,GET,true,445.893
2325,2628,GET,true,61.042
2326,1368,GET,true,27.552
2327,2844,GET,true,24.179
2328,6644,GET,true,22.607
2329,2628,GET,true,24.016
2330,12284,GET,true,25.937
2331,32768,GET,true,28.675
2332,2628,GET,true,18.551
2333,2144,GET,true,21.209
2334,12156,GET,true,23.163
2335,1916928,GET,true,622.117
2336,12656,GET,true,50.454
2337,5560,GET,true,27.648
2338,86900736,GET,true,28897.486
2339,2056,GET,true,79.9
2340,3856,GET,true,32.593
2341,27688960,GET,true,9550.86
2342,2056,GET,true,50.75
2343,1760,GET,true,26.615
2344,2628,GET,true,21.382
2345,671744,PUT,false,456.433
2346,3784,GET,true,48.679
2347,2628,GET,true,31.904
2348,32768,GET,true,27.733
2349,1156,GET,true,22.412
2350,7844,GET,true,23.752
2351,84459520,GET,true,27636.04
2352,14920,GET,true,59.696
2353,12156,GET,true,33.402
2354,40943616,GET,true,13975.847
2355,4756,GET,true,73.48
2356,26443776,GET,true,8802.104
2357,2804,GET,true,55.378
2358,3000,GET,true,24.568
2359,51478528,GET,true,16380.401
2360,2628,GET,true,76.099
2361,342114304,GET,true,109645.868
2362,7440,GET,true,84.848
2363,2628,GET,true,27.887
2364,704512,GET,true,287.338
2365,2420,GET,true,58.364
2366,1228,GET,true,26.126
2367,3444,GET,true,18.762
2368,1152,GET,true,22.168
2369,1048576,PUT,false,665.1
2370,737280,GET,true,268.054
2371,3784,GET,true,53.695
2372,10272768,GET,true,3465.073
2373,6820,GET,true,50.504
2374,10272768,GET,true,3138.704
2375,3860,GET,true,50.723
2376,278528,GET,true,108.644
2377,16384,GET,true,42.802
2378,10272768,GET,true,3128.018
2379,2236,GET,true,52.011
2380,671744,GET,true,237.55
2381,819200,GET,true,278.044
2382,2628,GET,true,48.89
2383,704512,GET,true,229.499
2384,10368,GET,true,47.847
2385,2628,GET,true,28.718
2386,4964352,GET,true,1568.595
2387,163840,GET,true,108.712
2388,10088,GET,true,60.928
2389,2560,GET,true,29.154
2390,16384,GET,true,27.742
2391,12156,GET,true,25.884
2392,32653312,GET,true,10571.754
2393,32653312,GET,true,11808.057
2394,2628,GET,true,79.388
2395,49577984,GET,true,17853.235
2396,2628,GET,true,71.95
2397,2060,GET,true,34.958
2398,32653312,GET,true,11149.444
2399,2628,GET,true,64.954
2400,2828,GET,true,25.406
2401,1356,GET,true,21.72
2402,1360,GET,true,22.495
2403,448905216,GET,true,157449.047
2404,1048576,PUT,false,710.381
2405,2628,GET,true,50.233
2406,65699840,GET,true,24284.518
2407,238272512,GET,true,85415.691
2408,49152,GET,true,83.456
2409,94404608,GET,true,32541.599
2410,3228,GET,true,79.102
2411,1524,GET,true,31.014
2412,27688960,GET,true,9552.306
2413,1064960,GET,true,365.899
2414,15076,GET,true,49.419
2415,15076,GET,true,30.011
2416,1040,GET,true,25.724
2417,4088,GET,true,27.621
2418,2484,GET,true,23.417
2419,1336,GET,true,32.786
2420,720896,GET,true,257.777
2421,12284,GET,true,52.91
2422,10088,GET,true,28.753
2423,4620,GET,true,27.723
2424,4964352,GET,true,1576.293
2425,1064,GET,true,48.366
2426,8476,GET,true,28.226
2427,16384,GET,true,25.13
2428,4588,GET,true,23.349
2429,10272768,GET,true,3229.929
2430,7440,GET,true,49.634
2431,10272768,GET,true,3016.689
2432,6032,GET,true,45.847
2433,16384,GET,true,27.341
2434,6160384,GET,true,2262.071
2435,6664,GET,true,66.197
2436,16384,GET,true,30.712
2437,7368,GET,true,23.297
2438,1356,GET,true,23.704
2439,671744,GET,true,245.366
2440,2628,GET,true,55.893
2441,1980,GET,true,27.719
2442,49152,GET,true,31.4
2443,3020,GET,true,42.026
2444,2628,GET,true,22.871
2445,15076,GET,true,22.63
2446,3784,GET,true,24.714
2447,3342336,GET,true,1010.84
2448,2804,GET,true,62.345
2449,1584,GET,true,25.905
2450,2260,GET,true,22.528
2451,1336,GET,true,22.719
2452,14663680,GET,true,5264.173
2453,16187392,GET,true,5580.963
2454,2628,GET,true,49.936
2455,12284,GET,true,29.716
2456,3024,GET,true,23.339
2457,12284,GET,true,19.125
2458,10576,GET,true,25.784
2459,2628,GET,true,20.556
2460,2490368,GET,true,770.296
2461,1128,GET,true,48.343
2462,5144576,GET,true,1672.068
2463,2260,GET,true,45.029
2464,2097152,GET,true,671.252
2465,1916928,GET,true,612.978
2466,1982464,GET,true,636.125
2467,2628,GET,true,52.564
2468,1916928,GET,true,722.397
2469,54394880,GET,true,19343.073
2470,30720000,GET,true,10948.424
2471,671744,GET,true,246.958
2472,1368,GET,true,49.697
2473,1152,GET,true,30.74
2474,2628,GET,true,24.782
2475,2490368,GET,true,884.378
2476,54394880,GET,true,19121.986
2477,2628,GET,true,90.173
2478,2628,GET,true,34.009
2479,5160960,GET,true,1731.807
2480,10764288,GET,true,3522.694
2481,6716,GET,true,44.409
2482,26443776,GET,true,9476.764
2483,8536,GET,true,65.292
2484,2420,GET,true,28.25
2485,655360,GET,true,224.971
2486,22052864,GET,true,7625.65
2487,26443776,GET,true,8308.113
2488,114688,GET,true,66.666
2489,2628,GET,true,28.075
2490,17743872,GET,true,5462.831
2491,2620,GET,true,50.839
2492,8780,GET,true,24.4
2493,16384,GET,true,23.044
2494,5996544,GET,true,1773.756
2495,2620,GET,true,39.391
2496,42680320,GET,true,14823.907
2497,2056,PUT,false,65.185
2498,2220,GET,true,24.646
2499,30720000,GET,true,10654.002
2500,4524,GET,true,45.192
2501,2056,PUT,false,44.106
2502,1716,PUT,false,32.09
2503,8476,GET,true,23.715
2504,1048576,PUT,false,572.018
2505,3948,PUT,false,48.885
2506,238272512,GET,true,80898.835
2507,86900736,GET,true,30000.573
2508,2628,GET,true,76.594
2509,32768,GET,true,42.185
2510,12284,GET,true,21.892
2511,2816,GET,true,16.706
2512,1792,GET,true,19.928
2513,10368,GET,true,19.757
2514,3342336,GET,true,1225.67
2515,9388032,GET,true,3339.916
2516,7052,GET,true,71.026
2517,2628,GET,true,35.288
2518,4088,GET,true,32.275
2519,12284,GET,true,28.5
2520,12156,GET,true,28.55
2521,3522560,GET,true,1174.031
2522,4524,GET,true,52.017
2523,2112,GET,true,29.221
2524,65699840,GET,true,24126.724
2525,1336,GET,true,76.324
2526,65880064,GET,true,22467.897
2527,3408,GET,true,73.263
2528,7476,GET,true,46.274
2529,1332,GET,true,27.017
2530,704512,GET,true,294.773
2531,15076,GET,true,59.548
2532,11500,GET,true,34.927
2533,4088,GET,true,23.522
2534,2628,GET,true,23.519
2535,5996,GET,true,36.985
2536,1464,GET,true,23.334
2537,8476,GET,true,25.454
2538,2260,GET,true,23.552
2539,12284,GET,true,23.547
2540,9544,GET,true,21.344
2541,4960,GET,true,22.328
2542,447889408,GET,true,155529.46
2543,1064960,GET,true,449.117
2544,4524,GET,true,70.716
2545,10576,GET,true,28.998
2546,6716,GET,true,17.973
2547,2310144,GET,true,843.072
2548,851968,GET,true,331.539
2549,65536,GET,true,66.702
2550,4580,GET,true,28.567
2551,2628,GET,true,25.473
2552,2628,GET,true,24.901
2553,16384,GET,true,24.958
2554,3444,GET,true,22.105
2555,32768,GET,true,26.355
2556,3162112,GET,true,1039.421
2557,1064960,GET,true,365.419
2558,2420,GET,true,48.702
2559,14216,GET,true,28.967
2560,16384,GET,true,26.174
2561,2216,GET,true,21.794
2562,2628,GET,true,24.925
2563,3936,GET,true,22.008
2564,65536,GET,true,33.641
2565,2628,GET,true,21.059
2566,2310144,GET,true,739.529
2567,16384,GET,true,50.851
2568,2628,GET,true,25.416
2569,357416960,GET,true,114567.996
2570,3376,GET,true,83.171
2571,26443776,GET,true,8988.644
2572,2628,GET,true,55.489
2573,86900736,GET,true,29795.15
2574,2420,GET,true,74.377
2575,671744,GET,true,242.754
2576,2628,GET,true,61.503
2577,12284,GET,true,31.115
2578,12156,GET,true,28.927
2579,1900544,GET,true,613.78
2580,54394880,GET,true,18682.173
2581,88801280,GET,true,30210.99
2582,2310144,GET,true,907.817
2583,2604,GET,true,67.33
2584,12156,GET,true,36.419
2585,1441792,GET,true,489.449
2586,238272512,GET,true,77519.496
2587,9544,GET,true,78.209
2588,357482496,GET,true,117194.48
2589,7684096,GET,true,2618.997
2590,2628,GET,true,56.818
2591,3408,GET,true,27.239
2592,52412416,GET,true,17606.861
2593,9576,GET,true,83.771
2594,10576,GET,true,38.108
2595,2060,GET,true,30.077
2596,9576,GET,true,25.442
2597,3344,GET,true,24.541
2598,11059200,GET,true,4066.774
2599,2828,GET,true,58.958
2600,4524,GET,true,31.523
2601,819200,GET,true,323.066
2602,1788,GET,true,59.087
2603,20840448,GET,true,7365.801
2604,1368,GET,true,56.928
2605,327680,GET,true,138.671
2606,294912,GET,true,156.835
2607,2404,GET,true,61.791
2608,163840,GET,true,94.79
2609,6784,PUT,false,74.323
2610,1356,GET,true,28.087
2611,3220,GET,true,27.131
2612,12284,GET,true,25.868
2613,11108,GET,true,23.997
2614,13598720,GET,true,4197.059
2615,28442624,GET,true,9028.256
2616,10764288,GET,true,3864.49
2617,1368,GET,true,65.744
2618,2628,GET,true,44.409
2619,2632,GET,true,28.654
2620,1336,GET,true,25.751
2621,2490368,GET,true,817.701
2622,4448,GET,true,44.621
2623,9519104,PUT,false,5534.874
2624,344064,GET,true,139.089
2625,2628,GET,true,46.059
2626,3632,GET,true,28.496
2627,25116672,GET,true,8861.421
2628,2310144,GET,true,771.627
2629,2060,GET,true,47.767
2630,12156,GET,true,30.688
2631,1900544,GET,true,723.074
2632,41828352,GET,true,14354.007
2633,51478528,GET,true,18890.101
2634,13598720,GET,true,5026.567
2635,13123584,GET,true,4632.88
2636,4524,GET,true,58.626
2637,1916928,GET,true,629.616
2638,17743872,GET,true,6091.166
2639,2628,GET,true,48.727
2640,13836,GET,true,40.444
2641,1152,GET,true,23.498
2642,10576,GET,true,28.175
2643,671744,GET,true,270.39
2644,1336,GET,true,55.145
2645,2404,GET,true,31.149
2646,32768,GET,true,34.724
2647,12156,GET,true,25.607
2648,2375680,GET,true,876.234
2649,65536,GET,true,64.717
2650,2056,PUT,false,46.478
2651,2310144,GET,true,858.696
2652,2628,GET,true,57.985
2653,16384,GET,true,30.555
2654,13192,GET,true,26.449
2655,1376256,GET,true,459.297
2656,2604,GET,true,66.295
2657,2628,GET,true,30.454
2658,1372,GET,true,26.659
2659,6792,GET,true,28.64
2660,1332,GET,true,24.958
2661,2420,GET,true,26.148
2662,3376,GET,true,23.635
2663,11059200,PUT,false,6267.837
2664,2310144,GET,true,870.441
2665,10576,GET,true,88.854
2666,2080768,GET,true,679.318
2667,54394880,GET,true,19715.052
2668,10469376,GET,true,3473.356
2669,1116,GET,true,75.633
2670,65536,GET,true,39.655
2671,19791872,GET,true,7112.978
2672,17924096,GET,true,6014.565
2673,16384,GET,true,47.302
2674,9576,GET,true,30.639
2675,3020,GET,true,27.337
2676,2628,GET,true,22.14
2677,12284,GET,true,22.169
2678,83017728,GET,true,28188.779
2679,30720000,GET,true,10678.67
2680,3024,GET,true,69.204
2681,52412416,GET,true,18953.156
2682,851968,GET,true,332.411
2683,11059200,GET,true,4146.103
2684,16187392,GET,true,5744.685
2685,32768,GET,true,55.474
2686,3000,GET,true,31.424
2687,1128,GET,true,39.687
2688,13192,GET,true,23.98
2689,2832,PUT,false,41.021
2690,10408,PUT,false,34.871
2691,3020,GET,true,21.565
2692,2628,GET,true,21.021
2693,2628,GET,true,20.678
2694,52412416,GET,true,18424.704
2695,12284,GET,true,70.831
2696,32768,GET,true,36.758
2697,12284,GET,true,26.06
2698,1980,GET,true,19.375
2699,3000,GET,true,21.473
2700,12284,GET,true,20.227
2701,2628,GET,true,21.383
2702,1152,GET,true,26.297
2703,54394880,GET,true,19207.708
2704,55967744,GET,true,20799.477
2705,163840,GET,true,118.061
2706,2628,GET,true,56.979
2707,9576,GET,true,32.938
2708,1116,GET,true,23.361
2709,16384,GET,true,27.964
2710,2628,GET,true,18.089
2711,54394880,GET,true,18662.001
2712,2632,GET,true,75.442
2713,16187392,GET,true,5424.28
2714,1900,GET,true,50.855
2715,8568832,GET,true,2636.618
2716,6716,GET,true,45.64
2717,2420,GET,true,28.974
2718,1368,GET,true,24.65
2719,3342336,GET,true,1235.141
2720,1900544,GET,true,703.775
2721,3000,GET,true,52.206
2722,1980,GET,true,28.334
2723,2632,GET,true,24.094
2724,6732,PUT,false,46.126
2725,2056,GET,true,23.875
2726,2628,GET,true,26.445
2727,1772,GET,true,23.775
2728,16384,GET,true,26.094
2729,86900736,GET,true,31297.766
2730,2628,GET,true,68.244
2731,2628,GET,true,20.365
2732,2162688,GET,true,644.336
2733,10764288,GET,true,3489.203
2734,14663680,GET,true,5203.131
2735,1146880,GET,true,393.185
2736,26443776,GET,true,9157.481
2737,5560,GET,true,47.492
2738,2628,GET,true,26.7
2739,9027584,GET,true,3229.027
2740,1916928,GET,true,642.025
2741,147456,GET,true,86.556
2742,86900736,GET,true,31683.105
2743,3342336,GET,true,1245.662
2744,16384,GET,true,65.656
2745,33898496,GET,true,11717.765
2746,2620,GET,true,49.639
2747,3044,GET,true,30.869
2748,2260,GET,true,25.078
2749,5560,GET,true,26.024
2750,5062656,GET,true,1785.618
2751,2628,GET,true,71.415
2752,9879552,GET,true,2949.666
2753,2628,GET,true,41.465
2754,2310144,GET,true,733.406
2755,4960,GET,true,48.054
2756,4960,GET,true,28.36
2757,1372,GET,true,23.343
2758,9338880,GET,true,2858.393
2759,2628,GET,true,44.072
2760,9338880,GET,true,3286.905
2761,2628,GET,true,56.145
2762,2620,GET,true,26.644
2763,2628,GET,true,27.81
2764,11500,GET,true,26.402
2765,2097152,GET,true,726.952
2766,5652,GET,true,55.628
2767,14663680,GET,true,4905.126
2768,3024,GET,true,47.156
2769,3860,GET,true,29.153
2770,2420,GET,true,25.467
2771,3000,GET,true,24.411
2772,32768,GET,true,29.34
2773,1332,GET,true,23.335
2774,9576,GET,true,25.71
2775,4960,GET,true,21.232
2776,16384,GET,true,26.485
2777,12284,GET,true,22.538
2778,2628,GET,true,19.03
2779,3342336,GET,true,1035.444
2780,16384,GET,true,51.504
2781,2628,GET,true,28.301
2782,26443776,GET,true,9361.8
2783,9544,GET,true,59.89
2784,16384,GET,true,34.225
2785,2628,GET,true,21.963
2786,3342336,GET,true,1066.015
2787,2628,GET,true,43.287
2788,3860,GET,true,27.94
2789,16187392,GET,true,5171.959
2790,1164,GET,true,44.721
2791,2628,GET,true,26.164
2792,2097152,GET,true,761.948
2793,16384,GET,true,56.529
2794,2344,GET,true,24.929
2795,30720000,GET,true,10855.585
2796,14663680,GET,true,5144.001
2797,2628,GET,true,55.639
2798,2628,GET,true,32.649
2799,10088,GET,true,29.154
2800,11500,GET,true,18.662
2801,1772,GET,true,20.57
2802,9027584,GET,true,3062.93
2803,2628,GET,true,45.485
2804,2628,GET,true,24.743
2805,2172,GET,true,19.568
2806,3342336,GET,true,1046.226
2807,3000,GET,true,36.224
2808,294912,GET,true,121.513
2809,294912,GET,true,123.05
2810,86900736,GET,true,31344.783
2811,5560,GET,true,80.763
2812,3784,GET,true,28.089
2813,65536,GET,true,31.213
2814,3784,GET,true,15.549
2815,2628,GET,true,23.432
2816,1332,GET,true,20.522
2817,3342336,GET,true,1269.08
2818,2628,GET,true,60.451
2819,3457024,GET,true,1209.875
2820,26443776,GET,true,9770.904
2821,2628,GET,true,75.416
2822,6088,GET,true,32.342
2823,1896,GET,true,30.986
2824,2628,GET,true,22.138
2825,30720000,GET,true,8817.513
2826,1576,GET,true,66.214
2827,54394880,GET,true,19266.338
2828,2097152,GET,true,767.954
2829,54394880,GET,true,20070.344
2830,16384,GET,true,78.482
2831,131072,GET,true,55.229
2832,2628,GET,true,28.228
2833,16187392,GET,true,5946.346
2834,16384,GET,true,73.568
2835,12156,GET,true,31.747
2836,819200,GET,true,282.836
2837,4524,GET,true,43.404
2838,9371648,GET,true,3108.329
2839,57720832,GET,true,20065.258
2840,2628,GET,true,83.023
2841,2344,GET,true,35.503
2842,2628,GET,true,25.94
2843,6220,GET,true,43.969
2844,49577984,PUT,false,27586.113
2845,2628,GET,true,67.991
2846,9576,GET,true,33.237
2847,20365312,GET,true,7549.87
2848,196608,PUT,false,169.191
2849,3000,GET,true,54.899
2850,12156,GET,true,39.151
2851,14417920,GET,true,4938.761
2852,2804,GET,true,57.587
2853,2628,GET,true,28.409
2854,2628,GET,true,26.518
2855,1277952,GET,true,498.654
2856,17743872,GET,true,6288.486
2857,2628,GET,true,50.31
2858,1980,GET,true,30.948
2859,9338880,GET,true,3211.644
2860,2628,GET,true,56.514
2861,30720000,GET,true,10991.337
2862,2820,GET,true,56.309
2863,1900544,GET,true,537.327
2864,5016,GET,true,23.781
2865,9027584,GET,true,2740.655
2866,26443776,GET,true,8870.684
2867,2628,GET,true,46.304
2868,1356,GET,true,27.05
2869,671744,GET,true,235.564
2870,3784,GET,true,47.053
2871,4372,PUT,false,60.86
2872,2228,GET,true,23.925
2873,16187392,GET,true,4376.116
2874,16384,GET,true,26.805
2875,2996,GET,true,22.221
2876,51478528,GET,true,18600.889
2877,8956,GET,true,62.925
2878,3784,GET,true,26.897
2879,2195456,GET,true,839.228
2880,16384,GET,true,78.272
2881,671744,GET,true,233.867
2882,52412416,GET,true,17425.854
2883,2212,GET,true,74.096
2884,5390336,GET,true,1791.204
2885,2420,GET,true,42.652
2886,16384,GET,true,26.58
2887,7476,GET,true,21.288
2888,671744,GET,true,276.445
2889,819200,GET,true,316.276
2890,12284,GET,true,54.07
2891,9544,GET,true,24.769
2892,32768,GET,true,26.647
2893,16384,GET,true,23.871
2894,2490368,GET,true,917.367
2895,11157504,GET,true,3656.386
2896,2628,GET,true,42.835
2897,2804,GET,true,28.315
2898,9576,GET,true,22.999
2899,9338880,GET,true,3185.232
2900,53903360,GET,true,18722.601
2901,4960,GET,true,77.179
2902,7344,GET,true,36.58
2903,3220,GET,true,26.42
2904,1236,GET,true,17.336
2905,2832,GET,true,19.677
2906,3936,GET,true,20.012
2907,26443776,GET,true,9747.03
2908,7052,GET,true,61.809
2909,9544,GET,true,27.141
2910,16384,GET,true,20.687
2911,1152,GET,true,16.691
2912,2832,GET,true,55.904
2913,51478528,GET,true,17295.934
2914,1368,GET,true,95.343
2915,2097152,GET,true,790.585
2916,3680,GET,true,54.416
2917,2628,GET,true,29.642
2918,2628,GET,true,25.352
2919,3860,GET,true,21.24
2920,2628,GET,true,18.388
2921,3000,GET,true,19.859
2922,2340,GET,true,18.718
2923,2632,GET,true,17.324
2924,29868032,GET,true,9867.693
2925,7200,GET,true,51.119
2926,54394880,GET,true,18195.32
2927,15548416,GET,true,5687.042
2928,3784,GET,true,57.328
2929,12284,GET,true,29.062
2930,1356,GET,true,21.866
2931,1336,GET,true,18.454
2932,1368,GET,true,17.608
2933,1900544,GET,true,695.637
2934,11500,GET,true,52.411
2935,2828,GET,true,27.518
2936,1128,GET,true,18.844
2937,3324,GET,true,194.343
2938,30720000,GET,true,10662.502
2939,2628,GET,true,121.89
2940,3522560,GET,true,1282.66
2941,1064960,GET,true,429.47
2942,32768,GET,true,67.01
2943,1332,GET,true,28.86
2944,2949120,GET,true,1049.454
2945,12284,GET,true,57.644
2946,3020,GET,true,32.342
2947,2244608,GET,true,807.669
2948,6004,GET,true,62.899
2949,86900736,GET,true,29075.965
2950,2628,GET,true,99.917
2951,2628,GET,true,31.787
2952,12284,GET,true,24.527
2953,12284,GET,true,24.811
2954,16384,PUT,false,63.572
2955,2195456,GET,true,830.78
2956,6904,GET,true,70.654
2957,30720000,GET,true,10373.39
2958,671744,GET,true,258.591
2959,196608,GET,true,98.114
2960,2632,GET,true,50.423
2961,2628,GET,true,28.945
2962,12284,GET,true,21.853
2963,65536,GET,true,30.124
2964,16384,GET,true,26.111
2965,2340,GET,true,19.334
2966,15548416,GET,true,4214.222
2967,2490368,GET,true,622.683
2968,655360,GET,true,223.64
2969,1156,GET,true,50.5
2970,2628,GET,true,27.194
2971,2804,GET,true,21.694
2972,12284,GET,true,18.97
2973,9544,GET,true,21.936
2974,2310144,GET,true,693.126
2975,1720,GET,true,45.484
2976,1116,GET,true,25.922
2977,7200,GET,true,21.293
2978,7200,GET,true,18.068
2979,3324,GET,true,20.351
2980,1277952,GET,true,463.202
2981,2080768,GET,true,686.975
2982,4572,GET,true,50.724
2983,2184,PUT,false,47.478
2984,16384,GET,true,27.414
2985,6680,GET,true,20.114
2986,9879552,GET,true,3476.723
2987,3260,GET,true,70.895
2988,49152,GET,true,35.406
2989,6920,GET,true,21.286
2990,1152,GET,true,18.109
2991,2420,GET,true,20.419
2992,2340,GET,true,20.892
2993,2804,GET,true,18.783
2994,3020,GET,true,19.701
2995,1760,GET,true,19.693
2996,16384,GET,true,21.573
2997,3342336,GET,true,1122.104
2998,393216,GET,true,158.86
2999,2344,GET,true,48.136
3000,6928,GET,true,23.316
3001,2832,GET,true,23.977
3002,1156,GET,true,20.215
3003,2604,GET,true,21.604
3004,2195456,GET,true,655.836
3005,7344,GET,true,43.211
3006,3936,GET,true,23.274
3007,12284,GET,true,21.796
3008,6728,GET,true,21.888
3009,147456,GET,true,85.792
3010,33767424,GET,true,11722.148
3011,3856,GET,true,60.401
3012,2056,GET,true,29.022
3013,4524,GET,true,22.266
3014,51478528,GET,true,17933.661
3015,54394880,GET,true,18442.293
3016,2628,GET,true,69.742
3017,52412416,GET,true,18968.05
3018,2097152,GET,true,705.52
3019,2310144,GET,true,861.225
3020,182452224,GET,true,62212.882
3021,72876032,GET,true,24868.296
3022,2628,GET,true,130.856
3023,2340,GET,true,35.854
3024,2628,GET,true,33.745
3025,86900736,GET,true,28893.353
3026,2632,GET,true,108.349
3027,1156,GET,true,34.51
3028,2195456,GET,true,772.133
3029,16187392,GET,true,5905.114
3030,655360,GET,true,285.331
3031,16187392,GET,true,5712.327
3032,2097152,GET,true,685.643
3033,2344,GET,true,60.741
3034,3020,GET,true,36.932
3035,1916928,PUT,false,1151.263
3036,671744,PUT,false,421.011
3037,2628,GET,true,47.82
3038,114688,PUT,false,78.212
3039,2804,GET,true,30.862
3040,4960,GET,true,29.897
3041,2996,GET,true,27.648
3042,2899968,GET,true,1043.56
3043,1064960,GET,true,418.455
3044,3784,GET,true,70.818
3045,2056,PUT,false,47.822
3046,4528,GET,true,29.572
3047,3220,GET,true,29.008
3048,3936,GET,true,25.99
3049,2195456,GET,true,697.388
3050,91504640,GET,true,31517.515
3051,1772,GET,true,84.353
3052,6920,GET,true,37.287
3053,2828,GET,true,30.78
3054,1536,GET,true,27.106
3055,737280,GET,true,268.822
3056,1532,GET,true,57.632
3057,54394880,GET,true,18769.249
3058,2464,GET,true,100.239
3059,3860,GET,true,35.686
3060,2628,GET,true,26.028
3061,9027584,GET,true,2779.717
3062,52412416,GET,true,17919.828
3063,78348288,GET,true,26867.879
3064,27688960,GET,true,9464.75
3065,2260,GET,true,53.83
3066,1900,GET,true,31.881
3067,1336,GET,true,21.174
3068,1336,GET,true,19.429
3069,2828,GET,true,26.068
3070,6728,GET,true,49.081
3071,9240,GET,true,25.808
3072,4931584,GET,true,1561.371
3073,2628,GET,true,54.47
3074,6720,GET,true,132.663
3075,278528,GET,true,122.726
3076,5344,GET,true,62.202
3077,3680,GET,true,37.357
3078,16384,GET,true,31.039
3079,12156,GET,true,32.052
3080,78348288,GET,true,26526.322
3081,10368,GET,true,98.602
3082,10368,GET,true,31.652
3083,16384,GET,true,25.937
3084,16384,GET,true,21.528
3085,278528,GET,true,100.012
