0,26443776,GET,false,4407.162
1,2144,GET,true,19.821
2,2310144,GET,false,404.951
3,1980,GET,true,16.852
4,1152,GET,true,13.705
5,2404,GET,false,13.618
6,2628,GET,false,14.3
7,1336,GET,true,12.656
8,1772,GET,true,13.643
9,14708,GET,true,16.179
10,40943616,GET,false,6298.371
11,2195456,GET,true,357.257
12,2404,GET,false,12.976
13,4931584,GET,false,768.025
14,2420,GET,false,11.518
15,30720000,GET,false,4737.677
16,2212,GET,false,14.658
17,1584,GET,true,11.059
18,114688,GET,true,31.462
19,20365312,GET,false,3153.167
20,65536,PUT,false,43.589
21,16187392,GET,true,2501.339
22,4016,GET,false,15.142
23,15548416,GET,false,2410.257
24,10764288,GET,false,1688.337
25,14663680,GET,false,2279.853
26,23822336,GET,false,3679.315
27,1116,GET,true,11.916
28,2628,GET,false,10.201
29,1152,GET,false,8.913
30,10088,GET,false,10.735
31,16384,GET,false,12.16
32,1980,GET,true,9.987
33,1900544,GET,false,303.713
34,2628,GET,true,14.714
35,2996,GET,false,11.956
36,54394880,GET,false,8370.259
37,3000,GET,false,130.041
38,2628,GET,true,20.413
39,3784,GET,true,11.722
40,851968,GET,false,161.347
41,671744,GET,true,128.195
42,7476,GET,true,9.9
43,2628,GET,false,8.046
44,2080768,GET,false,328.683
45,3342336,GET,true,524.916
46,3784,GET,true,7.028
47,3342336,GET,true,522.135
48,1720,PUT,false,20.199
49,1332,GET,false,9.821
50,819200,GET,false,152.339
51,2628,GET,false,6.718
52,12284,GET,false,8.484
53,7596,GET,true,9.799
54,3376,GET,true,6.539
55,9544,GET,false,8.939
56,1336,GET,true,6.906
57,7852,GET,false,9.19
58,2097152,GET,true,330.555
59,32768,GET,true,16.559
60,1372,GET,false,8.41
61,65536,GET,false,17.727
62,3020,GET,true,8.289
63,86900736,GET,true,13457.727
64,2340,GET,false,24.645
65,12284,GET,true,31.491
66,2080768,GET,false,330.691
67,2340,GET,true,9.173
68,10088,GET,false,9.347
69,1900544,GET,true,301.487
70,2628,GET,false,14.041
71,2844,GET,true,9.329
72,28606464,GET,false,4395.288
73,132939776,GET,false,20396.3
74,9338880,GET,false,1486.493
75,2144,GET,false,9.628
76,1576,GET,true,7.73
77,17743872,GET,false,2729.038
78,55967744,GET,false,8601.86
79,14663680,GET,false,2277.908
80,10764288,GET,false,1659.833
81,1788,GET,false,11.338
82,1966080,GET,true,311.568
83,1788,PUT,false,32.505
84,62947328,GET,false,9655.525
85,4524,GET,false,56.981
86,1980,GET,false,7.702
87,1332,GET,false,6.192
88,3680,GET,false,7.146
89,1128,GET,false,5.658
90,2340,GET,false,6.081
91,1336,GET,true,5.741
92,10404,GET,true,7.801
93,16187392,GET,false,2510.154
94,2195456,GET,true,345.965
95,1788,GET,false,8.88
96,1128,GET,false,6.343
97,54394880,GET,false,8358.063
98,32768,GET,false,13.687
99,3020,GET,false,6.563
100,2844,GET,false,6.827
101,3784,GET,true,6.451
102,4960,GET,true,7.497
103,6728,GET,true,7.873
104,110198784,GET,false,16910.011
105,3162112,GET,false,496.235
106,12284,GET,false,10.738
107,14663680,GET,false,2274.383
108,3342336,GET,false,522.587
109,33767424,PUT,false,10680.3
110,2628,GET,true,20.492
111,2310144,GET,true,369.388
112,6920,GET,true,8.45
113,51478528,GET,true,7894.888
114,2628,GET,false,22.893
115,1156,GET,true,16.082
116,2628,GET,false,8.712
117,1988,GET,true,8.098
118,2112,GET,true,6.344
119,2490368,GET,false,388.83
120,114688,GET,true,26.48
121,55197696,GET,false,8467.843
122,16384,GET,true,11.283
123,294912,GET,false,58.452
124,3000,GET,false,6.264
125,2820,GET,false,6.331
126,32768,GET,true,11.338
127,2628,GET,true,5.954
128,2949120,GET,true,459.147
129,7476,GET,false,8.297
130,2785280,GET,false,440.069
131,2060,GET,false,13.071
132,2628,GET,true,7.861
133,2628,GET,true,8.214
134,3024,GET,true,8.803
135,1332,GET,false,6.947
136,2628,GET,true,7.508
137,1772,GET,true,7.705
138,2228224,PUT,false,694.635
139,3784,GET,false,8.771
140,2628,GET,false,6.441
141,54394880,GET,true,8357.477
142,2628,GET,true,8.955
143,12656,PUT,false,13.258
144,1152,GET,false,5.916
145,2628,GET,true,6.737
146,65536,GET,true,18.094
147,4448,GET,false,6.988
148,1332,GET,false,5.517
149,1900,GET,true,5.854
150,16384,GET,true,8.849
151,17743872,GET,false,2743.762
152,8004,GET,true,8.623
153,2628,GET,false,6.008
154,2144,GET,true,6.245
155,3256,GET,true,7.056
156,6908,GET,false,7.156
157,5236,GET,true,7.622
158,196608,GET,true,40.374
159,2628,GET,true,6.431
160,1916928,GET,true,301.636
161,16384,GET,true,10.603
162,54394880,GET,true,8359.697
163,1772,GET,true,7.291
164,8004,GET,true,7.779
165,2628,GET,false,6.103
166,1584,GET,true,5.646
167,2604,GET,false,6.379
168,9576,GET,true,7.467
169,1772,GET,true,5.465
170,2344,GET,true,6.122
171,2420,GET,false,5.893
172,147456,GET,true,32.138
173,671744,GET,false,124.882
174,65536,GET,true,19.176
175,196608,GET,true,43.001
176,2628,GET,true,7.645
177,3376,GET,false,7.706
178,2344,GET,true,7.31
179,2628,GET,false,7.821
180,2424,GET,false,7.214
181,26443776,GET,true,4062.946
182,32768,GET,false,14.875
183,3416,GET,true,8.412
184,7028736,GET,true,1090.218
185,5184,GET,true,8.008
186,1064960,GET,false,191.747
187,9576,GET,true,9.584
188,1980,GET,true,13.192
189,10764288,GET,true,1670.533
190,2828,GET,true,9.026
191,65536,GET,false,17.177
192,5184,GET,false,7.59
193,2344,GET,true,7.484
194,1964,GET,true,7.56
195,7476,GET,false,8.392
196,15269888,GET,true,2349.487
197,1028,GET,false,6.972
198,1720,PUT,false,10.714
199,7946240,GET,false,1241.49
200,2212,GET,true,6.362
201,2628,GET,false,6.086
202,16384,GET,true,8.875
203,2628,GET,true,6.217
204,2628,GET,true,6.319
205,1116,GET,false,5.797
206,6992,GET,false,7.101
207,2628,GET,true,5.978
208,2420,GET,true,5.886
209,2195456,GET,true,343.797
210,65536,GET,false,17.826
211,1236,GET,true,5.618
212,16384,GET,true,9.272
213,5390336,PUT,false,1664.761
214,1988,GET,false,6.434
215,2628,GET,false,5.91
216,16384,GET,true,9.11
217,10368,GET,false,8.393
218,16384,GET,true,7.85
219,2097152,GET,false,327.525
220,671744,PUT,false,213.07
221,358039552,GET,true,54975.879
222,2628,GET,false,26.643
223,16384,GET,true,12.054
224,1156,GET,false,6.769
225,10764288,GET,true,1669.327
226,12284,GET,false,16.93
227,2012,GET,false,8.731
228,12284,GET,true,10.312
229,1040,GET,false,10.13
230,4964352,GET,false,771.178
231,1720,PUT,false,21.835
232,3024,GET,false,9.942
233,1116,GET,false,6.632
234,3342336,GET,true,521.497
235,10320,PUT,false,16.755
236,1916928,GET,false,303.587
237,16187392,GET,false,2491.833
238,2310144,GET,false,364.695
239,12156,GET,false,11.79
240,88768512,GET,true,16490.622
241,12156,GET,true,29.415
242,6720,PUT,false,17.697
243,12284,GET,true,10.663
244,4392,GET,false,9.588
245,589824,GET,true,109.558
246,16384,GET,false,10.844
247,32768,GET,true,13.195
248,1720,GET,true,7.288
249,182452224,GET,false,27969.556
250,16384,GET,true,14.616
251,16187392,GET,false,2491.623
252,2628,GET,false,42.498
253,2632,GET,true,23.432
254,12284,GET,false,12.235
255,11500,GET,true,10.395
256,9388032,GET,false,1460.968
257,10272768,GET,false,1602.906
258,10272768,GET,false,1596.501
259,2628,GET,true,8.234
260,2420,GET,false,7.003
261,2420,GET,false,7.713
262,6000,GET,false,10.728
263,4833280,GET,false,757.155
264,3768320,GET,false,589.009
265,1040,GET,false,8.436
266,4088,GET,false,8.302
267,6728,PUT,false,15.443
268,2804,GET,true,23.963
269,357416960,GET,true,54783.037
270,2420,GET,false,56.363
271,1780,PUT,false,20.84
272,12156,GET,true,13.498
273,2340,GET,true,5.885
274,1152,GET,true,4.986
275,2628,GET,false,5.832
276,1576,GET,true,4.755
277,2260,GET,true,5.61
278,15548416,GET,true,2410.861
279,3342336,GET,true,523.757
280,1064960,GET,false,192.885
281,2996,GET,true,6.653
282,3652,PUT,false,15.978
283,17743872,GET,true,2728.882
284,3784,GET,true,6.663
285,4572,GET,false,6.364
286,3000,GET,false,6.118
287,1568,GET,true,4.534
288,7456,GET,true,6.735
289,4592,GET,false,6.358
290,1372,GET,true,4.642
291,13565952,GET,true,2108.659
292,1900,GET,false,7.237
293,2260,GET,false,5.933
294,819200,GET,false,149.639
295,671744,GET,true,124.742
296,2404,GET,false,5.826
297,26918912,GET,true,4130.815
298,6376,PUT,false,14.796
299,9240576,GET,true,1440.52
300,2310144,GET,false,360.48
301,1332,GET,true,5.508
302,1116,GET,true,5.879
303,9240576,PUT,false,2843.867
304,294912,GET,true,57.988
305,16384,GET,true,9.354
306,819200,GET,true,150.215
307,1900544,GET,true,297.365
308,4092,GET,true,6.215
309,52412416,GET,false,8051.752
310,12156,GET,true,10.076
311,170737664,PUT,false,56487.216
312,2080768,GET,true,343.174
313,9544,GET,true,8.399
314,3652,GET,false,7.63
315,1980,GET,false,6.277
316,1916928,GET,true,300.997
317,170737664,GET,true,26175.524
318,1966080,GET,true,310.635
319,2628,GET,false,6.381
320,12156,GET,true,7.779
321,2310144,GET,false,360.965
322,52412416,GET,true,8039.606
323,3784,GET,true,9.028
324,2628,GET,false,5.998
325,2604,GET,false,6.082
326,2828,GET,true,6.551
327,1128,GET,false,5.404
328,294912,GET,true,57.986
329,2628,GET,false,6.188
330,671744,GET,false,131.603
331,17743872,GET,true,2725.46
332,4960,GET,false,7.361
333,5560,GET,false,6.974
334,3784,GET,false,6.557
335,3342336,GET,false,518.683
336,2628,GET,true,6.282
337,12284,GET,false,8.72
338,1584,GET,true,5.449
339,2996,GET,false,6.86
340,6308,GET,true,6.654
341,14663680,GET,true,2255.208
342,1376256,GET,true,226.704
343,16384,GET,false,10.528
344,6708,GET,false,7.183
345,2628,GET,true,6.347
346,4960,GET,true,6.869
347,1584,GET,true,6.445
348,1352,GET,false,7.02
349,1364,GET,true,6.323
350,65536,GET,true,17.591
351,6916,GET,false,7.518
352,54394880,GET,false,8341.939
353,4960,GET,true,8.394
354,1152,GET,true,6.312
355,4960,GET,true,6.892
356,7476,GET,true,6.391
357,3000,GET,true,6.12
358,1336,GET,false,6.023
359,6788,GET,true,6.928
360,4960,GET,true,6.058
361,2628,GET,false,5.974
362,2832,GET,true,5.368
363,16384,GET,true,9.034
364,1372,GET,true,4.956
365,1332,GET,false,4.598
366,16154624,GET,true,2482.354
367,54394880,GET,false,8362.192
368,1772,GET,true,6.029
369,12156,GET,false,7.599
370,7344,PUT,false,15.827
371,3240,GET,true,6.423
372,2628,GET,true,6.008
373,11059200,PUT,false,3430.218
374,2404,GET,false,6.465
375,12156,GET,false,9.198
376,3228,GET,false,5.48
377,51478528,GET,false,7895.406
378,1332,GET,false,6.184
379,54394880,GET,true,8359.723
380,54394880,GET,false,8360.787
381,16384,GET,true,9.934
382,1064960,GET,false,198.105
383,557056,GET,true,104.916
384,52412416,GET,true,8036.372
385,20316160,GET,false,3140.66
386,12284,GET,true,8.62
387,30720000,GET,false,4713.792
388,4960,GET,true,7.656
389,2804,GET,false,5.733
390,2628,GET,false,5.58
391,2516,GET,true,5.424
392,2628,GET,true,6.334
393,1584,GET,false,5.092
394,16187392,GET,false,2492.297
395,9764864,GET,false,1519.841
396,1332,GET,true,5.153
397,2420,GET,false,5.294
398,9576,GET,true,7.127
399,3342336,GET,false,518.318
400,2310144,GET,true,359.789
401,12284,GET,true,8.432
402,9027584,GET,false,1395.27
403,2680,PUT,false,12.27
404,6912,GET,false,6.842
405,2060,GET,false,5.559
406,16384,GET,false,7.877
407,294912,GET,false,58.264
408,2490368,GET,true,389.668
409,720896,GET,true,130.007
410,12284,GET,false,7.872
411,2632,GET,false,5.611
412,1988,GET,true,7.628
413,1236,GET,false,4.987
414,2628,GET,false,5.589
415,294912,GET,false,53.305
416,1146880,GET,false,195.953
417,1116,GET,false,5.326
418,9576,GET,false,8.297
419,1332,GET,true,5.238
420,1900544,GET,true,298.333
421,10320,GET,true,10.029
422,1128,GET,false,5.704
423,6932,GET,false,6.593
424,1772,GET,true,5.001
425,2828,GET,true,6.749
426,4960,GET,true,6.256
427,2344,GET,true,5.191
428,2628,GET,false,5.401
429,65536,GET,true,17.276
430,15548416,GET,true,2389.826
431,2260,GET,true,6.071
432,1584,GET,false,5.659
433,2056,PUT,false,11.801
434,2480,GET,true,5.787
435,9544,GET,false,8.239
436,86900736,GET,false,13389.878
437,6712,GET,false,10.479
438,9240,GET,true,7.77
439,1584,GET,false,5.616
440,2080768,GET,false,324.835
441,33767424,GET,true,5198.321
442,737280,GET,false,141.39
443,2112,GET,true,5.947
444,11500,GET,true,7.547
445,294912,GET,false,57.636
446,1584,GET,true,5.165
447,3376,GET,false,5.719
448,6716,GET,false,6.813
449,51478528,GET,false,7897.214
450,107085824,GET,true,16414.336
451,2420,GET,false,7.287
452,4448,GET,false,6.834
453,2628,GET,false,6.487
454,4524,GET,true,6.284
455,6968,GET,true,7.135
456,2056,PUT,false,12.088
457,1336,GET,false,5.189
458,3220,GET,false,6.087
459,30720000,GET,true,4715.491
460,1152,GET,true,5.726
461,3860,GET,false,6.816
462,1356,GET,false,4.591
463,1236,GET,true,6.042
464,12284,GET,true,7.712
465,2628,GET,true,5.538
466,3000,GET,false,6.758
467,2604,GET,true,9.129
468,2420,GET,false,5.375
469,2420,GET,false,5.83
470,2420,GET,true,5.483
471,3000,GET,true,6.069
472,4656,GET,true,6.718
473,2628,GET,true,4.623
474,32768,GET,false,11.388
475,3936,GET,false,6.01
476,12996,GET,true,8.158
477,2844,GET,false,5.669
478,10764288,GET,false,1656.181
479,16384,GET,true,8.959
480,1336,GET,false,4.895
481,1156,GET,false,7.54
482,6572,GET,false,6.684
483,2212,GET,false,5.3
484,3680,GET,true,6.084
485,52412416,GET,true,8036.223
486,3784,GET,true,7.286
487,110215168,GET,false,16898.466
488,54394880,GET,false,8346.583
489,1916928,GET,false,303.842
490,1900,GET,false,5.867
491,2112,GET,false,5.93
492,2628,GET,true,5.9
493,30720000,GET,false,4729.867
494,2628,GET,false,6.874
495,819200,GET,false,150.953
496,2628,GET,false,5.48
497,3860,GET,true,6.138
498,5160960,GET,false,798.066
499,3000,GET,false,6.58
500,3817472,GET,false,591.069
501,819200,GET,false,146.804
502,2097152,GET,true,327.128
503,3680,GET,false,5.718
504,1116,GET,false,4.933
505,2628,GET,false,4.566
506,2628,GET,false,5.147
507,151633920,GET,true,23245.721
508,2260,GET,true,7.071
509,2144,GET,false,5.86
510,3784,GET,false,5.861
511,1980,GET,false,4.982
512,2628,GET,false,5.336
513,2628,GET,true,6.067
514,2628,GET,true,5.635
515,2628,GET,false,5.401
516,1982464,GET,false,310.363
517,2310144,GET,false,362.212
518,3342336,GET,false,518.473
519,2949120,GET,false,467.303
520,54394880,GET,false,8409.078
521,2628,GET,true,6.336
522,262144,GET,true,50.924
523,2490368,GET,true,388.493
524,5560,GET,false,6.784
525,21528576,GET,false,3304.745
526,367247360,GET,true,56292.167
527,83017728,GET,false,12892.528
528,2628,GET,true,14.454
529,1372,GET,false,9.35
530,2195456,GET,true,350.876
531,16384,GET,true,14.199
532,16384,GET,true,11.482
533,16384,GET,false,8.553
534,2804,GET,false,18.596
535,819200,GET,true,156.538
536,12284,GET,true,15.281
537,2420,GET,false,8.986
538,6520832,GET,true,1024.971
539,16384,GET,true,12.605
540,12284,GET,false,12.426
541,52412416,GET,true,8041.38
542,6728,GET,false,13.922
543,2628,GET,true,9.928
544,3020,GET,true,14.425
545,3342336,GET,false,525.939
546,19791872,GET,false,3049.186
547,54394880,GET,true,8364.996
548,2628,GET,true,13.059
549,16187392,GET,true,2502.001
550,2632,GET,false,14.161
551,2628,GET,false,13.191
552,16187392,GET,false,2506.804
553,5816320,GET,false,917.289
554,2604,GET,true,9.755
555,2310144,GET,true,364.908
556,9682944,GET,false,1496.35
557,1372,GET,true,10.418
558,3000,GET,true,10.379
559,2628,GET,true,9.465
560,1568,GET,true,9.038
561,2310144,GET,false,366.102
562,2628,GET,false,10.418
563,2310144,GET,false,365.334
564,6784,GET,true,10.989
565,2628,GET,false,9.803
566,1966080,GET,false,315.283
567,6932,GET,false,12.712
568,2162688,GET,true,341.655
569,4524,GET,true,10.923
570,9879552,GET,true,1533.626
571,1128,GET,true,9.137
572,2604,GET,false,9.303
573,3020,GET,false,10.309
574,1368,GET,false,5.146
575,655360,GET,true,120.366
576,1116,GET,true,8.8
577,10764288,GET,true,1676.472
578,12284,GET,false,7.183
579,2112,GET,true,5.161
580,1332,GET,false,4.964
581,1900544,GET,false,302.614
582,65536,GET,false,21.704
583,2628,GET,true,9.511
584,5576,GET,false,9.992
585,16384,GET,false,12.184
586,3220,GET,false,11.504
587,6632,GET,true,10.477
588,51478528,GET,false,7903.847
589,12156,GET,false,10.86
590,1584,GET,true,5.822
591,51478528,GET,true,7895.5
592,2628,GET,false,5.87
593,6504448,GET,false,1008.111
594,9420800,GET,true,1470.953
595,2628,GET,true,5.435
596,294912,GET,true,58.489
597,2804,GET,true,5.309
598,10408,GET,false,6.827
599,12284,GET,true,7.787
600,17743872,GET,false,2727.328
601,86065152,GET,false,13195.771
602,163840,PUT,false,80.123
603,3784,GET,true,6.089
604,10698752,GET,true,1664.727
605,32768,GET,true,10.898
606,23248896,GET,false,3591.495
607,3020,GET,true,5.907
608,3376,GET,true,5.971
609,2080768,GET,false,324.715
610,15548416,GET,true,2407.203
611,2628,GET,false,5.477
612,10368,GET,false,7.074
613,1900544,GET,true,297.534
614,2310144,GET,false,359.256
615,151633920,GET,false,23242.903
616,16384,GET,false,9.367
617,2628,GET,false,5.856
618,2628,GET,true,5.487
619,15024128,GET,true,2308.05
620,16384,GET,false,8.135
621,2828,GET,true,5.615
622,3948,PUT,false,31.305
623,8476,GET,false,6.746
624,5560,GET,true,6.419
625,3000,GET,false,5.624
626,1040,GET,true,108.098
627,6724,GET,true,6.787
628,1152,GET,false,6.192
629,1372,GET,true,4.58
630,1772,GET,true,5.342
631,1982464,GET,false,321.399
632,1364,GET,true,20.739
633,2628,GET,true,9.867
634,2490368,GET,false,391.619
635,2628,GET,true,7.787
636,2060,GET,true,5.468
637,671744,GET,false,129.355
638,1760,GET,false,5.432
639,2412,GET,false,7.227
640,51478528,GET,true,7897.293
641,3817472,GET,true,641.037
642,2056,PUT,false,20.168
643,52412416,GET,true,8039.114
644,16384,GET,true,9.915
645,2628,GET,false,6.529
646,1368,GET,true,5.752
647,6720,GET,false,7.544
648,2112,GET,false,6.451
649,294912,GET,false,60.398
650,3000,GET,true,6.181
651,2340,GET,false,10.108
652,65536,GET,false,17.113
653,2804,GET,true,5.989
654,1336,GET,true,6.282
655,2420,GET,false,6.682
656,32768,GET,true,11.006
657,12156,GET,false,7.781
658,147456,GET,true,32.989
659,65536,GET,false,17.996
660,2632,GET,false,6.237
661,2628,GET,true,6.399
662,26443776,GET,true,4060.807
663,13304,GET,false,9.869
664,1507328,GET,true,244.576
665,2840,GET,true,6.107
666,11862016,GET,true,1841.241
667,1982464,GET,false,310.698
668,12284,GET,false,7.92
669,9544,GET,false,7.807
670,2628,GET,true,6.047
671,1584,GET,true,5.626
672,7476,GET,false,6.753
673,12284,GET,false,7.774
674,4524,GET,false,6.732
675,1818624,GET,true,285.88
676,2628,GET,true,6.013
677,2628,GET,false,5.903
678,2832,GET,true,6.074
679,12284,GET,true,8.3
680,12284,GET,true,8.279
681,55967744,GET,false,8600.335
682,1368,GET,false,6.797
683,2420,GET,false,5.587
684,3784,GET,false,6.205
685,47415296,GET,true,7288.593
686,6904,GET,false,12.053
687,12284,GET,false,8.629
688,2628,GET,true,6.051
689,16384,GET,true,8.58
690,2804,GET,false,5.562
691,4960,GET,true,6.43
692,30539776,GET,false,4687.338
693,2144,GET,false,5.858
694,2628,GET,false,6.364
695,1576,PUT,false,29.911
696,2628,GET,false,6.348
697,2628,GET,true,5.41
698,655360,GET,false,120.068
699,1982464,GET,false,310.625
700,2144,GET,false,5.262
701,27688960,GET,true,4264.249
702,655360,GET,false,118.842
703,2628,GET,false,5.592
704,3592,GET,true,6.316
705,30720000,GET,true,4731.195
706,2080768,GET,false,325.796
707,2628,GET,false,6.01
708,51478528,GET,false,7906.151
709,54394880,GET,true,8358.373
710,7476,GET,false,7.07
711,3000,GET,false,5.555
712,2996,GET,false,5.631
713,2628,GET,true,5.362
714,32653312,GET,false,5025.723
715,16384,GET,true,9.306
716,704512,GET,false,130.448
717,2828,GET,false,6.274
718,2628,GET,true,5.282
719,2628,GET,true,5.911
720,704512,GET,false,118.87
721,32653312,GET,false,5014.743
722,2628,GET,true,5.925
723,2420,GET,true,5.61
724,125108224,GET,false,19248.276
725,9576,GET,false,7.939
726,1584,GET,true,5.197
727,1332,GET,false,4.889
728,3856,GET,false,5.957
729,278528,GET,true,55.688
730,2804,GET,true,5.19
731,1420,GET,false,4.441
732,3220,GET,false,5.577
733,278528,GET,true,54.477
734,2628,GET,true,5.097
735,1332,GET,true,5.168
736,9764864,GET,false,1521.507
737,12156,GET,false,7.471
738,16384,GET,true,7.894
739,238272512,GET,true,36534.43
740,3904,GET,true,9.364
741,32768,GET,false,10.933
742,2820,GET,true,5.346
743,671744,PUT,false,261.766
744,1332,GET,true,10.224
745,2097152,GET,true,330.374
746,16384,GET,false,11.045
747,278528,GET,true,57.335
748,2832,GET,true,7.465
749,2056,GET,true,6.806
750,2420,GET,false,6.964
751,2949120,GET,true,462.323
752,2628,GET,false,7.321
753,12284,GET,false,8.951
754,2832,GET,false,6.625
755,2310144,GET,true,362.005
756,65536,GET,true,21.173
757,2832,GET,false,6.491
758,2632,GET,false,6.53
759,4148,GET,true,7.192
760,95682560,GET,true,14667.227
761,2260,GET,true,9.13
762,16384,GET,true,8.834
763,819200,GET,true,147.874
764,6732,GET,true,7.282
765,1900,GET,false,5.966
766,2080768,GET,true,325.474
767,1772,GET,true,6.219
768,1916928,GET,true,657.455
769,12284,GET,false,9.177
770,16384,GET,false,9.271
771,55197696,GET,true,8474.141
772,2628,GET,false,7.528
773,2628,GET,true,6.515
774,1720,GET,true,5.641
775,4964,GET,false,6.933
776,5652480,GET,false,872.386
777,2628,GET,true,6.24
778,2628,GET,false,6.194
779,671744,GET,true,124.994
780,12284,GET,false,7.687
781,2097152,GET,false,327.803
782,49577984,GET,true,7605.319
783,12156,GET,false,9.359
784,14663680,GET,true,2268.656
785,3342336,GET,false,519.697
786,9027584,GET,true,1390.537
787,2412,GET,true,8.979
788,2828,GET,false,6.488
789,2628,GET,false,6.832
790,2310144,GET,true,360.36
791,2832,GET,false,6.078
792,151633920,GET,false,23249.237
793,12156,GET,false,9.447
794,6732,GET,true,6.533
795,1764,GET,false,4.954
796,3784,GET,false,6.468
797,12284,GET,false,7.684
798,6968,GET,true,6.359
799,1336,GET,false,5.569
800,17743872,GET,true,2734.276
801,2628,GET,true,5.84
802,4259840,GET,true,660.087
803,12284,GET,false,8.269
804,2310144,GET,false,359.989
805,4448,GET,true,6.259
806,9338880,GET,false,1456.065
807,9027584,GET,true,1414.835
808,147456,GET,false,33.521
809,2144,GET,true,5.81
810,3904,GET,false,6.503
811,194838528,GET,false,29878.478
812,14920,GET,true,9.898
813,1372,GET,false,5.132
814,2310144,GET,true,360.21
815,2260,GET,true,4.916
816,3932,GET,false,6.018
817,655360,GET,true,121.367
818,1116,GET,true,4.958
819,3680,GET,false,5.38
820,294912,GET,false,58.879
821,9027584,GET,true,1418.683
822,2628,GET,false,5.838
823,2628,GET,true,5.181
824,12156,GET,false,8.006
825,1372,GET,true,4.648
826,10764288,GET,true,1673.854
827,10764288,GET,false,1686.607
828,9576,GET,true,12.235
829,2310144,GET,true,3473.13
830,16187392,GET,true,2510.623
831,3860,GET,false,7.998
832,3784,GET,false,7.0
833,9519104,GET,false,1482.041
834,9544,GET,true,7.763
835,2996,GET,false,5.869
836,54394880,GET,true,8359.957
837,4756,GET,true,7.561
838,2628,GET,true,6.303
839,1832,GET,false,5.198
840,12284,GET,false,8.909
841,147456,GET,false,32.122
842,182452224,GET,false,28539.339
843,51478528,GET,false,8456.205
844,78348288,GET,false,12029.379
845,1368,GET,true,7.571
846,12156,GET,true,8.706
847,2628,GET,false,6.293
848,54394880,PUT,false,17483.811
849,2056,GET,false,6.82
850,1156,GET,false,4.688
851,1900,GET,false,5.2
852,9568256,GET,false,1495.719
853,22675456,GET,true,3502.447
854,2628,GET,true,6.275
855,2628,GET,true,5.893
856,3784,GET,true,5.667
857,2195456,GET,false,388.631
858,14663680,GET,false,2258.1
859,4756,GET,false,6.241
860,819200,GET,true,151.666
861,4284,GET,true,6.446
862,1179648,GET,true,566.942
863,151633920,GET,false,23249.146
864,6716,GET,true,8.924
865,3020,GET,false,6.4
866,35553280,GET,false,5471.499
867,8159232,GET,false,1257.016
868,65536,GET,true,17.77
869,1332,GET,true,4.981
870,3936,GET,true,6.22
871,1900544,GET,false,301.065
872,2996,GET,true,5.501
873,2628,GET,false,5.144
874,1940,GET,true,5.045
875,16384,GET,true,8.756
876,2628,GET,false,5.313
877,1228,GET,false,4.6
878,3680,GET,true,6.191
879,4448,GET,false,8.843
880,2628,GET,true,5.834
881,17743872,GET,true,2731.757
882,1772,GET,true,4.93
883,3342336,GET,false,519.507
884,671744,GET,false,123.718
885,2628,GET,true,5.293
886,10764288,GET,false,1673.99
887,2420,GET,true,5.287
888,2404,GET,true,5.277
889,2220,GET,false,5.296
890,2628,GET,true,4.851
891,1368,GET,false,5.09
892,2097152,GET,true,326.835
893,3936,GET,false,5.73
894,30720000,GET,true,4715.346
895,2628,GET,false,7.226
896,54394880,GET,true,8357.375
897,294912,GET,true,58.469
898,4608,GET,false,6.04
899,5608,GET,false,6.525
900,3652,GET,false,5.942
901,16187392,GET,false,2502.804
902,2310144,GET,true,362.101
903,1772,GET,false,5.351
904,9388032,GET,true,1464.257
905,54394880,GET,true,8358.172
906,3342336,GET,false,519.208
907,1372,GET,false,4.882
908,12284,GET,true,7.361
909,2804,GET,true,5.42
910,2344,GET,false,4.93
911,2996,GET,false,5.393
912,1576,GET,false,4.578
913,16384,GET,false,7.547
914,1360,GET,true,4.329
915,671744,GET,true,125.059
916,1156,GET,true,4.721
917,4284,GET,false,6.042
918,1152,GET,false,4.249
919,1980,GET,false,4.756
920,2260,GET,false,5.399
921,2310144,GET,false,359.457
922,294912,GET,true,54.997
923,2828,GET,false,5.726
924,1164,PUT,false,29.795
925,2844,GET,true,5.457
926,1064960,GET,false,190.926
927,3342336,GET,false,524.125
928,1576,GET,false,5.034
929,819200,GET,false,150.625
930,15548416,GET,false,2399.124
931,3376,GET,false,6.647
932,2628,GET,false,5.324
933,1336,GET,true,4.663
934,2420,GET,true,5.175
935,32768,GET,false,10.924
936,819200,GET,false,145.704
937,1368,GET,false,4.631
938,32768,GET,true,10.733
939,2080768,GET,false,324.933
940,16384,GET,false,7.56
941,2260,GET,false,5.166
942,2832,GET,false,5.27
943,655360,GET,true,121.514
944,9830400,GET,false,1529.425
945,1916928,GET,true,300.112
946,3020,GET,true,5.411
947,1116,GET,true,4.7
948,6524,GET,true,6.262
949,32768,GET,false,11.157
950,1980,GET,false,4.598
951,36601856,GET,true,5617.148
952,54394880,GET,true,8358.719
953,2056,GET,false,5.28
954,12284,GET,false,8.477
955,2060,GET,false,5.774
956,2628,GET,true,5.92
957,1372,GET,true,4.863
958,2628,GET,false,5.433
959,3000,GET,false,5.579
960,3020,GET,true,5.078
961,1982464,GET,true,311.474
962,6716,PUT,false,30.702
963,3000,GET,true,6.148
964,4344,GET,true,6.427
965,14663680,GET,true,2266.148
966,2628,GET,false,6.083
967,3664,GET,true,5.601
968,16384,GET,false,8.304
969,54394880,GET,false,8357.579
970,32768,GET,true,51.538
971,6152,GET,false,7.409
972,132939776,GET,true,20379.832
973,9879552,GET,true,1573.777
974,8536,PUT,false,37.934
975,22102016,GET,false,3966.683
976,2628,GET,false,6.662
977,86900736,GET,true,13335.552
978,10764288,GET,true,1673.305
979,14663680,GET,true,2273.054
980,1760,GET,false,5.732
981,2996,GET,false,7.273
982,2112,GET,false,5.352
983,6728,GET,true,7.854
984,2844,GET,false,5.86
985,2628,GET,false,6.426
986,43368448,GET,true,6668.608
987,2420,GET,false,6.233
988,2420,GET,true,5.793
989,1332,GET,false,5.094
990,655360,GET,false,121.593
991,52920320,GET,true,8114.506
992,16384,GET,false,9.24
993,4524,GET,false,6.392
994,2080768,GET,true,325.72
995,2424,GET,true,6.163
996,16384,GET,false,8.698
997,1152,GET,false,4.33
998,1744,GET,true,5.217
999,2996,GET,true,6.329
1000,1584,GET,false,5.138
1001,2804,GET,false,5.696
1002,294912,GET,false,57.225
1003,2832,GET,true,6.155
1004,19169280,GET,false,2947.37
1005,10190848,GET,true,1584.887
1006,1332,GET,true,5.015
1007,2628,GET,true,6.494
1008,3680,GET,false,6.555
1009,1116,GET,false,5.722
1010,1368,GET,false,4.92
1011,65536,GET,true,17.045
1012,3784,GET,false,6.423
1013,51478528,GET,false,7897.509
1014,2628,GET,true,6.676
1015,117899264,GET,false,18076.528
1016,294912,GET,false,57.503
1017,2628,GET,true,6.394
1018,5232,GET,true,6.065
1019,16384,GET,true,7.7
1020,1916928,GET,false,300.313
1021,1116,GET,false,4.706
1022,655360,GET,true,121.046
1023,2144,GET,true,6.072
1024,2949120,GET,true,457.496
1025,49152,GET,true,14.125
1026,671744,GET,false,124.425
1027,2628,GET,false,4.98
1028,6972,GET,false,5.933
1029,36782080,GET,true,5643.927
1030,1772,GET,false,5.14
1031,16384,GET,false,8.285
1032,14663680,GET,true,2254.819
1033,3884,GET,false,6.01
1034,1152,GET,true,5.457
1035,1152,GET,true,4.825
1036,1116,GET,false,4.44
1037,2056,GET,true,4.871
1038,1656,GET,true,4.813
1039,26443776,GET,false,4056.977
1040,65536,GET,true,17.279
1041,2420,GET,true,5.659
1042,54394880,GET,true,8351.636
1043,2628,GET,true,7.504
1044,9338880,GET,false,1453.711
1045,2344,GET,false,5.869
1046,12284,GET,false,7.695
1047,12156,GET,true,7.092
1048,2097152,GET,true,326.377
1049,2162688,GET,false,337.927
1050,17743872,GET,true,2725.307
1051,2628,GET,true,5.74
1052,1356,GET,false,4.907
1053,2628,GET,true,5.233
1054,68943872,GET,true,10581.323
1055,2060,PUT,false,27.707
1056,52412416,GET,false,8053.91
1057,6772,GET,false,7.391
1058,2828,GET,true,5.715
1059,54394880,GET,true,8361.725
1060,52412416,GET,false,8049.952
1061,16384,GET,false,9.14
1062,12664832,GET,false,1964.944
1063,2604,GET,false,5.783
1064,6720,GET,true,6.738
1065,2949120,GET,true,457.666
1066,2628,GET,true,5.326
1067,2080768,GET,true,324.597
1068,1364,GET,false,5.175
1069,54394880,PUT,false,17108.012
1070,16384,GET,false,9.571
1071,9388032,GET,true,1445.559
1072,3220,GET,false,6.375
1073,1867776,GET,true,292.003
1074,32768,GET,false,11.114
1075,2628,GET,true,7.282
1076,86900736,GET,true,13392.143
1077,1772,GET,false,5.955
1078,65536,PUT,false,36.624
1079,901120,GET,false,165.223
1080,1176,GET,true,5.626
1081,3020,GET,true,5.446
1082,2628,GET,false,5.102
1083,3936,GET,true,6.007
1084,2056,GET,false,6.351
1085,65699840,PUT,false,21002.522
1086,2804,GET,false,6.434
1087,147456,GET,true,31.714
1088,3220,GET,false,5.568
1089,12284,GET,true,8.467
1090,3220,GET,true,5.399
1091,9338880,GET,false,1456.438
1092,1116,GET,false,4.305
1093,1584,GET,true,5.363
1094,16187392,GET,false,2487.193
1095,4960,GET,true,7.297
1096,65536,GET,false,16.95
1097,2310144,GET,true,362.785
1098,3784,GET,false,6.54
1099,2340,GET,false,6.17
1100,65536,GET,true,17.014
1101,67305472,GET,true,10320.697
1102,1368,GET,true,5.986
1103,15548416,GET,true,2390.534
1104,32768,GET,true,11.757
1105,51478528,GET,false,7913.315
1106,30720000,GET,true,4715.164
1107,16384,GET,false,7.732
1108,12284,GET,false,7.294
1109,6912,GET,true,6.636
1110,54394880,GET,false,8339.738
1111,54394880,PUT,false,17103.215
1112,1332,GET,false,5.803
1113,9338880,GET,true,1445.641
1114,2604,GET,true,5.388
1115,9576,GET,true,6.965
1116,655360,GET,false,120.828
1117,9572,GET,false,7.187
1118,16187392,GET,true,2490.572
1119,9027584,GET,false,1398.822
1120,4580,PUT,false,12.383
1121,10764288,GET,false,1675.531
1122,2628,GET,true,5.523
1123,2628,GET,false,5.513
1124,4284,GET,false,7.217
1125,1348,GET,true,4.453
1126,4284,GET,false,5.922
1127,1584,GET,false,5.47
1128,2310144,GET,false,360.146
1129,4284,GET,true,5.905
1130,2310144,GET,true,359.992
1131,2056,GET,true,4.783
1132,3522560,GET,true,546.379
1133,2420,GET,true,5.53
1134,3024,GET,false,5.563
1135,16384,GET,true,7.383
1136,2628,GET,true,5.547
1137,32768,PUT,false,18.181
1138,1116,GET,true,4.919
1139,12284,GET,false,6.694
1140,28229632,GET,false,4330.331
1141,12284,GET,true,7.261
1142,1490944,GET,true,3937.933
1143,7200,PUT,false,157.97
1144,51478528,GET,true,7904.814
1145,7946240,GET,false,1245.921
1146,16384,GET,false,12.467
1147,2628,GET,false,6.563
1148,4088,GET,false,7.38
1149,1040,GET,true,6.329
1150,65536,GET,true,17.549
1151,12156,GET,true,8.338
1152,65880064,GET,false,10117.823
1153,3000,GET,true,7.81
1154,16384,GET,true,9.465
1155,2628,GET,false,6.338
1156,3860,GET,false,6.714
1157,2628,GET,true,6.591
1158,2628,GET,false,6.887
1159,2628,GET,true,6.612
1160,2628,GET,false,6.067
1161,2628,GET,true,7.056
1162,704512,GET,true,131.153
1163,10368,GET,false,8.176
1164,2340,GET,false,6.473
1165,4620,GET,false,6.899
1166,5628,GET,true,7.696
1167,2628,GET,false,5.853
1168,147456,GET,true,32.832
1169,2996,GET,true,6.875
1170,16384,GET,true,10.282
1171,19578880,GET,false,3024.016
1172,2097152,GET,false,328.991
1173,7946240,GET,true,1238.795
1174,294912,GET,false,59.32
1175,6782976,GET,true,1053.787
1176,128532480,GET,true,19701.782
1177,16384,GET,false,10.459
1178,54394880,GET,true,8346.501
1179,2832,GET,false,6.338
1180,2628,GET,false,7.022
1181,12156,GET,false,8.959
1182,4444,GET,true,6.571
1183,2424,GET,true,5.343
1184,32768,GET,false,11.833
1185,16384,GET,false,7.761
1186,655360,GET,false,121.352
1187,16384,GET,true,7.604
1188,10576,GET,true,7.083
1189,2628,GET,true,5.411
1190,2080768,GET,true,324.321
1191,10576,GET,false,8.547
1192,147456,GET,false,31.19
1193,3044,GET,true,5.117
1194,2604,GET,false,5.585
1195,1720,PUT,false,15.612
1196,2628,GET,true,5.24
1197,2310144,GET,true,359.657
1198,16384,GET,false,8.751
1199,2628,GET,false,5.269
1200,16384,GET,true,7.679
1201,2628,GET,true,4.123
1202,32768,GET,false,10.525
1203,1116,GET,false,4.775
1204,2228224,GET,true,348.021
1205,1292,PUT,false,13.891
1206,4833280,GET,true,763.432
1207,14216,GET,true,8.221
1208,10576,GET,true,7.016
1209,32768,GET,true,10.799
1210,20398080,GET,true,3137.919
1211,2628,GET,true,5.425
1212,1772,GET,true,4.917
1213,294912,GET,false,57.175
1214,3220,GET,false,5.666
1215,9388032,GET,false,1462.303
1216,2195456,GET,true,343.251
1217,5232,GET,false,6.043
1218,3048,GET,true,5.709
1219,2628,GET,true,5.162
1220,7368,PUT,false,92.727
1221,7241728,PUT,false,2345.791
1222,901120,GET,false,162.718
1223,2628,GET,true,5.436
1224,4931584,GET,false,771.828
1225,49152,GET,false,14.374
1226,9544,GET,true,7.261
1227,16384,GET,true,9.708
1228,2060,GET,true,6.679
1229,2628,GET,true,5.229
1230,2212,GET,false,5.125
1231,16384,GET,false,8.531
1232,2628,GET,false,5.329
1233,2628,GET,false,5.409
1234,3020,GET,false,6.006
1235,11059200,GET,false,1719.195
1236,2340,GET,true,6.05
1237,671744,PUT,false,215.489
1238,2804,GET,true,5.494
1239,2310144,GET,false,360.196
1240,9576,GET,false,7.3
1241,14663680,GET,true,2268.116
1242,4524,GET,false,7.432
1243,1152,GET,true,4.88
1244,8036,GET,true,6.647
1245,65536,GET,false,16.821
1246,2628,GET,true,5.955
1247,12284,GET,true,7.416
1248,1064960,GET,false,189.618
1249,15548416,GET,false,2388.981
1250,1356,GET,false,5.103
1251,9576,GET,false,6.857
1252,1064960,GET,false,191.85
1253,2310144,GET,false,360.516
1254,11747328,GET,true,1824.721
1255,30720000,GET,true,4736.62
1256,2412,GET,true,12.625
1257,32768,GET,true,11.048
1258,16384,GET,true,8.58
1259,2628,GET,false,5.31
1260,3680,GET,false,5.911
1261,1128,GET,true,4.345
1262,1152,GET,true,4.71
1263,2628,GET,true,4.521
1264,2212,GET,false,5.038
1265,12156,GET,false,6.88
1266,16187392,GET,true,2504.351
1267,2420,GET,true,5.128
1268,12156,GET,false,6.288
1269,2628,GET,true,4.718
1270,2628,GET,false,5.167
1271,54394880,GET,false,8341.394
1272,32768,GET,false,11.242
1273,1507328,GET,true,239.949
1274,2113536,GET,false,329.825
1275,2420,GET,false,5.361
1276,2628,GET,false,4.82
1277,2949120,GET,true,470.259
1278,1772,GET,true,4.629
1279,16384,GET,true,7.934
1280,3784,GET,true,5.49
1281,2628,GET,false,4.452
1282,4960,GET,true,6.187
1283,3342336,GET,false,523.896
1284,6720,GET,false,6.527
1285,884736,GET,true,157.559
1286,2375680,GET,true,369.769
1287,2996,GET,true,4.986
1288,3376,GET,false,5.288
1289,6376,GET,true,6.445
1290,1492,GET,true,4.696
1291,2420,GET,false,4.973
1292,10092,GET,true,6.819
1293,2144,GET,true,4.771
1294,5284,GET,false,6.159
1295,6912,GET,false,6.517
1296,819200,GET,true,146.799
1297,884736,GET,true,162.177
1298,65536,GET,true,16.176
1299,43204608,GET,false,6628.249
1300,2408,GET,true,5.984
1301,819200,GET,false,150.536
1302,4284,GET,true,5.924
1303,1356,GET,true,5.209
1304,2056,GET,false,4.843
1305,655360,GET,true,120.627
1306,55967744,GET,false,8599.402
1307,43368448,GET,false,6672.34
1308,1982464,GET,true,315.107
1309,2620,GET,false,6.319
1310,3000,GET,true,5.891
1311,3652,GET,false,6.589
1312,2344,GET,true,5.96
1313,2628,GET,false,6.2
1314,52412416,GET,true,8038.775
1315,32768,GET,false,12.832
1316,3784,GET,true,6.976
1317,30720000,GET,true,4712.528
1318,2340,GET,false,5.979
1319,9027584,GET,false,1398.524
1320,16384,GET,true,9.239
1321,16187392,GET,true,2488.765
1322,2195456,GET,true,343.971
1323,9576,GET,false,7.832
1324,1156,GET,false,13.43
1325,2628,GET,true,6.94
1326,1336,GET,true,5.306
1327,294912,GET,false,58.105
1328,2344,GET,true,5.656
1329,1772,GET,true,5.802
1330,2628,GET,false,5.97
1331,1128,GET,true,5.508
1332,3220,GET,true,6.944
1333,16384,GET,true,9.584
1334,1584,GET,false,5.435
1335,12284,GET,true,7.766
1336,3020,GET,true,6.385
1337,22331392,GET,true,3430.972
1338,3884,GET,true,8.893
1339,4524,GET,false,7.691
1340,2144,GET,true,6.425
1341,2310144,GET,false,396.967
1342,2620,GET,true,6.352
1343,2628,GET,true,6.205
1344,2080768,GET,false,325.887
1345,54394880,PUT,false,17063.95
1346,1364,GET,true,7.003
1347,32768,GET,true,11.049
1348,49152,GET,false,15.249
1349,2628,GET,true,5.79
1350,2060,GET,false,5.892
1351,2628,GET,false,6.458
1352,16384,GET,true,8.762
1353,16384,GET,true,9.418
1354,2195456,GET,false,343.215
1355,1332,GET,true,6.033
1356,13910016,GET,false,2165.926
1357,9240,GET,false,7.749
1358,4931584,GET,true,763.678
1359,3448,GET,false,8.522
1360,2097152,GET,false,329.804
1361,2344,GET,false,7.772
1362,2828,GET,true,6.208
1363,9338880,GET,true,1454.04
1364,2628,GET,false,6.725
1365,2628,GET,true,6.203
1366,12284,GET,true,7.874
1367,6968,GET,false,7.121
1368,2820,GET,true,6.799
1369,3680,GET,true,6.757
1370,2628,GET,false,6.29
1371,2212,GET,false,5.774
1372,16187392,GET,true,2500.127
1373,9576,GET,true,6.909
1374,3342336,GET,true,519.322
1375,12156,GET,false,7.086
1376,2628,GET,true,5.754
1377,16384,GET,false,8.551
1378,2340,GET,false,5.272
1379,311296,GET,true,61.577
1380,3936,GET,false,6.499
1381,1152,GET,true,4.701
1382,1507328,GET,true,242.976
1383,1584,GET,false,5.391
1384,1372,GET,false,4.964
1385,4341760,GET,true,673.04
1386,1507328,GET,false,243.478
1387,6632,GET,false,6.822
1388,9544,GET,false,7.699
1389,2060,GET,false,5.489
1390,1372,GET,true,5.632
1391,16384,GET,false,8.153
1392,2310144,GET,false,397.276
1393,10156,GET,true,8.298
1394,2344,GET,false,5.537
1395,1900544,GET,false,297.778
1396,16384,GET,true,7.917
1397,1336,GET,false,5.159
1398,2832,GET,true,6.071
1399,655360,GET,true,122.48
1400,2949120,GET,true,458.901
1401,2804,GET,false,6.65
1402,1356,GET,false,5.378
1403,53280768,GET,true,8170.828
1404,2628,GET,false,6.595
1405,1980,GET,false,5.245
1406,9338880,GET,false,1454.536
1407,3376,GET,false,5.545
1408,132939776,GET,false,20394.036
1409,83017728,PUT,false,26853.343
1410,51478528,GET,true,7899.259
1411,12156,GET,false,9.672
1412,2056,GET,false,6.317
1413,16384,GET,true,8.995
1414,49152,GET,false,14.137
1415,1064960,GET,true,191.251
1416,22740992,GET,true,3506.864
1417,9338880,GET,true,1450.173
1418,4734976,GET,true,748.023
1419,2340,GET,false,5.809
1420,30720000,GET,false,4731.738
1421,1128,GET,true,5.552
1422,3440640,GET,true,534.135
1423,2628,GET,false,6.141
1424,3981312,GET,false,616.587
1425,2628,GET,false,6.365
1426,16384,GET,false,8.74
1427,1772,GET,false,5.812
1428,1772,GET,true,5.232
1429,2804,GET,false,6.21
1430,819200,GET,true,150.632
1431,2628,GET,false,5.841
1432,65536,GET,false,17.563
1433,1064960,GET,true,188.884
1434,2828,GET,false,6.039
1435,1368,GET,true,5.201
1436,1772,GET,false,5.367
1437,19791872,GET,false,3040.71
1438,2404,GET,true,6.325
1439,65536,GET,false,17.398
1440,2804,GET,false,6.187
1441,12284,GET,true,7.626
1442,5865472,GET,true,905.737
1443,10764288,GET,true,1670.713
1444,1356,GET,true,5.371
1445,1900544,GET,false,299.414
1446,2832,GET,true,6.861
1447,3024,GET,true,6.575
1448,1368,GET,true,5.218
1449,37994496,GET,false,5830.106
1450,2628,GET,true,7.417
1451,344064,GET,true,66.725
1452,1900544,GET,true,298.681
1453,135217152,GET,false,20730.646
1454,3948,PUT,false,18.154
1455,15076,GET,true,9.123
1456,2628,GET,false,5.979
1457,12156,GET,false,8.313
1458,238272512,GET,true,36531.855
1459,2628,GET,true,7.037
1460,4964352,GET,true,768.928
1461,737280,GET,false,135.903
1462,16384,GET,false,8.549
1463,107757568,GET,true,16519.088
1464,16384,GET,true,9.643
1465,52412416,GET,false,8042.35
1466,65536,GET,true,22.424
1467,1818624,GET,true,286.617
1468,1980,GET,true,7.553
1469,2628,GET,false,6.711
1470,12284,GET,true,8.761
1471,26443776,GET,false,4059.626
1472,32768,GET,false,11.909
1473,1128,GET,true,5.597
1474,1772,GET,false,5.149
1475,2420,GET,false,4.997
1476,27918336,GET,false,4285.462
1477,16384,GET,true,9.22
1478,1128,GET,false,5.675
1479,2112,GET,false,5.969
1480,819200,GET,true,151.101
1481,3784,GET,false,6.067
1482,65536,GET,false,16.748
1483,2628,GET,false,5.248
1484,2628,GET,true,5.465
1485,19578880,GET,true,3025.165
1486,16384,GET,true,8.594
1487,2832,GET,false,5.604
1488,12284,GET,true,7.705
1489,1040,GET,false,4.258
1490,10368,GET,true,7.549
1491,151633920,GET,false,23249.433
1492,819200,GET,true,149.724
1493,87965696,GET,false,13488.02
1494,1982464,GET,false,357.519
1495,3904,GET,false,6.48
1496,327680,GET,false,62.929
1497,16384,GET,true,8.052
1498,22904832,GET,true,3534.779
1499,2804,GET,false,6.104
1500,10088,GET,false,7.61
1501,10088,GET,true,7.158
1502,3522560,GET,true,545.446
1503,1584,GET,true,4.974
1504,3024,GET,true,5.77
1505,9576,GET,true,6.982
1506,2490368,GET,true,387.557
1507,147456,GET,false,31.636
1508,4284,GET,true,5.79
1509,3240,PUT,false,17.296
1510,1916928,GET,false,299.35
1511,1116,GET,false,4.396
1512,54394880,GET,true,8360.026
1513,3020,GET,true,6.279
1514,4524,GET,true,6.151
1515,2144,GET,false,5.615
1516,1916928,GET,false,300.221
1517,12156,GET,false,7.068
1518,26443776,GET,true,4058.11
1519,2628,GET,false,5.531
1520,54394880,GET,false,8358.592
1521,10240000,GET,true,1590.552
1522,86900736,GET,true,13323.668
1523,15548416,GET,true,2407.162
1524,10764288,GET,false,1655.985
1525,9576,GET,false,7.108
1526,2080768,GET,true,323.565
1527,2628,GET,false,5.212
1528,2056,GET,false,5.29
1529,2195456,GET,false,380.846
1530,86900736,GET,false,13337.41
1531,1336,GET,false,5.772
1532,9544,GET,false,7.676
1533,147456,GET,true,31.007
1534,2310144,GET,false,359.961
1535,1896,GET,true,5.329
1536,4960,GET,false,5.919
1537,10088,GET,true,6.351
1538,2604,GET,false,5.138
1539,2260,GET,false,5.19
1540,51478528,GET,false,7892.031
1541,2112,GET,true,6.141
1542,1900544,GET,false,297.853
1543,2628,GET,false,5.305
1544,2628,GET,false,5.222
1545,2404,GET,true,5.04
1546,1372,GET,false,4.398
1547,2628,GET,true,5.165
1548,2056,GET,false,4.965
1549,1368,GET,true,4.766
1550,3784,GET,false,5.479
1551,2344,GET,true,5.342
1552,16187392,GET,false,2556.101
1553,16384,GET,false,8.336
1554,2628,GET,true,5.35
1555,2604,GET,true,5.018
1556,9576,GET,true,6.522
1557,54394880,GET,true,8340.305
1558,54394880,GET,true,8340.054
1559,1156,GET,true,5.925
1560,2804,GET,true,5.261
1561,23822336,PUT,false,7399.014
1562,65699840,GET,false,10075.529
1563,1584,GET,true,5.393
1564,52477952,GET,true,8060.185
1565,2628,GET,false,6.453
1566,32768,GET,false,11.164
1567,12284,GET,false,6.911
1568,1772,GET,false,4.45
1569,10576,GET,false,7.059
1570,10088,GET,false,7.399
1571,819200,GET,false,150.8
1572,2628,GET,true,5.49
1573,2628,GET,false,4.748
1574,12284,GET,false,6.051
1575,12156,GET,true,6.577
1576,2060,GET,false,4.871
1577,2628,GET,false,5.672
1578,655360,GET,false,121.292
1579,22102016,GET,false,3391.358
1580,3376,GET,true,7.338
1581,2628,GET,false,5.118
1582,9519104,GET,true,1466.485
1583,1040,GET,true,4.632
1584,1772,GET,false,4.759
1585,19791872,GET,false,3054.059
1586,1576,GET,true,4.92
1587,225198080,GET,true,34519.758
1588,2832,GET,false,6.156
1589,1982464,GET,true,310.022
1590,9617408,GET,true,1479.501
1591,1064960,GET,true,195.029
1592,9027584,GET,false,1400.923
1593,2832,GET,true,5.635
1594,2604,GET,true,5.018
1595,1128,GET,false,4.4
1596,671744,GET,false,125.054
1597,2344,GET,true,5.052
1598,2628,GET,false,4.5
1599,1372,GET,false,3.86
1600,3648,GET,true,5.735
1601,2172,GET,true,5.241
1602,3376,GET,true,5.338
1603,1772,GET,true,4.422
1604,2628,GET,false,5.013
1605,16384,GET,true,7.288
1606,10088,GET,true,6.679
1607,2949120,GET,false,457.661
1608,1772,GET,true,4.957
1609,2404,GET,true,5.059
1610,6716,PUT,false,15.693
1611,54394880,PUT,false,17419.968
1612,3457024,GET,true,537.723
1613,1332,GET,false,5.632
1614,819200,GET,true,145.812
1615,1152,GET,true,4.641
1616,3652,GET,false,5.378
1617,15548416,GET,false,2398.839
1618,2628,GET,true,5.371
1619,2344,GET,false,5.514
1620,86900736,GET,false,13326.586
1621,3220,GET,true,6.42
1622,2628,GET,false,5.454
1623,10764288,GET,true,1679.593
1624,4524,GET,true,6.372
1625,1900,GET,true,5.039
1626,671744,GET,true,125.184
1627,1980,GET,false,4.91
1628,16384,GET,true,7.126
1629,3162112,PUT,false,978.048
1630,2628,GET,false,5.411
1631,30720000,GET,false,4732.036
1632,2628,GET,false,6.04
1633,12656,GET,true,7.777
1634,16384,GET,true,8.139
1635,16384,GET,false,7.651
1636,6712,GET,true,6.802
1637,1372,GET,true,4.634
1638,3220,GET,false,5.429
1639,3000,GET,true,5.391
1640,294912,GET,true,57.469
1641,2604,GET,true,5.321
1642,1372,GET,false,4.515
1643,2097152,GET,true,326.688
1644,9576,GET,false,7.562
1645,2344,GET,false,5.187
1646,2628,GET,false,4.796
1647,2628,GET,true,5.222
1648,294912,GET,false,56.692
1649,2628,GET,false,5.219
1650,1584,GET,false,4.672
1651,16187392,GET,true,2487.317
1652,3256,GET,true,5.43
1653,6940,GET,false,6.082
1654,10576,GET,false,7.016
1655,78348288,GET,true,12014.063
1656,2604,GET,false,5.681
1657,30720000,GET,true,4713.112
1658,54394880,GET,true,8363.618
1659,4931584,GET,true,774.775
1660,2310144,GET,false,359.8
1661,65536,GET,false,16.523
1662,132939776,GET,false,20377.536
1663,3000,GET,false,6.591
1664,10780672,GET,false,1668.68
1665,1152,GET,true,5.041
1666,1416,GET,false,4.998
1667,2056,GET,false,5.142
1668,12156,GET,false,6.745
1669,2056,GET,true,5.1
1670,2244608,PUT,false,705.801
1671,11500,GET,false,7.359
1672,294912,GET,true,56.826
1673,3376,GET,false,5.632
1674,12284,GET,false,7.122
1675,2080768,GET,true,324.595
1676,16384,GET,true,8.39
1677,2080768,GET,false,324.422
1678,1372,GET,true,4.43
1679,86900736,GET,false,13323.987
1680,54394880,GET,false,8357.425
1681,2490368,GET,false,388.906
1682,2060,GET,false,5.989
1683,2424,GET,true,5.684
1684,2260,GET,false,5.04
1685,2060,GET,false,5.278
1686,655360,GET,false,119.639
1687,3000,GET,true,5.035
1688,1916928,GET,false,298.923
1689,1332,GET,false,4.205
1690,2056,GET,false,4.632
1691,26443776,GET,true,4062.04
1692,10320,GET,true,7.048
1693,9633792,GET,false,1497.588
1694,2949120,GET,true,460.903
1695,2628,GET,true,5.302
1696,1356,GET,true,4.784
1697,43499520,GET,true,6686.825
1698,12284,GET,false,7.266
1699,2310144,GET,false,360.457
1700,2628,GET,true,5.434
1701,2628,GET,true,5.143
1702,16384,GET,false,7.997
1703,43499520,PUT,false,13655.775
1704,2060,GET,false,5.925
1705,16384,GET,true,7.461
1706,2310144,GET,true,361.163
1707,110198784,PUT,false,35610.255
1708,51478528,GET,true,7933.016
1709,6992,PUT,false,20.366
1710,52412416,GET,false,8108.715
1711,1867776,PUT,false,585.655
1712,1146880,GET,false,196.408
1713,1048576,PUT,false,329.526
1714,2628,GET,false,5.552
1715,1720,PUT,false,9.003
1716,14385152,GET,false,2212.032
1717,3100,GET,true,5.331
1718,1356,GET,true,4.587
1719,110198784,GET,false,16893.159
1720,16384,GET,true,8.513
1721,8684,GET,true,6.782
1722,1068,GET,true,4.595
1723,2628,GET,true,5.307
1724,16384,GET,true,6.626
1725,1982464,GET,false,309.717
1726,16384,GET,false,8.383
1727,15368192,GET,true,2361.652
1728,2832,GET,false,5.177
1729,2832,GET,true,5.898
1730,9576,GET,true,6.77
1731,28606464,GET,false,4406.384
1732,147456,GET,true,31.281
1733,2996,GET,true,5.134
1734,2628,GET,true,4.825
1735,16384,GET,true,7.446
1736,7052,GET,true,6.43
1737,2832,GET,false,5.127
1738,2628,GET,false,5.44
1739,23822336,GET,false,3675.479
1740,2310144,GET,false,359.769
1741,3342336,GET,false,517.524
1742,6712,GET,true,6.392
1743,2052,GET,true,4.817
1744,3020,GET,true,4.766
1745,1356,GET,true,4.343
1746,12156,GET,false,6.625
1747,3020,GET,true,5.349
1748,3020,GET,true,5.787
1749,2996,GET,false,5.986
1750,2844,GET,false,5.403
1751,2628,GET,false,4.918
1752,12656,GET,true,6.727
1753,294912,GET,false,57.356
1754,1916928,GET,false,299.811
1755,1368,GET,true,4.88
1756,3680,GET,true,5.17
1757,2388,GET,true,4.767
1758,1152,GET,true,4.505
1759,294912,GET,true,57.053
1760,1867776,GET,true,291.758
1761,2628,GET,false,5.326
1762,20365312,GET,false,3142.898
1763,5236,GET,true,6.215
1764,4148,GET,true,5.928
1765,4524,GET,false,6.028
1766,5184,GET,true,5.912
1767,2804,GET,false,5.101
1768,2195456,GET,true,342.894
1769,3000,GET,false,5.371
1770,3672,GET,true,5.557
1771,6716,GET,false,5.865
1772,15368192,PUT,false,4750.985
1773,7016,GET,true,6.281
1774,3784,GET,true,5.705
1775,2344,GET,true,4.954
1776,19578880,GET,false,3025.3
1777,140279808,GET,false,21506.503
1778,6664,GET,false,6.743
1779,4833280,GET,true,760.932
1780,4576,GET,false,5.734
1781,16384,GET,false,7.455
1782,10368,GET,true,7.095
1783,107757568,GET,false,16523.551
1784,1900544,GET,false,343.638
1785,278528,GET,true,54.392
1786,2844,GET,true,5.009
1787,2628,GET,true,4.557
1788,1584,GET,false,4.185
1789,16384,GET,true,7.578
1790,65536,GET,true,16.213
1791,12284,GET,true,7.01
1792,5688,GET,true,5.592
1793,12284,GET,false,6.826
1794,2340,GET,true,4.854
1795,1576,GET,false,4.682
1796,16187392,GET,false,2486.947
1797,2628,GET,false,5.141
1798,16187392,GET,false,2503.469
1799,12156,GET,true,7.315
1800,12284,GET,true,7.102
1801,3680,GET,true,5.259
1802,2244608,GET,true,349.884
1803,23822336,GET,false,3663.461
1804,4580,GET,false,6.237
1805,65536,GET,true,16.312
1806,2056,PUT,false,10.584
1807,32768,GET,false,9.949
1808,671744,PUT,false,213.46
1809,2604,GET,false,4.725
1810,819200,GET,true,148.173
1811,1332,GET,true,4.438
1812,2628,GET,false,5.195
1813,12284,GET,false,6.914
1814,671744,PUT,false,216.667
1815,2628,GET,true,5.781
1816,2628,GET,false,5.124
1817,4904,GET,true,6.185
1818,32768,GET,false,10.119
1819,2060,PUT,false,10.129
1820,2008,GET,true,5.34
1821,1152,GET,true,4.727
1822,5560,GET,true,6.021
1823,30720000,GET,true,4721.486
1824,16384,GET,true,7.774
1825,1356,GET,false,4.711
1826,2949120,GET,false,466.582
1827,6376,GET,false,6.151
1828,1336,GET,true,4.705
1829,86900736,GET,false,13341.718
1830,2080768,GET,false,345.703
1831,1368,GET,true,8.4
1832,147456,GET,true,38.654
1833,819200,GET,true,152.114
1834,2628,GET,true,8.119
1835,16384,GET,false,9.479
1836,2996,GET,true,6.54
1837,1900544,GET,true,298.658
1838,2195456,GET,true,344.158
1839,9027584,GET,true,1390.38
1840,4960,GET,false,7.053
1841,16384,GET,false,9.105
1842,2628,GET,false,6.471
1843,51478528,GET,false,7913.971
1844,3652,PUT,false,17.184
1845,1156,GET,false,5.526
1846,3342336,GET,false,522.22
1847,2628,GET,false,7.448
1848,2260,GET,false,6.18
1849,147456,GET,true,33.37
1850,83247104,GET,true,12766.816
1851,1116,GET,true,7.907
1852,51478528,GET,true,7895.224
1853,65536,GET,false,20.68
1854,2628,GET,true,6.787
1855,30720000,GET,true,4722.511
1856,1584,GET,true,6.656
1857,32768,GET,true,11.278
1858,1064960,GET,true,193.246
1859,1900544,GET,true,343.864
1860,294912,GET,true,57.913
1861,2256,GET,true,6.022
1862,5160960,GET,true,796.9
1863,17121280,GET,true,2643.253
1864,3196,GET,true,7.001
1865,2056,GET,true,5.78
1866,132939776,PUT,false,42987.745
1867,54394880,GET,false,8358.549
1868,26443776,GET,true,4061.888
1869,15548416,GET,true,2388.464
1870,16384,GET,false,7.855
1871,1966080,GET,false,308.607
1872,26443776,GET,true,4059.385
1873,2628,GET,false,5.708
1874,2420,GET,false,5.262
1875,16384,GET,true,8.753
1876,1128,GET,false,5.053
1877,3652,GET,false,6.168
1878,1156,GET,true,4.718
1879,4284,GET,true,5.986
1880,819200,GET,true,151.924
1881,1982464,GET,true,310.166
1882,1796,GET,true,5.459
1883,2628,GET,false,5.337
1884,2056,GET,true,5.472
1885,21954560,GET,false,3371.921
1886,51478528,GET,true,7896.724
1887,4960,GET,true,6.819
1888,1507328,GET,true,243.148
1889,9175040,GET,false,1431.24
1890,2628,GET,true,5.96
1891,2604,GET,true,5.563
1892,1772,GET,true,4.625
1893,2628,GET,false,6.045
1894,1236,GET,true,4.516
1895,1900,GET,true,5.463
1896,1772,GET,true,4.788
1897,1372,GET,true,5.043
1898,2097152,GET,true,328.423
1899,3522560,GET,true,547.194
1900,3220,GET,false,5.943
1901,2628,GET,true,5.922
1902,147456,GET,false,31.81
1903,16187392,GET,false,2503.633
1904,13598720,GET,false,2131.405
1905,2628,GET,false,5.793
1906,86900736,GET,false,13340.061
1907,3020,GET,false,7.109
1908,819200,GET,false,150.498
1909,2310144,GET,true,359.773
1910,3020,GET,false,5.723
1911,671744,GET,false,125.979
1912,1772,GET,false,5.188
1913,170737664,GET,true,26182.775
1914,1356,GET,false,6.314
1915,16384,GET,true,8.099
1916,2056,GET,true,5.11
1917,2080768,GET,true,325.366
1918,294912,GET,false,59.099
1919,2628,GET,true,5.509
1920,38174720,GET,false,5857.351
1921,1356,GET,false,4.658
1922,9338880,GET,false,1455.049
1923,1336,GET,true,4.822
1924,52412416,GET,false,8056.455
1925,2195456,GET,true,344.643
1926,86900736,GET,false,13323.451
1927,2404,GET,false,6.584
1928,1156,GET,false,5.222
1929,2056,GET,false,4.695
1930,12156,GET,true,7.37
1931,4960,GET,false,5.483
1932,6680,GET,false,6.304
1933,2244608,GET,false,350.679
1934,10688,GET,true,6.763
1935,2628,GET,true,5.23
1936,1156,GET,false,4.305
1937,236584960,GET,false,36261.209
1938,7476,GET,false,7.755
1939,9240,GET,false,7.238
1940,1116,GET,true,4.372
1941,8636,GET,true,6.669
1942,51478528,GET,true,7894.168
1943,6924,GET,false,6.876
1944,86900736,GET,false,13322.476
1945,5476,GET,true,6.6
1946,36601856,GET,true,5619.384
1947,14663680,GET,false,2268.928
1948,49152,GET,false,14.405
1949,26443776,GET,true,4059.585
1950,12156,GET,false,7.091
1951,89079808,GET,true,13671.592
1952,2260,GET,false,5.491
1953,3936,GET,false,5.715
1954,6712,GET,true,6.291
1955,16384,GET,true,8.005
1956,65536,GET,false,18.066
1957,3784,GET,false,6.357
1958,2112,GET,true,4.871
1959,1982464,GET,false,354.992
1960,16384,GET,true,8.28
1961,3522560,GET,false,545.921
1962,1152,GET,false,4.325
1963,12156,GET,true,6.727
1964,3244032,GET,true,503.817
1965,2844,GET,false,5.18
1966,9576,GET,true,6.783
1967,4372,GET,true,6.318
1968,16384,GET,true,7.295
1969,2310144,GET,false,359.059
1970,3376,GET,false,5.285
1971,1116,GET,false,4.47
1972,9338880,GET,false,1452.439
1973,3325952,GET,false,515.439
1974,2828,GET,true,5.573
1975,671744,GET,true,123.726
1976,2628,GET,true,4.782
1977,10764288,GET,false,1672.748
1978,3048,GET,true,5.853
1979,86900736,GET,true,13322.41
1980,2628,GET,false,5.843
1981,16384,GET,false,8.981
1982,107757568,GET,true,16531.256
1983,737280,GET,false,136.542
1984,14663680,GET,true,2255.957
1985,1128,GET,true,5.012
1986,357482496,GET,true,54860.312
1987,6728,PUT,false,17.054
1988,1048576,GET,false,192.728
1989,2480,GET,true,5.997
1990,16580608,GET,false,2545.345
1991,1988,GET,false,4.99
1992,117899264,GET,false,18086.141
1993,2628,GET,false,7.228
1994,28557312,PUT,false,9030.916
1995,2420,GET,true,6.516
1996,4496,PUT,false,12.072
1997,1576,GET,false,4.612
1998,2628,GET,false,5.18
1999,2212,GET,true,5.616
2000,12284,GET,false,7.164
2001,1152,GET,false,4.283
2002,2628,GET,false,5.213
2003,2420,GET,false,5.196
2004,12156,GET,false,7.581
2005,12284,GET,true,7.468
2006,2490368,GET,false,388.838
2007,17743872,GET,true,2725.421
2008,15080,GET,true,8.292
2009,1336,GET,false,5.45
2010,12284,GET,false,7.217
2011,1916928,GET,false,299.875
2012,9338880,GET,false,1455.43
2013,3020,GET,false,5.42
2014,278528,GET,false,54.518
2015,1804,PUT,false,10.809
2016,16384,GET,true,7.686
2017,294912,GET,true,56.579
2018,2628,GET,true,5.345
2019,12284,GET,false,7.093
2020,9060,PUT,false,11.717
2021,15076,GET,true,7.595
2022,1040,GET,false,4.387
2023,4496,GET,true,6.816
2024,12517376,GET,false,1941.351
2025,2628,GET,true,5.798
2026,87965696,PUT,false,28372.674
2027,1988,GET,true,8.713
2028,16384,GET,true,9.175
2029,10368,GET,true,7.412
2030,2628,GET,true,5.36
2031,1982464,GET,true,309.415
2032,2628,GET,false,5.593
2033,2628,GET,true,5.377
2034,2056,GET,false,4.809
2035,16384,GET,false,8.516
2036,2832,GET,false,5.544
2037,12284,GET,false,7.518
2038,2628,GET,false,5.584
2039,3220,GET,false,6.121
2040,3522560,GET,false,562.238
2041,1988,GET,true,5.956
2042,2832,GET,false,4.934
2043,16384,GET,false,6.783
2044,10698752,GET,true,1662.022
2045,278528,GET,false,55.259
2046,2420,GET,false,5.523
2047,2097152,GET,true,327.142
2048,2404,GET,true,5.495
2049,8142848,GET,true,1280.693
2050,121733120,GET,false,18659.348
2051,1982464,GET,true,312.865
2052,3522560,GET,true,545.718
2053,1980,GET,false,4.948
2054,2195456,GET,false,379.9
2055,9879552,GET,true,1521.176
2056,1780,GET,false,5.748
2057,2216,GET,false,7.795
2058,2628,GET,true,5.724
2059,8004,GET,false,7.066
2060,2832,PUT,false,11.265
2061,2628,GET,true,6.14
2062,86900736,GET,false,13338.702
2063,6708,PUT,false,12.167
2064,1128,GET,true,5.217
2065,1622016,GET,true,257.155
2066,12156,GET,true,7.526
2067,2184,GET,false,5.581
2068,1336,GET,false,5.12
2069,12284,GET,true,7.341
2070,12284,GET,false,6.694
2071,2628,GET,false,5.503
2072,4068,GET,false,6.057
2073,1332,GET,true,5.165
2074,8636,GET,false,6.744
2075,43499520,GET,false,6673.412
2076,4372,GET,true,6.956
2077,6616,GET,true,6.735
2078,3376,GET,true,5.867
2079,2056,GET,true,4.767
2080,1368,GET,false,4.609
2081,3342336,GET,true,519.213
2082,86900736,GET,false,13340.236
2083,16384,GET,false,8.502
2084,21872640,GET,false,3372.849
2085,1604,GET,false,4.808
2086,344064,GET,true,65.695
2087,1116,GET,true,4.86
2088,10576,GET,false,6.427
2089,2628,GET,true,4.688
2090,2310144,GET,true,360.117
2091,1584,GET,true,4.583
2092,65536,GET,true,16.103
2093,2310144,GET,true,360.736
2094,1932,GET,true,4.554
2095,55967744,GET,true,8591.488
2096,1336,GET,false,5.509
2097,32768,GET,false,11.052
2098,16384,GET,false,7.469
2099,16580608,GET,true,2545.737
2100,1980,GET,false,5.364
2101,12156,GET,true,7.007
2102,3000,GET,false,5.551
2103,1336,GET,true,4.932
2104,1900,GET,true,4.926
2105,1982464,GET,true,309.857
2106,5560,GET,true,6.705
2107,5560,GET,true,6.45
2108,12284,GET,true,7.161
2109,819200,GET,true,151.545
2110,1156,GET,true,4.57
2111,2628,GET,false,4.745
2112,54394880,GET,true,8358.854
2113,1424,GET,true,5.077
2114,2420,GET,false,5.2
2115,2628,GET,false,5.177
2116,2340,GET,true,5.203
2117,9544,GET,true,7.249
2118,819200,GET,false,150.335
2119,2412,GET,false,4.643
2120,16384,GET,true,7.987
2121,12156,GET,true,6.938
2122,54394880,GET,true,8356.501
2123,3664,PUT,false,12.214
2124,12156,GET,true,7.478
2125,12156,GET,true,6.898
2126,3020,GET,true,4.839
2127,3860,GET,false,5.701
2128,6788,GET,false,6.82
2129,11059200,GET,true,1717.913
2130,12284,GET,false,8.098
2131,9576,GET,false,6.94
2132,2260,GET,false,4.987
2133,12284,GET,false,7.378
2134,3342336,GET,true,519.23
2135,2420,GET,true,4.916
2136,6720,GET,true,6.128
2137,2112,GET,false,4.873
2138,671744,PUT,false,213.995
2139,4960,GET,true,5.874
2140,2344,GET,true,5.063
2141,2844,GET,false,5.455
2142,4148,PUT,false,10.521
2143,2060,GET,true,5.302
2144,1966080,GET,false,307.27
2145,819200,GET,false,151.405
2146,2628,GET,false,5.014
2147,2628,GET,false,4.535
2148,16384,PUT,false,13.637
2149,2420,GET,false,4.655
2150,5236,GET,true,5.643
2151,1368,GET,false,4.456
2152,2228224,GET,true,346.489
2153,2244608,GET,false,349.414
2154,15548416,GET,true,2405.829
2155,54394880,GET,false,8340.755
2156,1356,GET,false,4.716
2157,3196,GET,false,5.361
2158,1152,GET,false,4.493
2159,16384,GET,true,7.874
2160,7476,GET,true,6.542
2161,6920,GET,false,6.26
2162,3342336,GET,false,518.377
2163,9027584,GET,false,1396.353
2164,16384,GET,false,8.234
2165,12156,GET,true,6.742
2166,2628,GET,true,5.381
2167,2628,GET,true,4.72
2168,2310144,GET,true,359.752
2169,2056,GET,false,5.222
2170,16384,GET,true,7.734
2171,2080768,GET,false,324.205
2172,12284,GET,true,6.899
2173,42483712,GET,true,6530.786
2174,1980,GET,false,4.649
2175,15548416,GET,true,2406.881
2176,54394880,GET,true,8343.56
2177,9576,GET,false,7.129
2178,1152,GET,false,4.614
2179,2060,PUT,false,10.283
2180,3000,GET,true,5.393
2181,2804,GET,true,5.166
2182,2804,GET,true,4.698
2183,16384,GET,true,7.635
2184,4284,GET,true,5.54
2185,2628,GET,true,5.313
2186,2424,GET,true,5.474
2187,2112,GET,true,4.674
2188,9027584,GET,true,1404.781
2189,1584,GET,false,4.777
2190,11500,GET,true,7.101
2191,655360,GET,true,120.238
2192,2996,GET,false,4.881
2193,3376,GET,false,5.132
2194,2195456,GET,false,342.142
2195,3452,GET,true,5.586
2196,2828,GET,false,5.556
2197,11976704,GET,false,1858.245
2198,2840,GET,true,5.251
2199,147456,GET,true,30.548
2200,3000,GET,false,4.938
2201,2420,GET,false,4.771
2202,8388608,GET,false,1307.443
2203,54394880,GET,true,8337.311
2204,2112,GET,true,5.163
2205,6728,GET,true,6.753
2206,9544,GET,true,5.953
2207,4284,GET,true,5.427
2208,54394880,GET,false,8357.224
2209,3936,GET,false,5.872
2210,2828,GET,false,5.395
2211,9240576,GET,false,1420.984
2212,2172,GET,false,5.551
2213,1356,GET,true,4.218
2214,16384,GET,false,7.043
2215,2628,GET,true,5.153
2216,1332,GET,false,4.397
2217,1818624,GET,false,285.274
2218,851968,GET,false,154.888
2219,4524,GET,true,6.038
2220,1336,GET,false,4.181
2221,12156,GET,false,6.598
2222,1900544,GET,false,297.701
2223,147456,GET,true,32.267
2224,17743872,GET,false,2742.179
2225,86900736,GET,false,13337.7
2226,819200,GET,false,148.896
2227,2832,GET,true,5.35
2228,2144,GET,false,5.339
2229,1982464,GET,false,310.072
2230,52412416,GET,true,8052.141
2231,2628,GET,false,5.863
2232,2628,GET,true,5.249
2233,1576,GET,false,4.695
2234,9576,GET,true,6.597
2235,1576,GET,true,4.958
2236,11500,GET,false,6.83
2237,2310144,GET,false,359.694
2238,2310144,GET,false,360.771
2239,4960,GET,false,5.67
2240,2212,GET,true,5.419
2241,2420,GET,false,4.682
2242,1343488,GET,true,220.265
2243,2628,GET,false,4.982
2244,2628,GET,true,4.632
2245,7476,GET,true,5.964
2246,4960,GET,true,5.728
2247,12284,GET,false,6.358
2248,1376256,GET,true,248.922
2249,51478528,GET,true,7893.546
2250,1156,GET,true,4.937
2251,9544,GET,false,7.185
2252,294912,GET,true,57.712
2253,2828,GET,true,5.127
2254,12284,GET,true,7.508
2255,7852,GET,false,6.352
2256,1772,GET,false,4.747
2257,7508,GET,false,6.339
2258,9338880,GET,true,1450.341
2259,14663680,GET,false,2271.077
2260,2412,GET,true,5.821
2261,2112,GET,true,5.41
2262,16384,GET,true,7.253
2263,2404,GET,true,4.693
2264,65536,GET,false,16.33
2265,2628,GET,true,5.338
2266,1156,GET,true,4.073
2267,12996,GET,false,7.287
2268,52412416,GET,false,8036.397
2269,2628,GET,false,5.346
2270,6972,PUT,false,11.825
2271,22102016,PUT,false,6880.06
2272,2628,GET,true,5.773
2273,6972,GET,false,6.117
2274,7260,GET,false,6.252
2275,12284,GET,false,6.751
2276,12284,GET,true,6.238
2277,4588,GET,true,6.084
2278,12284,GET,false,6.273
2279,6062080,GET,false,954.792
2280,12156,GET,false,7.355
2281,3020,GET,false,5.436
2282,2628,GET,true,5.093
2283,1584,GET,false,4.704
2284,3220,GET,true,5.156
2285,15548416,GET,true,2405.244
2286,2604,GET,false,5.105
2287,6912,GET,true,6.362
2288,5160,GET,false,8.812
2289,819200,GET,false,148.651
2290,819200,GET,false,137.085
2291,1372,GET,false,4.561
2292,1372,GET,false,4.641
2293,458752,GET,false,87.292
2294,1656,GET,true,4.58
2295,54394880,PUT,false,17043.754
2296,5960,GET,false,6.697
2297,51478528,GET,false,7894.647
2298,2628,GET,false,6.143
2299,2112,GET,false,4.803
2300,16384,GET,false,7.767
2301,1152,GET,false,4.378
2302,4284,GET,false,5.532
2303,7476,GET,true,6.443
2304,2260,GET,true,4.761
2305,1048576,PUT,false,329.807
2306,1760,GET,true,5.026
2307,2628,GET,true,5.149
2308,65536,GET,true,16.37
2309,65536,GET,true,16.115
2310,86900736,GET,false,13337.388
2311,2080768,GET,true,324.737
2312,294912,GET,false,56.382
2313,147456,GET,false,31.864
2314,30720000,GET,false,4727.742
2315,51478528,GET,true,7894.076
2316,2628,GET,false,5.553
2317,2310144,GET,false,360.801
2318,4960,GET,false,6.432
2319,86900736,GET,false,13335.944
2320,2628,GET,true,6.361
2321,12284,GET,false,7.606
2322,65536,GET,true,16.18
2323,4960,GET,false,6.225
2324,1048576,GET,true,190.065
2325,2628,GET,true,5.692
2326,1368,GET,false,4.224
2327,2844,GET,true,4.827
2328,6644,GET,false,6.314
2329,2628,GET,true,4.926
2330,12284,GET,false,7.884
2331,32768,GET,true,9.818
2332,2628,GET,false,4.975
2333,2144,GET,true,4.542
2334,12156,GET,true,6.141
2335,1916928,GET,true,299.237
2336,12656,GET,false,7.463
2337,5560,GET,true,6.616
2338,86900736,GET,true,13388.245
2339,2056,GET,true,5.324
2340,3856,GET,true,5.703
2341,27688960,GET,false,4268.771
2342,2056,GET,true,5.428
2343,1760,GET,false,5.037
2344,2628,GET,false,5.414
2345,671744,PUT,false,215.168
2346,3784,GET,true,5.814
2347,2628,GET,true,5.094
2348,32768,GET,false,10.694
2349,1156,GET,true,4.066
2350,7844,GET,false,5.816
2351,84459520,GET,false,12964.077
2352,14920,GET,false,8.277
2353,12156,GET,false,6.787
2354,40943616,GET,false,6289.5
2355,4756,GET,true,6.673
2356,26443776,GET,true,4126.161
2357,2804,GET,true,5.167
2358,3000,GET,false,5.247
2359,51478528,GET,false,7914.648
2360,2628,GET,true,5.241
2361,342114304,GET,true,52440.331
2362,7440,GET,false,17.526
2363,2628,GET,true,6.695
2364,704512,GET,true,132.062
2365,2420,GET,true,6.759
2366,1228,GET,false,6.451
2367,3444,GET,true,6.586
2368,1152,GET,true,5.688
2369,1048576,PUT,false,332.729
2370,737280,GET,false,135.759
2371,3784,GET,true,6.634
2372,10272768,GET,true,1584.344
2373,6820,GET,false,10.442
2374,10272768,GET,false,1598.361
2375,3860,GET,false,7.752
2376,278528,GET,true,55.527
2377,16384,GET,true,8.725
2378,10272768,GET,false,1581.701
2379,2236,GET,false,6.019
2380,671744,GET,false,125.117
2381,819200,GET,false,151.231
2382,2628,GET,false,6.148
2383,704512,GET,true,130.263
2384,10368,GET,false,8.221
2385,2628,GET,true,6.082
2386,4964352,GET,false,767.358
2387,163840,GET,false,35.561
2388,10088,GET,false,7.778
2389,2560,GET,true,14.227
2390,16384,GET,false,10.147
2391,12156,GET,true,8.364
2392,32653312,GET,true,5011.333
2393,32653312,GET,false,5028.002
2394,2628,GET,false,6.833
2395,49577984,GET,false,7621.595
2396,2628,GET,true,6.828
2397,2060,GET,false,5.748
2398,32653312,GET,true,5007.806
2399,2628,GET,false,6.926
2400,2828,GET,true,5.615
2401,1356,GET,false,4.899
2402,1360,GET,true,4.947
2403,448905216,GET,true,68814.853
2404,1048576,PUT,false,336.797
2405,2628,GET,false,6.426
2406,65699840,GET,true,10089.961
2407,238272512,GET,true,36536.199
2408,49152,GET,true,15.06
2409,94404608,GET,false,14478.7
2410,3228,GET,false,7.373
2411,1524,GET,false,4.875
2412,27688960,GET,true,4262.232
2413,1064960,GET,false,192.949
2414,15076,GET,false,7.823
2415,15076,GET,false,6.552
2416,1040,GET,true,4.142
2417,4088,GET,false,5.833
2418,2484,GET,true,8.652
2419,1336,GET,false,4.602
2420,720896,GET,false,131.591
2421,12284,GET,false,7.742
2422,10088,GET,true,6.904
2423,4620,GET,true,5.757
2424,4964352,GET,false,768.755
2425,1064,GET,false,6.099
2426,8476,GET,true,6.997
2427,16384,GET,false,8.27
2428,4588,GET,false,5.792
2429,10272768,GET,true,1598.449
2430,7440,GET,false,7.195
2431,10272768,GET,true,1584.979
2432,6032,GET,false,6.093
2433,16384,GET,false,7.937
2434,6160384,GET,true,962.805
2435,6664,GET,true,6.257
2436,16384,GET,true,8.015
2437,7368,GET,true,6.354
2438,1356,GET,true,4.321
2439,671744,GET,false,123.818
2440,2628,GET,true,5.642
2441,1980,GET,false,4.768
2442,49152,GET,false,13.956
2443,3020,GET,false,5.627
2444,2628,GET,true,5.371
2445,15076,GET,true,7.509
2446,3784,GET,false,5.429
2447,3342336,GET,true,518.119
2448,2804,GET,false,5.573
2449,1584,GET,false,4.388
2450,2260,GET,false,5.515
2451,1336,GET,false,3.629
2452,14663680,GET,true,2272.009
2453,16187392,GET,false,2503.375
2454,2628,GET,true,5.432
2455,12284,GET,true,7.095
2456,3024,GET,true,5.695
2457,12284,GET,false,7.354
2458,10576,GET,false,7.262
2459,2628,GET,false,5.319
2460,2490368,GET,true,388.477
2461,1128,GET,true,4.8
2462,5144576,GET,false,807.131
2463,2260,GET,false,5.043
2464,2097152,GET,false,326.733
2465,1916928,GET,true,300.74
2466,1982464,GET,true,310.042
2467,2628,GET,true,4.746
2468,1916928,GET,true,298.963
2469,54394880,GET,false,8349.824
2470,30720000,GET,false,4716.161
2471,671744,GET,true,126.003
2472,1368,GET,false,5.149
2473,1152,GET,false,4.469
2474,2628,GET,false,5.276
2475,2490368,GET,false,387.679
2476,54394880,GET,false,8338.392
2477,2628,GET,false,5.843
2478,2628,GET,false,5.221
2479,5160960,GET,false,810.478
2480,10764288,GET,false,1675.605
2481,6716,GET,true,7.13
2482,26443776,GET,true,4056.671
2483,8536,GET,false,6.622
2484,2420,GET,false,5.067
2485,655360,GET,false,119.821
2486,22052864,GET,true,3451.841
2487,26443776,GET,false,4068.805
2488,114688,GET,true,26.413
2489,2628,GET,false,6.629
2490,17743872,GET,true,2725.853
2491,2620,GET,false,6.229
2492,8780,GET,true,6.598
2493,16384,GET,true,8.537
2494,5996544,GET,false,924.742
2495,2620,GET,false,5.975
2496,42680320,GET,true,6566.671
2497,2056,PUT,false,14.965
2498,2220,GET,false,5.775
2499,30720000,GET,false,4729.113
2500,4524,GET,false,6.888
2501,2056,PUT,false,12.197
2502,1716,PUT,false,11.14
2503,8476,GET,true,6.589
2504,1048576,PUT,false,329.558
2505,3948,PUT,false,12.19
2506,238272512,GET,false,36603.911
2507,86900736,GET,true,13324.74
2508,2628,GET,false,6.434
2509,32768,GET,false,10.965
2510,12284,GET,true,6.996
2511,2816,GET,true,5.073
2512,1792,GET,false,5.048
2513,10368,GET,true,6.809
2514,3342336,GET,false,523.968
2515,9388032,GET,false,1456.643
2516,7052,GET,true,6.873
2517,2628,GET,true,4.807
2518,4088,GET,false,5.751
2519,12284,GET,false,7.432
2520,12156,GET,false,7.423
2521,3522560,GET,false,546.17
2522,4524,GET,false,5.643
2523,2112,GET,true,4.546
2524,65699840,GET,true,10080.735
2525,1336,GET,true,6.727
2526,65880064,GET,false,10110.874
2527,3408,GET,true,7.055
2528,7476,GET,false,6.601
2529,1332,GET,true,4.525
2530,704512,GET,false,130.649
2531,15076,GET,false,7.445
2532,11500,GET,true,7.138
2533,4088,GET,true,5.581
2534,2628,GET,false,4.988
2535,5996,GET,false,5.711
2536,1464,GET,true,4.639
2537,8476,GET,false,6.938
2538,2260,GET,false,5.523
2539,12284,GET,false,7.372
2540,9544,GET,false,6.552
2541,4960,GET,true,6.929
2542,447889408,GET,true,68717.176
2543,1064960,GET,true,193.047
2544,4524,GET,true,6.514
2545,10576,GET,false,7.817
2546,6716,GET,true,6.912
2547,2310144,GET,false,360.362
2548,851968,GET,true,155.175
2549,65536,GET,true,16.267
2550,4580,GET,false,5.934
2551,2628,GET,true,5.48
2552,2628,GET,true,4.105
2553,16384,GET,true,8.536
2554,3444,GET,true,6.284
2555,32768,GET,true,11.396
2556,3162112,GET,false,490.205
2557,1064960,GET,false,191.385
2558,2420,GET,true,5.349
2559,14216,GET,true,7.098
2560,16384,GET,false,7.775
2561,2216,GET,false,5.544
2562,2628,GET,true,5.878
2563,3936,GET,false,5.698
2564,65536,GET,false,17.292
2565,2628,GET,true,5.23
2566,2310144,GET,false,361.28
2567,16384,GET,false,8.949
2568,2628,GET,true,5.672
2569,357416960,GET,true,54794.048
2570,3376,GET,true,7.491
2571,26443776,GET,false,4059.928
2572,2628,GET,true,6.481
2573,86900736,GET,false,13338.803
2574,2420,GET,true,6.777
2575,671744,GET,false,122.941
2576,2628,GET,true,4.66
2577,12284,GET,false,7.401
2578,12156,GET,false,7.232
2579,1900544,GET,true,298.125
2580,54394880,GET,false,8360.901
2581,88801280,GET,false,13628.926
2582,2310144,GET,true,361.373
2583,2604,GET,false,5.038
2584,12156,GET,false,7.156
2585,1441792,GET,false,234.523
2586,238272512,GET,false,36588.592
2587,9544,GET,false,8.647
2588,357482496,GET,false,54795.431
2589,7684096,GET,false,1202.239
2590,2628,GET,true,5.322
2591,3408,GET,false,5.85
2592,52412416,GET,false,8039.294
2593,9576,GET,true,9.302
2594,10576,GET,false,7.451
2595,2060,GET,false,4.893
2596,9576,GET,false,6.793
2597,3344,GET,true,5.123
2598,11059200,GET,false,1718.218
2599,2828,GET,true,5.916
2600,4524,GET,true,5.851
2601,819200,GET,false,147.79
2602,1788,GET,true,5.416
2603,20840448,GET,false,3214.043
2604,1368,GET,false,5.227
2605,327680,GET,false,63.954
2606,294912,GET,true,56.529
2607,2404,GET,false,5.084
2608,163840,GET,true,33.717
2609,6784,PUT,false,20.188
2610,1356,GET,false,5.163
2611,3220,GET,false,5.73
2612,12284,GET,false,7.287
2613,11108,GET,false,7.176
2614,13598720,GET,false,2105.925
2615,28442624,GET,true,4374.361
2616,10764288,GET,false,1674.171
2617,1368,GET,true,5.489
2618,2628,GET,true,5.658
2619,2632,GET,true,5.57
2620,1336,GET,false,5.363
2621,2490368,GET,true,388.112
2622,4448,GET,true,7.213
2623,9519104,PUT,false,2943.688
2624,344064,GET,true,68.262
2625,2628,GET,false,6.723
2626,3632,GET,false,6.993
2627,25116672,GET,true,3862.637
2628,2310144,GET,true,360.465
2629,2060,GET,true,6.193
2630,12156,GET,false,7.522
2631,1900544,GET,false,298.641
2632,41828352,GET,true,6435.265
2633,51478528,GET,false,7915.197
2634,13598720,GET,false,2096.63
2635,13123584,GET,true,2026.5
2636,4524,GET,true,7.226
2637,1916928,GET,true,301.363
2638,17743872,GET,false,2741.007
2639,2628,GET,false,5.616
2640,13836,GET,true,7.906
2641,1152,GET,true,4.97
2642,10576,GET,false,7.215
2643,671744,GET,false,124.253
2644,1336,GET,false,5.777
2645,2404,GET,true,5.263
2646,32768,GET,true,11.426
2647,12156,GET,false,7.623
2648,2375680,GET,false,371.135
2649,65536,GET,true,17.408
2650,2056,PUT,false,11.901
2651,2310144,GET,false,361.273
2652,2628,GET,false,5.992
2653,16384,GET,true,9.28
2654,13192,GET,true,8.18
2655,1376256,GET,false,224.597
2656,2604,GET,false,6.38
2657,2628,GET,true,5.939
2658,1372,GET,true,5.769
2659,6792,GET,false,7.159
2660,1332,GET,false,5.315
2661,2420,GET,true,6.511
2662,3376,GET,true,6.429
2663,11059200,PUT,false,3409.365
2664,2310144,GET,true,360.216
2665,10576,GET,false,7.503
2666,2080768,GET,true,325.08
2667,54394880,GET,true,8341.691
2668,10469376,GET,false,1629.862
2669,1116,GET,false,5.038
2670,65536,GET,true,16.607
2671,19791872,GET,true,3052.5
2672,17924096,GET,true,2754.451
2673,16384,GET,true,8.064
2674,9576,GET,false,7.078
2675,3020,GET,true,5.128
2676,2628,GET,true,4.862
2677,12284,GET,true,7.655
2678,83017728,GET,true,12724.428
2679,30720000,GET,false,4714.803
2680,3024,GET,true,6.143
2681,52412416,GET,false,8051.07
2682,851968,GET,false,155.507
2683,11059200,GET,true,1717.521
2684,16187392,GET,false,2484.971
2685,32768,GET,true,11.611
2686,3000,GET,false,5.043
2687,1128,GET,true,4.51
2688,13192,GET,true,7.841
2689,2832,PUT,false,11.746
2690,10408,PUT,false,12.689
2691,3020,GET,false,5.111
2692,2628,GET,false,5.283
2693,2628,GET,true,5.669
2694,52412416,GET,false,8045.298
2695,12284,GET,true,8.466
2696,32768,GET,false,10.831
2697,12284,GET,false,7.232
2698,1980,GET,true,5.221
2699,3000,GET,false,5.136
2700,12284,GET,false,7.039
2701,2628,GET,false,4.835
2702,1152,GET,false,4.328
2703,54394880,GET,true,8357.511
2704,55967744,GET,true,8587.395
2705,163840,GET,false,34.664
2706,2628,GET,false,5.54
2707,9576,GET,false,6.687
2708,1116,GET,true,4.21
2709,16384,GET,true,8.504
2710,2628,GET,true,4.791
2711,54394880,GET,false,8338.97
2712,2632,GET,false,5.609
2713,16187392,GET,false,2572.604
2714,1900,GET,true,5.032
2715,8568832,GET,true,1335.227
2716,6716,GET,true,6.361
2717,2420,GET,false,4.755
2718,1368,GET,true,4.469
2719,3342336,GET,false,517.847
2720,1900544,GET,false,296.98
2721,3000,GET,false,4.833
2722,1980,GET,false,4.703
2723,2632,GET,false,4.71
2724,6732,PUT,false,11.621
2725,2056,GET,true,4.582
2726,2628,GET,true,5.893
2727,1772,GET,true,4.787
2728,16384,GET,true,7.548
2729,86900736,GET,false,13337.602
2730,2628,GET,false,6.776
2731,2628,GET,false,6.88
2732,2162688,GET,true,338.624
2733,10764288,GET,true,1671.877
2734,14663680,GET,false,2272.103
2735,1146880,GET,true,197.489
2736,26443776,GET,false,4058.733
2737,5560,GET,false,6.358
2738,2628,GET,true,4.941
2739,9027584,GET,true,1404.391
2740,1916928,GET,false,300.039
2741,147456,GET,true,31.864
2742,86900736,GET,false,13401.583
2743,3342336,GET,false,519.544
2744,16384,GET,true,8.883
2745,33898496,GET,true,5219.485
2746,2620,GET,false,6.234
2747,3044,GET,true,5.545
2748,2260,GET,true,5.082
2749,5560,GET,true,5.928
2750,5062656,GET,true,793.678
2751,2628,GET,false,5.677
2752,9879552,GET,true,1520.414
2753,2628,GET,true,5.877
2754,2310144,GET,false,359.33
2755,4960,GET,false,6.198
2756,4960,GET,false,5.901
2757,1372,GET,true,5.299
2758,9338880,GET,false,1437.875
2759,2628,GET,false,6.247
2760,9338880,GET,true,1451.513
2761,2628,GET,false,5.251
2762,2620,GET,true,5.176
2763,2628,GET,false,5.241
2764,11500,GET,false,6.864
2765,2097152,GET,false,327.025
2766,5652,GET,false,6.277
2767,14663680,GET,true,2253.969
2768,3024,GET,false,6.291
2769,3860,GET,false,5.828
2770,2420,GET,false,4.809
2771,3000,GET,false,5.277
2772,32768,GET,true,10.391
2773,1332,GET,false,4.535
2774,9576,GET,false,6.336
2775,4960,GET,false,5.622
2776,16384,GET,true,7.598
2777,12284,GET,false,7.155
2778,2628,GET,true,4.484
2779,3342336,GET,true,518.254
2780,16384,GET,true,8.813
2781,2628,GET,true,5.466
2782,26443776,GET,true,4061.168
2783,9544,GET,true,6.817
2784,16384,GET,false,8.509
2785,2628,GET,false,4.681
2786,3342336,GET,false,517.849
2787,2628,GET,true,8.426
2788,3860,GET,true,5.934
2789,16187392,GET,false,2486.374
2790,1164,GET,true,5.506
2791,2628,GET,false,6.266
2792,2097152,GET,true,327.995
2793,16384,GET,false,8.316
2794,2344,GET,false,5.273
2795,30720000,GET,true,4720.225
2796,14663680,GET,true,2275.209
2797,2628,GET,true,5.142
2798,2628,GET,true,4.131
2799,10088,GET,true,7.413
2800,11500,GET,true,7.075
2801,1772,GET,true,4.684
2802,9027584,GET,false,1404.053
2803,2628,GET,true,6.91
2804,2628,GET,true,5.734
2805,2172,GET,false,5.696
2806,3342336,GET,true,517.464
2807,3000,GET,false,5.283
2808,294912,GET,true,57.0
2809,294912,GET,false,59.137
2810,86900736,GET,true,13325.671
2811,5560,GET,false,7.241
2812,3784,GET,false,6.141
2813,65536,GET,false,17.965
2814,3784,GET,false,5.263
2815,2628,GET,false,5.238
2816,1332,GET,false,4.2
2817,3342336,GET,false,518.741
2818,2628,GET,false,5.133
2819,3457024,GET,true,536.467
2820,26443776,GET,true,4089.927
2821,2628,GET,true,5.898
2822,6088,GET,true,6.96
2823,1896,GET,true,5.713
2824,2628,GET,true,6.005
2825,30720000,GET,false,4757.941
2826,1576,GET,false,15.114
2827,54394880,GET,false,8342.539
2828,2097152,GET,true,330.301
2829,54394880,GET,false,8355.178
2830,16384,GET,false,9.345
2831,131072,GET,true,27.943
2832,2628,GET,false,5.744
2833,16187392,GET,true,2502.168
2834,16384,GET,true,8.189
2835,12156,GET,true,6.815
2836,819200,GET,true,154.149
2837,4524,GET,false,6.107
2838,9371648,GET,true,1461.774
2839,57720832,GET,true,8873.835
2840,2628,GET,true,5.978
2841,2344,GET,true,5.151
2842,2628,GET,false,5.364
2843,6220,GET,false,5.964
2844,49577984,PUT,false,15555.009
2845,2628,GET,true,6.72
2846,9576,GET,true,6.689
2847,20365312,GET,true,3147.253
2848,196608,PUT,false,69.283
2849,3000,GET,false,5.511
2850,12156,GET,false,7.018
2851,14417920,GET,false,2214.766
2852,2804,GET,true,5.444
2853,2628,GET,true,5.236
2854,2628,GET,true,5.162
2855,1277952,GET,true,211.62
2856,17743872,GET,false,2727.035
2857,2628,GET,true,5.724
2858,1980,GET,false,4.729
2859,9338880,GET,true,1447.299
2860,2628,GET,true,5.612
2861,30720000,GET,true,4718.517
2862,2820,GET,true,5.36
2863,1900544,GET,false,297.819
2864,5016,GET,true,6.279
2865,9027584,GET,false,1395.478
2866,26443776,GET,true,4064.643
2867,2628,GET,true,5.691
2868,1356,GET,false,4.897
2869,671744,GET,false,124.994
2870,3784,GET,false,5.638
2871,4372,PUT,false,11.286
2872,2228,GET,false,5.18
2873,16187392,GET,false,2501.732
2874,16384,GET,false,7.7
2875,2996,GET,false,5.249
2876,51478528,GET,true,7896.836
2877,8956,GET,false,11.139
2878,3784,GET,true,6.391
2879,2195456,GET,false,342.845
2880,16384,GET,true,7.928
2881,671744,GET,false,127.671
2882,52412416,GET,true,8036.689
2883,2212,GET,true,5.728
2884,5390336,GET,true,835.01
2885,2420,GET,false,4.948
2886,16384,GET,false,8.026
2887,7476,GET,false,6.781
2888,671744,GET,false,124.432
2889,819200,GET,true,151.515
2890,12284,GET,false,6.781
2891,9544,GET,false,6.372
2892,32768,GET,true,10.578
2893,16384,GET,false,7.882
2894,2490368,GET,true,387.866
2895,11157504,GET,false,1728.49
2896,2628,GET,true,5.452
2897,2804,GET,true,4.782
2898,9576,GET,true,6.634
2899,9338880,GET,false,1454.627
2900,53903360,GET,false,8281.119
2901,4960,GET,true,6.506
2902,7344,GET,true,6.397
2903,3220,GET,true,5.445
2904,1236,GET,false,8.295
2905,2832,GET,true,5.45
2906,3936,GET,false,6.662
2907,26443776,GET,false,4076.555
2908,7052,GET,false,6.875
2909,9544,GET,true,6.968
2910,16384,GET,true,7.944
2911,1152,GET,false,4.162
2912,2832,GET,true,5.195
2913,51478528,GET,true,7898.672
2914,1368,GET,false,5.247
2915,2097152,GET,false,327.219
2916,3680,GET,false,8.548
2917,2628,GET,true,5.335
2918,2628,GET,false,5.004
2919,3860,GET,false,5.71
2920,2628,GET,true,5.54
2921,3000,GET,false,5.142
2922,2340,GET,true,5.24
2923,2632,GET,true,5.341
2924,29868032,GET,true,4600.15
2925,7200,GET,false,7.123
2926,54394880,GET,false,8346.288
2927,15548416,GET,false,2401.909
2928,3784,GET,false,5.999
2929,12284,GET,false,7.348
2930,1356,GET,true,4.457
2931,1336,GET,false,4.646
2932,1368,GET,true,4.678
2933,1900544,GET,false,342.118
2934,11500,GET,false,7.041
2935,2828,GET,false,5.346
2936,1128,GET,false,4.517
2937,3324,GET,true,23.341
2938,30720000,GET,false,4731.067
2939,2628,GET,false,5.276
2940,3522560,GET,false,546.705
2941,1064960,GET,true,186.252
2942,32768,GET,true,10.054
2943,1332,GET,true,4.417
2944,2949120,GET,true,470.238
2945,12284,GET,false,6.525
2946,3020,GET,false,5.252
2947,2244608,GET,true,349.386
2948,6004,GET,false,5.97
2949,86900736,GET,true,13322.173
2950,2628,GET,false,6.19
2951,2628,GET,false,5.323
2952,12284,GET,false,7.64
2953,12284,GET,true,6.994
2954,16384,PUT,false,14.11
2955,2195456,GET,false,344.322
2956,6904,GET,true,7.926
2957,30720000,GET,true,4720.557
2958,671744,GET,false,123.638
2959,196608,GET,true,39.406
2960,2632,GET,true,5.451
2961,2628,GET,true,4.412
2962,12284,GET,true,6.045
2963,65536,GET,false,15.886
2964,16384,GET,true,7.734
2965,2340,GET,false,5.262
2966,15548416,GET,false,2402.706
2967,2490368,GET,false,387.548
2968,655360,GET,false,121.111
2969,1156,GET,true,4.638
2970,2628,GET,false,4.892
2971,2804,GET,true,5.087
2972,12284,GET,false,6.577
2973,9544,GET,true,6.604
2974,2310144,GET,true,360.717
2975,1720,GET,false,4.734
2976,1116,GET,true,4.102
2977,7200,GET,true,6.206
2978,7200,GET,true,5.248
2979,3324,GET,true,5.119
2980,1277952,GET,true,224.706
2981,2080768,GET,true,324.019
2982,4572,GET,true,6.126
2983,2184,PUT,false,10.237
2984,16384,GET,true,7.6
2985,6680,GET,true,6.056
2986,9879552,GET,false,1520.611
2987,3260,GET,true,5.855
2988,49152,GET,false,13.372
2989,6920,GET,false,6.408
2990,1152,GET,true,4.316
2991,2420,GET,true,4.788
2992,2340,GET,false,4.915
2993,2804,GET,true,4.058
2994,3020,GET,false,4.892
2995,1760,GET,false,4.48
2996,16384,GET,false,7.562
2997,3342336,GET,true,518.026
2998,393216,GET,false,75.331
2999,2344,GET,true,4.869
3000,6928,GET,false,6.423
3001,2832,GET,false,5.37
3002,1156,GET,false,4.517
3003,2604,GET,false,4.503
3004,2195456,GET,true,342.605
3005,7344,GET,true,6.315
3006,3936,GET,false,5.683
3007,12284,GET,false,6.893
3008,6728,GET,true,6.205
3009,147456,GET,true,31.368
3010,33767424,GET,true,5195.598
3011,3856,GET,true,6.628
3012,2056,GET,true,5.533
3013,4524,GET,true,6.424
3014,51478528,GET,true,7896.994
3015,54394880,GET,false,8357.262
3016,2628,GET,false,5.575
3017,52412416,GET,false,8037.188
3018,2097152,GET,true,326.997
3019,2310144,GET,false,360.111
3020,182452224,GET,false,27967.925
3021,72876032,GET,true,11175.916
3022,2628,GET,true,5.248
3023,2340,GET,false,5.28
3024,2628,GET,false,4.606
3025,86900736,GET,true,13391.292
3026,2632,GET,false,6.015
3027,1156,GET,true,4.449
3028,2195456,GET,false,384.624
3029,16187392,GET,true,2490.174
3030,655360,GET,false,121.534
3031,16187392,GET,false,2487.575
3032,2097152,GET,true,326.456
3033,2344,GET,false,6.107
3034,3020,GET,false,5.136
3035,1916928,PUT,false,598.076
3036,671744,PUT,false,213.502
3037,2628,GET,true,5.085
3038,114688,PUT,false,43.149
3039,2804,GET,false,5.141
3040,4960,GET,true,5.597
3041,2996,GET,false,4.814
3042,2899968,GET,false,450.054
3043,1064960,GET,true,191.518
3044,3784,GET,true,5.975
3045,2056,PUT,false,9.96
3046,4528,GET,false,5.583
3047,3220,GET,true,5.617
3048,3936,GET,true,5.593
3049,2195456,GET,true,342.157
3050,91504640,GET,true,14046.625
3051,1772,GET,false,5.165
3052,6920,GET,true,6.547
3053,2828,GET,true,5.166
3054,1536,GET,true,4.512
3055,737280,GET,false,135.574
3056,1532,GET,false,4.809
3057,54394880,GET,true,8353.175
3058,2464,GET,false,6.211
3059,3860,GET,false,6.64
3060,2628,GET,false,4.71
3061,9027584,GET,false,1396.689
3062,52412416,GET,false,8049.24
3063,78348288,GET,true,12016.338
3064,27688960,GET,true,4267.359
3065,2260,GET,false,5.326
3066,1900,GET,true,5.03
3067,1336,GET,false,4.55
3068,1336,GET,true,4.553
3069,2828,GET,true,5.847
3070,6728,GET,false,6.585
3071,9240,GET,false,6.147
3072,4931584,GET,false,762.666
3073,2628,GET,false,5.326
3074,6720,GET,true,6.614
3075,278528,GET,true,54.839
3076,5344,GET,true,6.546
3077,3680,GET,true,5.602
3078,16384,GET,false,8.399
3079,12156,GET,false,6.655
3080,78348288,GET,true,12025.459
3081,10368,GET,true,8.259
3082,10368,GET,true,5.844
3083,16384,GET,false,8.079
3084,16384,GET,true,7.817
3085,278528,GET,true,54.705
